// 当前导出的C代码适配LVGL8
// 像素点格式：RGB565 
#ifdef __has_include
    #if __has_include("lvgl.h")
        #ifndef LV_LVGL_H_INCLUDE_SIMPLE
            #define LV_LVGL_H_INCLUDE_SIMPLE
        #endif
    #endif
#endif

#if defined(LV_LVGL_H_INCLUDE_SIMPLE)
    #include "lvgl.h"
#else
    #include "lvgl/lvgl.h"
#endif

#ifndef LV_ATTRIBUTE_MEM_ALIGN
#define LV_ATTRIBUTE_MEM_ALIGN
#endif

#ifndef LV_ATTRIBUTE_IMG_HEART_RATE
#define LV_ATTRIBUTE_IMG_HEART_RATE
#endif

const LV_ATTRIBUTE_MEM_ALIGN LV_ATTRIBUTE_LARGE_CONST LV_ATTRIBUTE_IMG_HEART_RATE uint8_t img_heart_rate_map[ ] = {
0xe0, 0x07, 0xe0, 0x07, 0xe0, 0x07, 0xe0, 0x07, 0xe0, 0x07, 0xe0, 0x07, 0xe0, 0x07, 0xe0, 0x07, 
0xe0, 0x07, 0xe0, 0x07, 0xe0, 0x07, 0xe0, 0x07, 0xe0, 0x07, 0xe0, 0x07, 0xe0, 0x07, 0xe0, 0x07, 
0xe0, 0x07, 0xe0, 0x07, 0xe0, 0x07, 0xe0, 0x07, 0xe0, 0x07, 0xe0, 0x07, 0xe0, 0x07, 0xe0, 0x07, 
0xe0, 0x07, 0xe0, 0x07, 0xe0, 0x07, 0xe0, 0x07, 0xe0, 0x07, 0xe0, 0x07, 0xe0, 0x07, 0xe0, 0x07, 
0xe0, 0x07, 0xe0, 0x07, 0xe0, 0x07, 0xe0, 0x07, 0xe0, 0x07, 0xe0, 0x07, 0xe0, 0x07, 0xe0, 0x07, 
0xe0, 0x07, 0xe0, 0x07, 0xe0, 0x07, 0xe0, 0x07, 0xe0, 0x07, 0xe0, 0x07, 0xe0, 0x07, 0xe0, 0x07, 
0xe0, 0x07, 0xe0, 0x07, 0xe0, 0x07, 0xe0, 0x07, 0xe0, 0x07, 0xe0, 0x07, 0xe0, 0x07, 0xe0, 0x07, 
0xe0, 0x07, 0xe0, 0x07, 0xe0, 0x07, 0xe0, 0x07, 0xe0, 0x07, 0xe0, 0x07, 0xe0, 0x07, 0xe0, 0x07, 
0xe0, 0x07, 0xe0, 0x07, 0xe0, 0x07, 0xe0, 0x07, 0xe0, 0x07, 0xe0, 0x07, 0xe0, 0x07, 0xe0, 0x07, 
0xe0, 0x07, 0xe0, 0x07, 0xe0, 0x07, 0xe0, 0x07, 0xe0, 0x07, 0xe0, 0x07, 0xe0, 0x07, 0xe0, 0x07, 
0xe0, 0x07, 0xe0, 0x07, 0xe0, 0x07, 0xe0, 0x07, 0xe0, 0x07, 0xe0, 0x07, 0xe0, 0x07, 0xe0, 0x07, 
0xe0, 0x07, 0xe0, 0x07, 0xe0, 0x07, 0xe0, 0x07, 0xe0, 0x07, 0xe0, 0x07, 0xe0, 0x07, 0xe0, 0x07, 
0xe0, 0x07, 0xe0, 0x07, 0xe0, 0x07, 0xe0, 0x07, 0xe0, 0x07, 0xe0, 0x07, 0xe0, 0x07, 0xe0, 0x07, 
0xe0, 0x07, 0xe0, 0x07, 0xe0, 0x07, 0xe0, 0x07, 0xe0, 0x07, 0xe0, 0x07, 0xe0, 0x07, 0xe0, 0x07, 
0xe0, 0x07, 0xe0, 0x07, 0xe0, 0x07, 0xe0, 0x07, 0xe0, 0x07, 0xe0, 0x07, 0xe0, 0x07, 0xe0, 0x07, 
0xe0, 0x07, 0xe0, 0x07, 0xe0, 0x07, 0xe0, 0x07, 0xe0, 0x07, 0xe0, 0x07, 0xe0, 0x07, 0xe0, 0x07, 
0xe0, 0x07, 0xe0, 0x07, 0xe0, 0x07, 0xe0, 0x07, 0xe0, 0x07, 0xe0, 0x07, 0xe0, 0x07, 0xe0, 0x07, 
0xe0, 0x07, 0xe0, 0x07, 0xe0, 0x07, 0xe0, 0x07, 0xe0, 0x07, 0xe0, 0x07, 0xe0, 0x07, 0xe0, 0x07, 
0xe0, 0x07, 0xe0, 0x07, 0xe0, 0x07, 0xe0, 0x07, 0xe0, 0x07, 0xe0, 0x07, 0xe0, 0x07, 0xe0, 0x07, 
0xe0, 0x07, 0xe0, 0x07, 0xe0, 0x07, 0xe0, 0x07, 0xe0, 0x07, 0xe0, 0x07, 0xe0, 0x07, 0xe0, 0x07, 
0xe0, 0x07, 0xe0, 0x07, 0xe0, 0x07, 0xe0, 0x07, 0xe0, 0x07, 0xe0, 0x07, 0xe0, 0x07, 0xe0, 0x07, 
0xe0, 0x07, 0xe0, 0x07, 0xe0, 0x07, 0xe0, 0x07, 0xe0, 0x07, 0xe0, 0x07, 0xe0, 0x07, 0xe0, 0x07, 
0xe0, 0x07, 0xe0, 0x07, 0xe0, 0x07, 0xe0, 0x07, 0xe0, 0x07, 0xe0, 0x07, 0xe0, 0x07, 0xe0, 0x07, 
0xe0, 0x07, 0xe0, 0x07, 0xe0, 0x07, 0xe0, 0x07, 0xe0, 0x07, 0xe0, 0x07, 0xe0, 0x07, 0xe0, 0x07, 
0xe0, 0x07, 0xe0, 0x07, 0xe0, 0x07, 0xe0, 0x07, 0xe0, 0x07, 0xe0, 0x07, 0xe0, 0x07, 0xe0, 0x07, 
0xe0, 0x07, 0xe0, 0x07, 0xe0, 0x07, 0xe0, 0x07, 0xe0, 0x07, 0xe0, 0x07, 0xe0, 0x07, 0xe0, 0x07, 
0xe0, 0x07, 0xe0, 0x07, 0xe0, 0x07, 0xe0, 0x07, 0xe0, 0x07, 0xe0, 0x07, 0xe0, 0x07, 0xe0, 0x07, 
0xe0, 0x07, 0xe0, 0x07, 0xe0, 0x07, 0xe0, 0x07, 0xe0, 0x07, 0xe0, 0x07, 0xe0, 0x07, 0xe0, 0x07, 
0xe0, 0x07, 0xe0, 0x07, 0xe0, 0x07, 0xe0, 0x07, 0xe0, 0x07, 0xe0, 0x07, 0xe0, 0x07, 0xe0, 0x07, 
0xe0, 0x07, 0xe0, 0x07, 0xe0, 0x07, 0xe0, 0x07, 0xe0, 0x07, 0xe0, 0x07, 0xe0, 0x07, 0xe0, 0x07, 
0xe0, 0x07, 0xe0, 0x07, 0xe0, 0x07, 0xe0, 0x07, 0xe0, 0x07, 0xe0, 0x07, 0xe0, 0x07, 0xe0, 0x07, 
0xe0, 0x07, 0xe0, 0x07, 0xe0, 0x07, 0xe0, 0x07, 0xe0, 0x07, 0xe0, 0x07, 0xe0, 0x07, 0xe0, 0x07, 
0xe0, 0x07, 0xe0, 0x07, 0xe0, 0x07, 0xe0, 0x07, 0xe0, 0x07, 0xe0, 0x07, 0xe0, 0x07, 0xe0, 0x07, 
0xe0, 0x07, 0xe0, 0x07, 0xe0, 0x07, 0xe0, 0x07, 0xe0, 0x07, 0xe0, 0x07, 0xe0, 0x07, 0xe0, 0x07, 
0xe0, 0x07, 0xe0, 0x07, 0xe0, 0x07, 0xe0, 0x07, 0xe0, 0x07, 0xe0, 0x07, 0xe0, 0x07, 0xe0, 0x07, 
0xe0, 0x07, 0xe0, 0x07, 0xe0, 0x07, 0xe0, 0x07, 0xe0, 0x07, 0xe0, 0x07, 0xe0, 0x07, 0xe0, 0x07, 
0xe0, 0x07, 0xe0, 0x07, 0xe0, 0x07, 0xe0, 0x07, 0xe0, 0x07, 0xe0, 0x07, 0xe0, 0x07, 0xe0, 0x07, 
0xe0, 0x07, 0xe0, 0x07, 0xe0, 0x07, 0xe0, 0x07, 0xe0, 0x07, 0xe0, 0x07, 0xe0, 0x07, 0xe0, 0x07, 
0xe0, 0x07, 0xe0, 0x07, 0xe0, 0x07, 0xe0, 0x07, 0xe0, 0x07, 0xe0, 0x07, 0xe0, 0x07, 0xe0, 0x07, 
0xe0, 0x07, 0xe0, 0x07, 0xe0, 0x07, 0xe0, 0x07, 0xe0, 0x07, 0xe0, 0x07, 0xe0, 0x07, 0xe0, 0x07, 
0xe0, 0x07, 0xe0, 0x07, 0xe0, 0x07, 0xe0, 0x07, 0xe0, 0x07, 0xe0, 0x07, 0xe0, 0x07, 0xe0, 0x07, 
0xe0, 0x07, 0xe0, 0x07, 0xe0, 0x07, 0xe0, 0x07, 0xe0, 0x07, 0xe0, 0x07, 0xe0, 0x07, 0xe0, 0x07, 
0xe0, 0x07, 0xe0, 0x07, 0xe0, 0x07, 0xe0, 0x07, 0xe0, 0x07, 0xe0, 0x07, 0xe0, 0x07, 0xe0, 0x07, 
0xe0, 0x07, 0xe0, 0x07, 0xe0, 0x07, 0xe0, 0x07, 0xe0, 0x07, 0xe0, 0x07, 0xe0, 0x07, 0xe0, 0x07, 
0xe0, 0x07, 0xe0, 0x07, 0xe0, 0x07, 0xe0, 0x07, 0xe0, 0x07, 0xe0, 0x07, 0xe0, 0x07, 0xe0, 0x07, 
0xe0, 0x07, 0xe0, 0x07, 0xe0, 0x07, 0xe0, 0x07, 0xe0, 0x07, 0xe0, 0x07, 0xe0, 0x07, 0xe0, 0x07, 
0xe0, 0x07, 0xe0, 0x07, 0xe0, 0x07, 0xe0, 0x07, 0xe0, 0x07, 0xe0, 0x07, 0xe0, 0x07, 0xe0, 0x07, 
0xe0, 0x07, 0xe0, 0x07, 0xe0, 0x07, 0xe0, 0x07, 0xe0, 0x07, 0xe0, 0x07, 0xe0, 0x07, 0xe0, 0x07, 
0xe0, 0x07, 0xe0, 0x07, 0xe0, 0x07, 0xe0, 0x07, 0xe0, 0x07, 0xe0, 0x07, 0xe0, 0x07, 0xe0, 0x07, 
0xe0, 0x07, 0xe0, 0x07, 0xe0, 0x07, 0xe0, 0x07, 0xe0, 0x07, 0xe0, 0x07, 0xe0, 0x07, 0xe0, 0x07, 
0xe0, 0x07, 0xe0, 0x07, 0xe0, 0x07, 0xe0, 0x07, 0xe0, 0x07, 0xe0, 0x07, 0xe0, 0x07, 0xe0, 0x07, 
0xe0, 0x07, 0xe0, 0x07, 0xe0, 0x07, 0xe0, 0x07, 0xe0, 0x07, 0xe0, 0x07, 0xe0, 0x07, 0xe0, 0x07, 
0xe0, 0x07, 0xe0, 0x07, 0xe0, 0x07, 0xe0, 0x07, 0xe0, 0x07, 0xe0, 0x07, 0xe0, 0x07, 0xe0, 0x07, 
0xe0, 0x07, 0xe0, 0x07, 0xe0, 0x07, 0xe0, 0x07, 0xe0, 0x07, 0xe0, 0x07, 0xe0, 0x07, 0xe0, 0x07, 
0xe0, 0x07, 0xe0, 0x07, 0xe0, 0x07, 0xe0, 0x07, 0xe0, 0x07, 0xe0, 0x07, 0xe0, 0x07, 0xe0, 0x07, 
0xe0, 0x07, 0xe0, 0x07, 0xe0, 0x07, 0xe0, 0x07, 0xe0, 0x07, 0xe0, 0x07, 0xe0, 0x07, 0xe0, 0x07, 
0xe0, 0x07, 0xe0, 0x07, 0xe0, 0x07, 0xe0, 0x07, 0xe0, 0x07, 0xe0, 0x07, 0xe0, 0x07, 0xe0, 0x07, 
0xe0, 0x07, 0xe0, 0x07, 0xe0, 0x07, 0xe0, 0x07, 0xe0, 0x07, 0xe0, 0x07, 0xe0, 0x07, 0xe0, 0x07, 
0xe0, 0x07, 0xe0, 0x07, 0xe0, 0x07, 0xe0, 0x07, 0xe0, 0x07, 0xe0, 0x07, 0xe0, 0x07, 0xe0, 0x07, 
0xe0, 0x07, 0xe0, 0x07, 0xe0, 0x07, 0xe0, 0x07, 0xe0, 0x07, 0xe0, 0x07, 0xe0, 0x07, 0xe0, 0x07, 
0xe0, 0x07, 0xe0, 0x07, 0xe0, 0x07, 0xe0, 0x07, 0xe0, 0x07, 0xe0, 0x07, 0xe0, 0x07, 0xe0, 0x07, 
0xe0, 0x07, 0xe0, 0x07, 0xe0, 0x07, 0xe0, 0x07, 0xe0, 0x07, 0xe0, 0x07, 0xe0, 0x07, 0xe0, 0x07, 
0xe0, 0x07, 0xe0, 0x07, 0xe0, 0x07, 0xe0, 0x07, 0xe0, 0x07, 0xe0, 0x07, 0xe0, 0x07, 0xe0, 0x07, 
0xe0, 0x07, 0xe0, 0x07, 0xe0, 0x07, 0xe0, 0x07, 0xe0, 0x07, 0xe0, 0x07, 0xe0, 0x07, 0xe0, 0x07, 
0xe0, 0x07, 0xe0, 0x07, 0xe0, 0x07, 0xe0, 0x07, 0xe0, 0x07, 0xe0, 0x07, 0xe0, 0x07, 0xe0, 0x07, 
0xe0, 0x07, 0xe0, 0x07, 0xe0, 0x07, 0xe0, 0x07, 0xe0, 0x07, 0xe0, 0x07, 0xe0, 0x07, 0xe0, 0x07, 
0xe0, 0x07, 0xe0, 0x07, 0xe0, 0x07, 0xe0, 0x07, 0xe0, 0x07, 0xe0, 0x07, 0xe0, 0x07, 0xe0, 0x07, 
0xe0, 0x07, 0xe0, 0x07, 0xe0, 0x07, 0xe0, 0x07, 0xe0, 0x07, 0xe0, 0x07, 0xe0, 0x07, 0xe0, 0x07, 
0xe0, 0x07, 0xe0, 0x07, 0xe0, 0x07, 0xe0, 0x07, 0xe0, 0x07, 0xe0, 0x07, 0xe0, 0x07, 0xe0, 0x07, 
0xe0, 0x07, 0xe0, 0x07, 0xe0, 0x07, 0xe0, 0x07, 0xe0, 0x07, 0xe0, 0x07, 0xe0, 0x07, 0xe0, 0x07, 
0xe0, 0x07, 0xe0, 0x07, 0xe0, 0x07, 0xe0, 0x07, 0xe0, 0x07, 0xe0, 0x07, 0xe0, 0x07, 0xe0, 0x07, 
0xe0, 0x07, 0xe0, 0x07, 0xe0, 0x07, 0xe0, 0x07, 0xe0, 0x07, 0xe0, 0x07, 0xe0, 0x07, 0xe0, 0x07, 
0xe0, 0x07, 0xe0, 0x07, 0xe0, 0x07, 0xe0, 0x07, 0xe0, 0x07, 0xe0, 0x07, 0xe0, 0x07, 0xe0, 0x07, 
0xe0, 0x07, 0xe0, 0x07, 0xe0, 0x07, 0xe0, 0x07, 0xe0, 0x07, 0xe0, 0x07, 0xe0, 0x07, 0xe0, 0x07, 
0xe0, 0x07, 0xe0, 0x07, 0xe0, 0x07, 0xe0, 0x07, 0xe0, 0x07, 0xe0, 0x07, 0xe0, 0x07, 0xe0, 0x07, 
0xe0, 0x07, 0xe0, 0x07, 0xe0, 0x07, 0xe0, 0x07, 0xe0, 0x07, 0xe0, 0x07, 0xe0, 0x07, 0xe0, 0x07, 
0xe0, 0x07, 0xe0, 0x07, 0xe0, 0x07, 0xe0, 0x07, 0xe0, 0x07, 0xe0, 0x07, 0xe0, 0x07, 0xe0, 0x07, 
0xe0, 0x07, 0xe0, 0x07, 0xe0, 0x07, 0xe0, 0x07, 0xe0, 0x07, 0xe0, 0x07, 0xe0, 0x07, 0xe0, 0x07, 
0xe0, 0x07, 0xe0, 0x07, 0xe0, 0x07, 0xe0, 0x07, 0xe0, 0x07, 0xe0, 0x07, 0xe0, 0x07, 0xe0, 0x07, 
0xe0, 0x07, 0xe0, 0x07, 0xe0, 0x07, 0xe0, 0x07, 0xe0, 0x07, 0xe0, 0x07, 0xe0, 0x07, 0xe0, 0x07, 
0xe0, 0x07, 0xe0, 0x07, 0xe0, 0x07, 0xe0, 0x07, 0xe0, 0x07, 0xe0, 0x07, 0xe0, 0x07, 0xe0, 0x07, 
0xe0, 0x07, 0xe0, 0x07, 0xe0, 0x07, 0xe0, 0x07, 0xe0, 0x07, 0xe0, 0x07, 0xe0, 0x07, 0xe0, 0x07, 
0xe0, 0x07, 0xe0, 0x07, 0xe0, 0x07, 0xe0, 0x07, 0xe0, 0x07, 0xe0, 0x07, 0xe0, 0x07, 0xe0, 0x07, 
0xe0, 0x07, 0xe0, 0x07, 0xe0, 0x07, 0xe0, 0x07, 0xe0, 0x07, 0xe0, 0x07, 0xe0, 0x07, 0xe0, 0x07, 
0xe0, 0x07, 0xe0, 0x07, 0xe0, 0x07, 0xe0, 0x07, 0xe0, 0x07, 0xe0, 0x07, 0xe0, 0x07, 0xe0, 0x07, 
0xe0, 0x07, 0xe0, 0x07, 0xe0, 0x07, 0xe0, 0x07, 0xe0, 0x07, 0xe0, 0x07, 0xe0, 0x07, 0xe0, 0x07, 
0xe0, 0x07, 0xe0, 0x07, 0xe0, 0x07, 0xe0, 0x07, 0xe0, 0x07, 0xe0, 0x07, 0xe0, 0x07, 0xe0, 0x07, 
0xe0, 0x07, 0xe0, 0x07, 0xe0, 0x07, 0xe0, 0x07, 0xe0, 0x07, 0xe0, 0x07, 0xe0, 0x07, 0xe0, 0x07, 
0xe0, 0x07, 0xe0, 0x07, 0xe0, 0x07, 0xe0, 0x07, 0xe0, 0x07, 0xe0, 0x07, 0xe0, 0x07, 0xe0, 0x07, 
0xe0, 0x07, 0xe0, 0x07, 0xe0, 0x07, 0xe0, 0x07, 0xe0, 0x07, 0xe0, 0x07, 0xe0, 0x07, 0xe0, 0x07, 
0xe0, 0x07, 0xe0, 0x07, 0xe0, 0x07, 0xe0, 0x07, 0xe0, 0x07, 0xe0, 0x07, 0xe0, 0x07, 0xe0, 0x07, 
0xe0, 0x07, 0xe0, 0x07, 0xe0, 0x07, 0xe0, 0x07, 0xe0, 0x07, 0xe0, 0x07, 0xe0, 0x07, 0xe0, 0x07, 
0xe0, 0x07, 0xe0, 0x07, 0xe0, 0x07, 0xe0, 0x07, 0xe0, 0x07, 0xe0, 0x07, 0xe0, 0x07, 0xe0, 0x07, 
0xe0, 0x07, 0xe0, 0x07, 0xe0, 0x07, 0xe0, 0x07, 0xe0, 0x07, 0xe0, 0x07, 0xe0, 0x07, 0xe0, 0x07, 
0xe0, 0x07, 0xe0, 0x07, 0xe0, 0x07, 0xe0, 0x07, 0xe0, 0x07, 0xe0, 0x07, 0xe0, 0x07, 0xe0, 0x07, 
0xe0, 0x07, 0xe0, 0x07, 0xe0, 0x07, 0xe0, 0x07, 0xe0, 0x07, 0xe0, 0x07, 0xe0, 0x07, 0xe0, 0x07, 
0xe0, 0x07, 0xe0, 0x07, 0xe0, 0x07, 0xe0, 0x07, 0xe0, 0x07, 0xe0, 0x07, 0xe0, 0x07, 0xe0, 0x07, 
0xe0, 0x07, 0xe0, 0x07, 0xe0, 0x07, 0xe0, 0x07, 0xe0, 0x07, 0xe0, 0x07, 0xe0, 0x07, 0xe0, 0x07, 
0xe0, 0x07, 0xe0, 0x07, 0xe0, 0x07, 0xe0, 0x07, 0xe0, 0x07, 0xe0, 0x07, 0xe0, 0x07, 0xe0, 0x07, 
0xe0, 0x07, 0xe0, 0x07, 0xe0, 0x07, 0xe0, 0x07, 0xe0, 0x07, 0xe0, 0x07, 0xe0, 0x07, 0xe0, 0x07, 
0xe0, 0x07, 0xe0, 0x07, 0xe0, 0x07, 0xe0, 0x07, 0xe0, 0x07, 0xe0, 0x07, 0xe0, 0x07, 0xe0, 0x07, 
0xe0, 0x07, 0xe0, 0x07, 0xe0, 0x07, 0xe0, 0x07, 0xe0, 0x07, 0xe0, 0x07, 0xe0, 0x07, 0xe0, 0x07, 
0xe0, 0x07, 0xe0, 0x07, 0xe0, 0x07, 0xe0, 0x07, 0xe0, 0x07, 0xe0, 0x07, 0xe0, 0x07, 0xe0, 0x07, 
0xe0, 0x07, 0xe0, 0x07, 0xe0, 0x07, 0xe0, 0x07, 0xe0, 0x07, 0xe0, 0x07, 0xe0, 0x07, 0xe0, 0x07, 
0xe0, 0x07, 0xe0, 0x07, 0xe0, 0x07, 0xe0, 0x07, 0xe0, 0x07, 0xe0, 0x07, 0xe0, 0x07, 0xe0, 0x07, 
0xe0, 0x07, 0xe0, 0x07, 0xe0, 0x07, 0xe0, 0x07, 0xe0, 0x07, 0xe0, 0x07, 0xe0, 0x07, 0xe0, 0x07, 
0xe0, 0x07, 0xe0, 0x07, 0xe0, 0x07, 0xe0, 0x07, 0xe0, 0x07, 0xe0, 0x07, 0xe0, 0x07, 0xe0, 0x07, 
0xe0, 0x07, 0xe0, 0x07, 0xe0, 0x07, 0xe0, 0x07, 0xe0, 0x07, 0xe0, 0x07, 0xe0, 0x07, 0xe0, 0x07, 
0xe0, 0x07, 0xe0, 0x07, 0xe0, 0x07, 0xe0, 0x07, 0xe0, 0x07, 0xe0, 0x07, 0xe0, 0x07, 0xe0, 0x07, 
0xe0, 0x07, 0xe0, 0x07, 0xe0, 0x07, 0xe0, 0x07, 0xe0, 0x07, 0xe0, 0x07, 0xe0, 0x07, 0xe0, 0x07, 
0xe0, 0x07, 0xe0, 0x07, 0xe0, 0x07, 0xe0, 0x07, 0xe0, 0x07, 0xe0, 0x07, 0xe0, 0x07, 0xe0, 0x07, 
0xe0, 0x07, 0xe0, 0x07, 0xe0, 0x07, 0xe0, 0x07, 0xe0, 0x07, 0xe0, 0x07, 0xe0, 0x07, 0xe0, 0x07, 
0xe0, 0x07, 0xe0, 0x07, 0xe0, 0x07, 0xe0, 0x07, 0xe0, 0x07, 0xe0, 0x07, 0xe0, 0x07, 0xe0, 0x07, 
0xe0, 0x07, 0xe0, 0x07, 0xe0, 0x07, 0xe0, 0x07, 0xe0, 0x07, 0xe0, 0x07, 0xe0, 0x07, 0xe0, 0x07, 
0xe0, 0x07, 0xe0, 0x07, 0xe0, 0x07, 0xe0, 0x07, 0xe0, 0x07, 0xe0, 0x07, 0xe0, 0x07, 0xe0, 0x07, 
0xe0, 0x07, 0xe0, 0x07, 0xe0, 0x07, 0xe0, 0x07, 0xe0, 0x07, 0xe0, 0x07, 0xe0, 0x07, 0xe0, 0x07, 
0xe0, 0x07, 0xe0, 0x07, 0xe0, 0x07, 0xe0, 0x07, 0xe0, 0x07, 0xe0, 0x07, 0xe0, 0x07, 0xe0, 0x07, 
0xe0, 0x07, 0xe0, 0x07, 0xe0, 0x07, 0xe0, 0x07, 0xe0, 0x07, 0xe0, 0x07, 0xe0, 0x07, 0xe0, 0x07, 
0xe0, 0x07, 0xe0, 0x07, 0xe0, 0x07, 0xe0, 0x07, 0xe0, 0x07, 0xe0, 0x07, 0xe0, 0x07, 0xe0, 0x07, 
0xe0, 0x07, 0xe0, 0x07, 0xe0, 0x07, 0xe0, 0x07, 0xe0, 0x07, 0xe0, 0x07, 0xe0, 0x07, 0xe0, 0x07, 
0xe0, 0x07, 0xe0, 0x07, 0xe0, 0x07, 0xe0, 0x07, 0xe0, 0x07, 0xe0, 0x07, 0xe0, 0x07, 0xe0, 0x07, 
0xe0, 0x07, 0xe0, 0x07, 0xe0, 0x07, 0xe0, 0x07, 0xe0, 0x07, 0xe0, 0x07, 0xe0, 0x07, 0xe0, 0x07, 
0xe0, 0x07, 0xe0, 0x07, 0xe0, 0x07, 0xe0, 0x07, 0xe0, 0x07, 0xe0, 0x07, 0xe0, 0x07, 0xe0, 0x07, 
0xe0, 0x07, 0xe0, 0x07, 0xe0, 0x07, 0xe0, 0x07, 0xe0, 0x07, 0xe0, 0x07, 0xe0, 0x07, 0xe0, 0x07, 
0xe0, 0x07, 0xe0, 0x07, 0xe0, 0x07, 0xe0, 0x07, 0xe0, 0x07, 0xe0, 0x07, 0xe0, 0x07, 0xe0, 0x07, 
0xe0, 0x07, 0xe0, 0x07, 0xe0, 0x07, 0xe0, 0x07, 0xe0, 0x07, 0xe0, 0x07, 0xe0, 0x07, 0xe0, 0x07, 
0xe0, 0x07, 0xe0, 0x07, 0xe0, 0x07, 0xe0, 0x07, 0xe0, 0x07, 0xe0, 0x07, 0xe0, 0x07, 0xe0, 0x07, 
0xe0, 0x07, 0xe0, 0x07, 0xe0, 0x07, 0xe0, 0x07, 0xe0, 0x07, 0xe0, 0x07, 0xe0, 0x07, 0xe0, 0x07, 
0xe0, 0x07, 0xe0, 0x07, 0xe0, 0x07, 0xe0, 0x07, 0xe0, 0x07, 0xe0, 0x07, 0xe0, 0x07, 0xe0, 0x07, 
0xe0, 0x07, 0xe0, 0x07, 0xe0, 0x07, 0xe0, 0x07, 0xe0, 0x07, 0xe0, 0x07, 0xe0, 0x07, 0xe0, 0x07, 
0xe0, 0x07, 0xe0, 0x07, 0xe0, 0x07, 0xe0, 0x07, 0xe0, 0x07, 0xe0, 0x07, 0xe0, 0x07, 0xe0, 0x07, 
0xe0, 0x07, 0xe0, 0x07, 0xe0, 0x07, 0xe0, 0x07, 0xe0, 0x07, 0xe0, 0x07, 0xe0, 0x07, 0xe0, 0x07, 
0xe0, 0x07, 0xe0, 0x07, 0xe0, 0x07, 0xe0, 0x07, 0xe0, 0x07, 0xe0, 0x07, 0xe0, 0x07, 0xe0, 0x07, 
0xe0, 0x07, 0xe0, 0x07, 0xe0, 0x07, 0xe0, 0x07, 0xe0, 0x07, 0xe0, 0x07, 0xe0, 0x07, 0xe0, 0x07, 
0xe0, 0x07, 0xe0, 0x07, 0xe0, 0x07, 0xe0, 0x07, 0xe0, 0x07, 0xe0, 0x07, 0xe0, 0x07, 0xe0, 0x07, 
0xe0, 0x07, 0xe0, 0x07, 0xe0, 0x07, 0xe0, 0x07, 0xe0, 0x07, 0xe0, 0x07, 0xe0, 0x07, 0xe0, 0x07, 
0xe0, 0x07, 0xe0, 0x07, 0xe0, 0x07, 0xe0, 0x07, 0xe0, 0x07, 0xe0, 0x07, 0xe0, 0x07, 0xe0, 0x07, 
0xe0, 0x07, 0xe0, 0x07, 0xe0, 0x07, 0xe0, 0x07, 0xe0, 0x07, 0xe0, 0x07, 0xe0, 0x07, 0xe0, 0x07, 
0xe0, 0x07, 0xe0, 0x07, 0xe0, 0x07, 0xe0, 0x07, 0xe0, 0x07, 0xe0, 0x07, 0xe0, 0x07, 0xe0, 0x07, 
0xe0, 0x07, 0xe0, 0x07, 0xe0, 0x07, 0xe0, 0x07, 0xe0, 0x07, 0xe0, 0x07, 0xe0, 0x07, 0xe0, 0x07, 
0xe0, 0x07, 0xe0, 0x07, 0xe0, 0x07, 0xe0, 0x07, 0xe0, 0x07, 0xe0, 0x07, 0xe0, 0x07, 0xe0, 0x07, 
0xe0, 0x07, 0xe0, 0x07, 0xe0, 0x07, 0xe0, 0x07, 0xe0, 0x07, 0xe0, 0x07, 0xe0, 0x07, 0xe0, 0x07, 
0xe0, 0x07, 0xe0, 0x07, 0xe0, 0x07, 0xe0, 0x07, 0xe0, 0x07, 0xe0, 0x07, 0xe0, 0x07, 0xe0, 0x07, 
0xe0, 0x07, 0xe0, 0x07, 0xe0, 0x07, 0xe0, 0x07, 0xe0, 0x07, 0xe0, 0x07, 0xe0, 0x07, 0xe0, 0x07, 
0xe0, 0x07, 0xe0, 0x07, 0xe0, 0x07, 0xe0, 0x07, 0xe0, 0x07, 0xe0, 0x07, 0xe0, 0x07, 0xe0, 0x07, 
0xe0, 0x07, 0xe0, 0x07, 0xe0, 0x07, 0xe0, 0x07, 0xe0, 0x07, 0xe0, 0x07, 0xe0, 0x07, 0xe0, 0x07, 
0xe0, 0x07, 0xe0, 0x07, 0xe0, 0x07, 0xe0, 0x07, 0xe0, 0x07, 0xe0, 0x07, 0xe0, 0x07, 0xe0, 0x07, 
0xe0, 0x07, 0xe0, 0x07, 0xe0, 0x07, 0xe0, 0x07, 0xe0, 0x07, 0xe0, 0x07, 0xe0, 0x07, 0xe0, 0x07, 
0xe0, 0x07, 0xe0, 0x07, 0xe0, 0x07, 0xe0, 0x07, 0xe0, 0x07, 0xe0, 0x07, 0xe0, 0x07, 0xe0, 0x07, 
0xe0, 0x07, 0xe0, 0x07, 0xe0, 0x07, 0xe0, 0x07, 0xe0, 0x07, 0xe0, 0x07, 0xe0, 0x07, 0xe0, 0x07, 
0xe0, 0x07, 0xe0, 0x07, 0xe0, 0x07, 0xe0, 0x07, 0xe0, 0x07, 0xe0, 0x07, 0xe0, 0x07, 0xe0, 0x07, 
0xe0, 0x07, 0xe0, 0x07, 0xe0, 0x07, 0xe0, 0x07, 0xe0, 0x07, 0xe0, 0x07, 0xe0, 0x07, 0xe0, 0x07, 
0xe0, 0x07, 0xe0, 0x07, 0xe0, 0x07, 0xe0, 0x07, 0xe0, 0x07, 0xe0, 0x07, 0xe0, 0x07, 0xe0, 0x07, 
0xe0, 0x07, 0xe0, 0x07, 0xe0, 0x07, 0xe0, 0x07, 0xe0, 0x07, 0xe0, 0x07, 0xe0, 0x07, 0xe0, 0x07, 
0xe0, 0x07, 0xe0, 0x07, 0xe0, 0x07, 0xe0, 0x07, 0xe0, 0x07, 0xe0, 0x07, 0xe0, 0x07, 0xe0, 0x07, 
0xe0, 0x07, 0xe0, 0x07, 0xe0, 0x07, 0xe0, 0x07, 0xe0, 0x07, 0xe0, 0x07, 0xe0, 0x07, 0xe0, 0x07, 
0xe0, 0x07, 0xe0, 0x07, 0xe0, 0x07, 0xe0, 0x07, 0xe0, 0x07, 0xe0, 0x07, 0xe0, 0x07, 0xe0, 0x07, 
0xe0, 0x07, 0xe0, 0x07, 0xe0, 0x07, 0xe0, 0x07, 0xe0, 0x07, 0xe0, 0x07, 0xe0, 0x07, 0xe0, 0x07, 
0xe0, 0x07, 0xe0, 0x07, 0xe0, 0x07, 0xe0, 0x07, 0xe0, 0x07, 0xe0, 0x07, 0xe0, 0x07, 0xe0, 0x07, 
0xe0, 0x07, 0xe0, 0x07, 0xe0, 0x07, 0xe0, 0x07, 0xe0, 0x07, 0xe0, 0x07, 0xe0, 0x07, 0xe0, 0x07, 
0xe0, 0x07, 0xe0, 0x07, 0xe0, 0x07, 0xe0, 0x07, 0xe0, 0x07, 0xe0, 0x07, 0xe0, 0x07, 0xe0, 0x07, 
0xe0, 0x07, 0xe0, 0x07, 0xe0, 0x07, 0xe0, 0x07, 0xe0, 0x07, 0xe0, 0x07, 0xe0, 0x07, 0xe0, 0x07, 
0xe0, 0x07, 0xe0, 0x07, 0xe0, 0x07, 0xe0, 0x07, 0xe0, 0x07, 0xe0, 0x07, 0xe0, 0x07, 0xe0, 0x07, 
0xe0, 0x07, 0xe0, 0x07, 0xe0, 0x07, 0xe0, 0x07, 0xe0, 0x07, 0xe0, 0x07, 0xe0, 0x07, 0xe0, 0x07, 
0xe0, 0x07, 0xe0, 0x07, 0xe0, 0x07, 0xe0, 0x07, 0xe0, 0x07, 0xf8, 0xb5, 0xae, 0x3a, 0x4c, 0x2a, 
0x6d, 0x32, 0x4c, 0x2a, 0x6d, 0x32, 0x4c, 0x2a, 0x6d, 0x32, 0x4c, 0x2a, 0x6d, 0x32, 0x4c, 0x2a, 
0x6d, 0x32, 0xad, 0x3a, 0xd2, 0x63, 0x19, 0xb6, 0xe0, 0x07, 0xe0, 0x07, 0xe0, 0x07, 0xe0, 0x07, 
0xe0, 0x07, 0xe0, 0x07, 0xe0, 0x07, 0xe0, 0x07, 0xe0, 0x07, 0xe0, 0x07, 0xe0, 0x07, 0xe0, 0x07, 
0xe0, 0x07, 0xe0, 0x07, 0xe0, 0x07, 0xe0, 0x07, 0xe0, 0x07, 0xe0, 0x07, 0xe0, 0x07, 0xe0, 0x07, 
0xe0, 0x07, 0xe0, 0x07, 0xe0, 0x07, 0xe0, 0x07, 0xe0, 0x07, 0xe0, 0x07, 0xe0, 0x07, 0xe0, 0x07, 
0xe0, 0x07, 0xe0, 0x07, 0xe0, 0x07, 0xe0, 0x07, 0xe0, 0x07, 0xe0, 0x07, 0xe0, 0x07, 0xe0, 0x07, 
0xe0, 0x07, 0xb4, 0x84, 0x2f, 0x4b, 0x6d, 0x2a, 0x6d, 0x32, 0x4c, 0x2a, 0x6d, 0x32, 0x4c, 0x2a, 
0x6d, 0x32, 0x4c, 0x2a, 0x6d, 0x32, 0x4c, 0x2a, 0x6d, 0x32, 0x4c, 0x2a, 0x33, 0x74, 0xe0, 0x07, 
0xe0, 0x07, 0xe0, 0x07, 0xe0, 0x07, 0xe0, 0x07, 0xe0, 0x07, 0xe0, 0x07, 0xe0, 0x07, 0xe0, 0x07, 
0xe0, 0x07, 0xe0, 0x07, 0xe0, 0x07, 0xe0, 0x07, 0xe0, 0x07, 0xe0, 0x07, 0xe0, 0x07, 0xe0, 0x07, 
0xe0, 0x07, 0xe0, 0x07, 0xe0, 0x07, 0xe0, 0x07, 0xe0, 0x07, 0xe0, 0x07, 0xe0, 0x07, 0xe0, 0x07, 
0xe0, 0x07, 0xe0, 0x07, 0xe0, 0x07, 0xe0, 0x07, 0xe0, 0x07, 0xe0, 0x07, 0x9e, 0xef, 0x8d, 0x32, 
0x4c, 0x2a, 0x4d, 0x2a, 0x4c, 0x2a, 0x4d, 0x2a, 0x4c, 0x2a, 0x4d, 0x2a, 0x4c, 0x2a, 0x4d, 0x2a, 
0x4c, 0x2a, 0x4d, 0x2a, 0x4c, 0x2a, 0x4d, 0x2a, 0x4c, 0x2a, 0x4d, 0x2a, 0x4c, 0x2a, 0x4d, 0x2a, 
0x4c, 0x2a, 0x4d, 0x2a, 0xce, 0x3a, 0x77, 0x9d, 0xe0, 0x07, 0xe0, 0x07, 0xe0, 0x07, 0xe0, 0x07, 
0xe0, 0x07, 0xe0, 0x07, 0xe0, 0x07, 0xe0, 0x07, 0xe0, 0x07, 0xe0, 0x07, 0xe0, 0x07, 0xe0, 0x07, 
0xe0, 0x07, 0xe0, 0x07, 0xe0, 0x07, 0xe0, 0x07, 0xe0, 0x07, 0xe0, 0x07, 0xe0, 0x07, 0xe0, 0x07, 
0xe0, 0x07, 0xe0, 0x07, 0xe0, 0x07, 0xe0, 0x07, 0xe0, 0x07, 0xe0, 0x07, 0xe0, 0x07, 0xe0, 0x07, 
0x5d, 0xe7, 0xb1, 0x63, 0x4c, 0x2a, 0x4d, 0x2a, 0x4c, 0x2a, 0x4d, 0x2a, 0x4c, 0x2a, 0x4d, 0x2a, 
0x4c, 0x2a, 0x4d, 0x2a, 0x4c, 0x2a, 0x4d, 0x2a, 0x4c, 0x2a, 0x4d, 0x2a, 0x4c, 0x2a, 0x4d, 0x2a, 
0x4c, 0x2a, 0x4d, 0x2a, 0x4c, 0x2a, 0x4d, 0x2a, 0x4c, 0x2a, 0xb1, 0x63, 0xe0, 0x07, 0xe0, 0x07, 
0xe0, 0x07, 0xe0, 0x07, 0xe0, 0x07, 0xe0, 0x07, 0xe0, 0x07, 0xe0, 0x07, 0xe0, 0x07, 0xe0, 0x07, 
0xe0, 0x07, 0xe0, 0x07, 0xe0, 0x07, 0xe0, 0x07, 0xe0, 0x07, 0xe0, 0x07, 0xe0, 0x07, 0xe0, 0x07, 
0xe0, 0x07, 0xe0, 0x07, 0xe0, 0x07, 0xe0, 0x07, 0xe0, 0x07, 0xe0, 0x07, 0xe0, 0x07, 0xe0, 0x07, 
0xe0, 0x07, 0x2f, 0x4b, 0x6d, 0x32, 0x4c, 0x2a, 0x6d, 0x32, 0x4c, 0x2a, 0x6d, 0x32, 0x4c, 0x2a, 
0x6d, 0x32, 0x4c, 0x2a, 0x6d, 0x32, 0x4c, 0x2a, 0x6d, 0x32, 0x4c, 0x2a, 0x6d, 0x32, 0x4c, 0x2a, 
0x6d, 0x32, 0x4c, 0x2a, 0x6d, 0x32, 0x4c, 0x2a, 0x6d, 0x32, 0x4c, 0x2a, 0x6d, 0x32, 0x4c, 0x2a, 
0x6d, 0x32, 0x4c, 0x2a, 0x53, 0x7c, 0xe0, 0x07, 0xe0, 0x07, 0xe0, 0x07, 0xe0, 0x07, 0xe0, 0x07, 
0xe0, 0x07, 0xe0, 0x07, 0xe0, 0x07, 0xe0, 0x07, 0xe0, 0x07, 0xe0, 0x07, 0xe0, 0x07, 0xe0, 0x07, 
0xe0, 0x07, 0xe0, 0x07, 0xe0, 0x07, 0xe0, 0x07, 0xe0, 0x07, 0xe0, 0x07, 0xe0, 0x07, 0xe0, 0x07, 
0xe0, 0x07, 0xbb, 0xce, 0xef, 0x42, 0x4c, 0x2a, 0x6d, 0x32, 0x4c, 0x2a, 0x6d, 0x32, 0x4c, 0x2a, 
0x6d, 0x32, 0x4c, 0x2a, 0x6d, 0x32, 0x4c, 0x2a, 0x6d, 0x32, 0x4c, 0x2a, 0x6d, 0x32, 0x4c, 0x2a, 
0x6d, 0x32, 0x4c, 0x2a, 0x6d, 0x32, 0x4c, 0x2a, 0x6d, 0x32, 0x4c, 0x2a, 0x6d, 0x32, 0x4c, 0x2a, 
0x6d, 0x32, 0x4c, 0x2a, 0x6d, 0x32, 0xbb, 0xce, 0xe0, 0x07, 0xe0, 0x07, 0xe0, 0x07, 0xe0, 0x07, 
0xe0, 0x07, 0xe0, 0x07, 0xe0, 0x07, 0xe0, 0x07, 0xe0, 0x07, 0xe0, 0x07, 0xe0, 0x07, 0xe0, 0x07, 
0xe0, 0x07, 0xe0, 0x07, 0xe0, 0x07, 0xe0, 0x07, 0xe0, 0x07, 0xe0, 0x07, 0xe0, 0x07, 0xe0, 0x07, 
0xe0, 0x07, 0xe0, 0x07, 0xe0, 0x07, 0xe0, 0x07, 0x4c, 0x2a, 0x4d, 0x2a, 0x4c, 0x2a, 0x4d, 0x2a, 
0x4c, 0x2a, 0x4d, 0x32, 0x6d, 0xa2, 0x8d, 0xf2, 0x8d, 0xf2, 0x8d, 0xf2, 0x8d, 0xf2, 0x8d, 0xf2, 
0x8d, 0xf2, 0x8d, 0xf2, 0x8d, 0xf2, 0x8d, 0xf2, 0x8d, 0xf2, 0x8d, 0xc2, 0x6c, 0x72, 0x4d, 0x32, 
0x4c, 0x2a, 0x4d, 0x2a, 0x4c, 0x2a, 0x4d, 0x2a, 0x4c, 0x2a, 0x4d, 0x2a, 0x4c, 0x2a, 0x4d, 0x2a, 
0x4c, 0x2a, 0x73, 0x7c, 0xe0, 0x07, 0xe0, 0x07, 0xe0, 0x07, 0xe0, 0x07, 0xe0, 0x07, 0xe0, 0x07, 
0xe0, 0x07, 0xe0, 0x07, 0xe0, 0x07, 0xe0, 0x07, 0xe0, 0x07, 0xe0, 0x07, 0xe0, 0x07, 0xe0, 0x07, 
0xe0, 0x07, 0xe0, 0x07, 0xdf, 0xff, 0x0f, 0x4b, 0x4c, 0x2a, 0x4d, 0x2a, 0x4c, 0x2a, 0x4d, 0x2a, 
0x4c, 0x2a, 0x4d, 0x2a, 0x4c, 0x2a, 0x4d, 0x2a, 0x4c, 0x2a, 0x6d, 0x52, 0x6c, 0x92, 0x8d, 0xea, 
0x8d, 0xf2, 0x8d, 0xf2, 0x8d, 0xf2, 0x8d, 0xf2, 0x8d, 0xf2, 0x8d, 0xf2, 0x8d, 0xf2, 0x8d, 0xf2, 
0x8d, 0xf2, 0x8d, 0xb2, 0x4c, 0x5a, 0x4d, 0x2a, 0x4c, 0x2a, 0x4d, 0x2a, 0x4c, 0x2a, 0x4d, 0x2a, 
0x4f, 0x4b, 0xe0, 0x07, 0xe0, 0x07, 0xe0, 0x07, 0xe0, 0x07, 0xe0, 0x07, 0xe0, 0x07, 0xe0, 0x07, 
0xe0, 0x07, 0xe0, 0x07, 0xe0, 0x07, 0xe0, 0x07, 0xe0, 0x07, 0xe0, 0x07, 0xe0, 0x07, 0xe0, 0x07, 
0xe0, 0x07, 0xe0, 0x07, 0xe0, 0x07, 0xe0, 0x07, 0xe0, 0x07, 0xe0, 0x07, 0xe0, 0x07, 0x4c, 0x2a, 
0x6d, 0x32, 0x4c, 0x2a, 0x6d, 0x32, 0x4c, 0x32, 0xad, 0xfa, 0x8d, 0xf2, 0xad, 0xfa, 0x8d, 0xf2, 
0xad, 0xfa, 0x8d, 0xf2, 0xad, 0xfa, 0x8d, 0xf2, 0xad, 0xfa, 0x8d, 0xf2, 0xad, 0xfa, 0x8d, 0xf2, 
0xad, 0xfa, 0x8d, 0xf2, 0xad, 0xfa, 0x8d, 0xf2, 0xad, 0xfa, 0x8d, 0xf2, 0x6d, 0x82, 0x4c, 0x32, 
0x6d, 0x32, 0x4c, 0x2a, 0x6d, 0x32, 0x4c, 0x2a, 0x6d, 0x32, 0x4c, 0x2a, 0x6d, 0x32, 0x6d, 0x2a, 
0x97, 0xa5, 0xe0, 0x07, 0xe0, 0x07, 0xe0, 0x07, 0xe0, 0x07, 0xe0, 0x07, 0xe0, 0x07, 0xe0, 0x07, 
0xe0, 0x07, 0xe0, 0x07, 0xe0, 0x07, 0xe0, 0x07, 0x94, 0x7c, 0x4c, 0x2a, 0x6d, 0x32, 0x4c, 0x2a, 
0x6d, 0x32, 0x4c, 0x2a, 0x6d, 0x32, 0x4c, 0x2a, 0x6d, 0x32, 0x6c, 0x4a, 0x8d, 0xc2, 0x8d, 0xf2, 
0xad, 0xfa, 0x8d, 0xf2, 0xad, 0xfa, 0x8d, 0xf2, 0xad, 0xfa, 0x8d, 0xf2, 0xad, 0xfa, 0x8d, 0xf2, 
0xad, 0xfa, 0x8d, 0xf2, 0xad, 0xfa, 0x8d, 0xf2, 0xad, 0xfa, 0x8d, 0xf2, 0xad, 0xfa, 0x8d, 0xf2, 
0x6d, 0x62, 0x4c, 0x2a, 0x6d, 0x32, 0x4c, 0x2a, 0x6d, 0x32, 0x50, 0x53, 0xe0, 0x07, 0xe0, 0x07, 
0xe0, 0x07, 0xe0, 0x07, 0xe0, 0x07, 0xe0, 0x07, 0xe0, 0x07, 0xe0, 0x07, 0xe0, 0x07, 0xe0, 0x07, 
0xe0, 0x07, 0xe0, 0x07, 0xe0, 0x07, 0xe0, 0x07, 0xe0, 0x07, 0xe0, 0x07, 0xe0, 0x07, 0xe0, 0x07, 
0xe0, 0x07, 0xe0, 0x07, 0x4c, 0x2a, 0x4d, 0x2a, 0x4c, 0x2a, 0x4d, 0x2a, 0x6c, 0xa2, 0x8d, 0xf2, 
0x8d, 0xf2, 0x8d, 0xf2, 0x8d, 0xf2, 0x8d, 0xf2, 0x8d, 0xf2, 0x8d, 0xf2, 0x8d, 0xf2, 0x8d, 0xf2, 
0x8d, 0xf2, 0x8d, 0xf2, 0x8d, 0xf2, 0x8d, 0xf2, 0x8d, 0xf2, 0x8d, 0xf2, 0x8d, 0xf2, 0x8d, 0xf2, 
0x8d, 0xf2, 0x8d, 0xf2, 0x8d, 0xf2, 0x8d, 0xf2, 0x8d, 0xf2, 0x8d, 0xaa, 0x4c, 0x32, 0x4d, 0x2a, 
0x4c, 0x2a, 0x4d, 0x2a, 0x4c, 0x2a, 0x4d, 0x2a, 0x4c, 0x2a, 0x4d, 0x2a, 0xb1, 0x63, 0xe0, 0x07, 
0xe0, 0x07, 0xe0, 0x07, 0xe0, 0x07, 0xe0, 0x07, 0xdf, 0xff, 0xbb, 0xd6, 0x8d, 0x32, 0x4d, 0x2a, 
0x4c, 0x2a, 0x4d, 0x2a, 0x4c, 0x2a, 0x4d, 0x2a, 0x4c, 0x2a, 0x4d, 0x2a, 0x4c, 0x6a, 0x8d, 0xf2, 
0x8d, 0xf2, 0x8d, 0xf2, 0x8d, 0xf2, 0x8d, 0xf2, 0x8d, 0xf2, 0x8d, 0xf2, 0x8d, 0xf2, 0x8d, 0xf2, 
0x8d, 0xf2, 0x8d, 0xf2, 0x8d, 0xf2, 0x8d, 0xf2, 0x8d, 0xf2, 0x8d, 0xf2, 0x8d, 0xf2, 0x8d, 0xf2, 
0x8d, 0xf2, 0x8d, 0xf2, 0x8d, 0xf2, 0x8d, 0xf2, 0x8d, 0xf2, 0x8d, 0xf2, 0x4c, 0x3a, 0x4d, 0x2a, 
0x4c, 0x2a, 0x4d, 0x2a, 0xd4, 0x84, 0xe0, 0x07, 0xe0, 0x07, 0xe0, 0x07, 0xe0, 0x07, 0xe0, 0x07, 
0xe0, 0x07, 0xe0, 0x07, 0xe0, 0x07, 0xe0, 0x07, 0xe0, 0x07, 0xe0, 0x07, 0xe0, 0x07, 0xe0, 0x07, 
0xe0, 0x07, 0xe0, 0x07, 0xe0, 0x07, 0xe0, 0x07, 0xe0, 0x07, 0x2f, 0x4b, 0x6d, 0x32, 0x4c, 0x2a, 
0x6d, 0x32, 0x8d, 0xf2, 0xad, 0xfa, 0x8d, 0xf2, 0xad, 0xfa, 0x8d, 0xf2, 0xad, 0xfa, 0x8d, 0xf2, 
0xad, 0xfa, 0x8d, 0xf2, 0xad, 0xfa, 0x8d, 0xf2, 0xad, 0xfa, 0x8d, 0xf2, 0xad, 0xfa, 0x8d, 0xf2, 
0xad, 0xfa, 0x8d, 0xf2, 0xad, 0xfa, 0x8d, 0xf2, 0xad, 0xfa, 0x8d, 0xf2, 0xad, 0xfa, 0x8d, 0xf2, 
0xad, 0xfa, 0x8d, 0xf2, 0xad, 0xfa, 0x8d, 0xf2, 0x6d, 0x92, 0x4c, 0x2a, 0x6d, 0x32, 0x4c, 0x2a, 
0x6d, 0x32, 0x4c, 0x2a, 0x6d, 0x32, 0x4c, 0x2a, 0x6d, 0x32, 0x0f, 0x4b, 0x91, 0x5b, 0xce, 0x3a, 
0x6d, 0x32, 0x4c, 0x2a, 0x6d, 0x32, 0x4c, 0x2a, 0x6d, 0x32, 0x4c, 0x2a, 0x6d, 0x32, 0x6c, 0x52, 
0xad, 0xfa, 0x8d, 0xf2, 0xad, 0xfa, 0x8d, 0xf2, 0xad, 0xfa, 0x8d, 0xf2, 0xad, 0xfa, 0x8d, 0xf2, 
0xad, 0xfa, 0x8d, 0xf2, 0xad, 0xfa, 0x8d, 0xf2, 0xad, 0xfa, 0x8d, 0xf2, 0xad, 0xfa, 0x8d, 0xf2, 
0xad, 0xfa, 0x8d, 0xf2, 0xad, 0xfa, 0x8d, 0xf2, 0xad, 0xfa, 0x8d, 0xf2, 0xad, 0xfa, 0x8d, 0xf2, 
0xad, 0xfa, 0x8d, 0xf2, 0xad, 0xfa, 0x4c, 0x42, 0x6d, 0x32, 0x4c, 0x2a, 0x6d, 0x32, 0xe0, 0x07, 
0xe0, 0x07, 0xe0, 0x07, 0xe0, 0x07, 0xe0, 0x07, 0xe0, 0x07, 0xe0, 0x07, 0xe0, 0x07, 0xe0, 0x07, 
0xe0, 0x07, 0xe0, 0x07, 0xe0, 0x07, 0xe0, 0x07, 0xe0, 0x07, 0xe0, 0x07, 0xe0, 0x07, 0xe0, 0x07, 
0xe0, 0x07, 0x4d, 0x2a, 0x4c, 0x2a, 0x4d, 0x2a, 0x6c, 0x9a, 0x8d, 0xf2, 0x8d, 0xf2, 0x8d, 0xf2, 
0x8d, 0xf2, 0x8d, 0xf2, 0x8d, 0xf2, 0x8d, 0xf2, 0x8d, 0xf2, 0x8d, 0xf2, 0x8d, 0xf2, 0x8d, 0xf2, 
0x8d, 0xf2, 0x8d, 0xf2, 0x8d, 0xf2, 0x8d, 0xf2, 0x8d, 0xf2, 0x8d, 0xf2, 0x8d, 0xf2, 0x8d, 0xf2, 
0x8d, 0xf2, 0x8d, 0xf2, 0x8d, 0xf2, 0x8d, 0xf2, 0x8d, 0xf2, 0x8d, 0xf2, 0x8d, 0xf2, 0x8d, 0xf2, 
0x8d, 0xf2, 0x8d, 0xf2, 0x8d, 0xf2, 0x6d, 0x4a, 0x4c, 0x2a, 0x4d, 0x2a, 0x4c, 0x2a, 0x4d, 0x2a, 
0x4c, 0x2a, 0x4d, 0x2a, 0x4c, 0x2a, 0x4d, 0x2a, 0x4c, 0x2a, 0x4d, 0x2a, 0x4c, 0x2a, 0x4d, 0x2a, 
0x4c, 0x2a, 0x8d, 0xaa, 0x8d, 0xf2, 0x8d, 0xf2, 0x8d, 0xf2, 0x8d, 0xf2, 0x8d, 0xf2, 0x8d, 0xf2, 
0x8d, 0xf2, 0x8d, 0xf2, 0x8d, 0xf2, 0x8d, 0xf2, 0x8d, 0xf2, 0x8d, 0xf2, 0x8d, 0xf2, 0x8d, 0xf2, 
0x8d, 0xf2, 0x8d, 0xf2, 0x8d, 0xf2, 0x8d, 0xf2, 0x8d, 0xf2, 0x8d, 0xf2, 0x8d, 0xf2, 0x8d, 0xf2, 
0x8d, 0xf2, 0x8d, 0xf2, 0x8d, 0xf2, 0x8d, 0xf2, 0x8d, 0xf2, 0x8d, 0xf2, 0x8d, 0xf2, 0x8d, 0xf2, 
0x4c, 0x2a, 0x4d, 0x2a, 0x4c, 0x2a, 0xae, 0x3a, 0xe0, 0x07, 0xe0, 0x07, 0xe0, 0x07, 0xe0, 0x07, 
0xe0, 0x07, 0xe0, 0x07, 0xe0, 0x07, 0xe0, 0x07, 0xe0, 0x07, 0xe0, 0x07, 0xe0, 0x07, 0xe0, 0x07, 
0xe0, 0x07, 0xe0, 0x07, 0xe0, 0x07, 0xe0, 0x07, 0x6d, 0x32, 0x4c, 0x2a, 0x6d, 0x32, 0x4d, 0x4a, 
0xad, 0xfa, 0x8d, 0xf2, 0xad, 0xfa, 0x8d, 0xf2, 0xad, 0xfa, 0x8d, 0xf2, 0xad, 0xfa, 0x8d, 0xf2, 
0xad, 0xfa, 0x8d, 0xf2, 0xad, 0xfa, 0x8d, 0xf2, 0xad, 0xfa, 0x8d, 0xf2, 0xad, 0xfa, 0x8d, 0xf2, 
0xad, 0xfa, 0x8d, 0xf2, 0xad, 0xfa, 0x8d, 0xf2, 0xad, 0xfa, 0x8d, 0xf2, 0xad, 0xfa, 0x8d, 0xf2, 
0xad, 0xfa, 0x8d, 0xf2, 0xad, 0xfa, 0x8d, 0xf2, 0xad, 0xfa, 0x8d, 0xf2, 0xad, 0xfa, 0x8d, 0xf2, 
0xad, 0xfa, 0x6d, 0x92, 0x6d, 0x32, 0x4c, 0x2a, 0x6d, 0x32, 0x4c, 0x2a, 0x6d, 0x32, 0x4c, 0x2a, 
0x6d, 0x32, 0x4c, 0x2a, 0x6d, 0x5a, 0x8d, 0xf2, 0xad, 0xfa, 0x8d, 0xf2, 0xad, 0xfa, 0x8d, 0xf2, 
0xad, 0xfa, 0x8d, 0xf2, 0xad, 0xfa, 0x8d, 0xf2, 0xad, 0xfa, 0x8d, 0xf2, 0xad, 0xfa, 0x8d, 0xf2, 
0xad, 0xfa, 0x8d, 0xf2, 0xf9, 0xfd, 0x7e, 0xff, 0xff, 0xff, 0xff, 0xff, 0xff, 0xff, 0xff, 0xff, 
0x1d, 0xff, 0x77, 0xfd, 0xad, 0xfa, 0x8d, 0xf2, 0xad, 0xfa, 0x8d, 0xf2, 0xad, 0xfa, 0x8d, 0xf2, 
0xad, 0xfa, 0x8d, 0xf2, 0xad, 0xfa, 0x8d, 0xf2, 0xad, 0xfa, 0x4c, 0x2a, 0x6d, 0x32, 0x4c, 0x2a, 
0x3c, 0xe7, 0xe0, 0x07, 0xe0, 0x07, 0xe0, 0x07, 0xe0, 0x07, 0xe0, 0x07, 0xe0, 0x07, 0xe0, 0x07, 
0xe0, 0x07, 0xe0, 0x07, 0xe0, 0x07, 0xe0, 0x07, 0xe0, 0x07, 0xe0, 0x07, 0xe0, 0x07, 0xe0, 0x07, 
0x4c, 0x2a, 0x4d, 0x2a, 0x4c, 0x2a, 0x8d, 0xf2, 0x8d, 0xf2, 0x8d, 0xf2, 0x8d, 0xf2, 0x8d, 0xf2, 
0x8d, 0xf2, 0x8d, 0xf2, 0x8d, 0xf2, 0x8d, 0xf2, 0x8d, 0xf2, 0x8d, 0xf2, 0x8d, 0xf2, 0x8d, 0xf2, 
0x8d, 0xf2, 0x8d, 0xf2, 0x8d, 0xf2, 0x8d, 0xf2, 0x8d, 0xf2, 0x8d, 0xf2, 0x8d, 0xf2, 0x8d, 0xf2, 
0x8d, 0xf2, 0x8d, 0xf2, 0x8d, 0xf2, 0x8d, 0xf2, 0x8d, 0xf2, 0x8d, 0xf2, 0x8d, 0xf2, 0x8d, 0xf2, 
0x8d, 0xf2, 0x8d, 0xf2, 0x8d, 0xf2, 0x8d, 0xf2, 0x8d, 0xf2, 0x8d, 0xf2, 0x8d, 0xf2, 0x8d, 0xf2, 
0x6d, 0xd2, 0x8d, 0x8a, 0x4c, 0x6a, 0x8d, 0xb2, 0x8d, 0xf2, 0x8d, 0xf2, 0x8d, 0xf2, 0x8d, 0xf2, 
0x8d, 0xf2, 0x8d, 0xf2, 0x8d, 0xf2, 0x8d, 0xf2, 0x8d, 0xf2, 0x8d, 0xf2, 0x8d, 0xf2, 0x8d, 0xf2, 
0x8d, 0xf2, 0x8d, 0xf2, 0x8d, 0xf2, 0x8d, 0xf2, 0x8d, 0xf2, 0xbb, 0xfe, 0xff, 0xff, 0xff, 0xff, 
0xff, 0xff, 0xff, 0xff, 0xff, 0xff, 0xff, 0xff, 0xff, 0xff, 0xff, 0xff, 0xff, 0xff, 0xdf, 0xff, 
0xee, 0xf2, 0x8d, 0xf2, 0x8d, 0xf2, 0x8d, 0xf2, 0x8d, 0xf2, 0x8d, 0xf2, 0x8d, 0xf2, 0x8d, 0xf2, 
0x8d, 0xf2, 0x6d, 0x42, 0x4c, 0x2a, 0x4d, 0x2a, 0xce, 0x42, 0xe0, 0x07, 0xe0, 0x07, 0xe0, 0x07, 
0xe0, 0x07, 0xe0, 0x07, 0xe0, 0x07, 0xe0, 0x07, 0xe0, 0x07, 0xe0, 0x07, 0xe0, 0x07, 0xe0, 0x07, 
0xe0, 0x07, 0xe0, 0x07, 0xe0, 0x07, 0x32, 0x74, 0x6d, 0x32, 0x4c, 0x2a, 0x6d, 0x3a, 0x8d, 0xf2, 
0xad, 0xfa, 0x8d, 0xf2, 0xad, 0xfa, 0x8d, 0xf2, 0xad, 0xfa, 0x8d, 0xf2, 0xad, 0xfa, 0x8d, 0xf2, 
0xad, 0xfa, 0x8d, 0xf2, 0xad, 0xfa, 0x8d, 0xf2, 0xad, 0xfa, 0x8d, 0xf2, 0xad, 0xfa, 0x8d, 0xf2, 
0xad, 0xfa, 0x8d, 0xf2, 0xad, 0xfa, 0x8d, 0xf2, 0xad, 0xfa, 0x8d, 0xf2, 0xad, 0xfa, 0x8d, 0xf2, 
0xad, 0xfa, 0x8d, 0xf2, 0xad, 0xfa, 0x8d, 0xf2, 0xad, 0xfa, 0x8d, 0xf2, 0xad, 0xfa, 0x8d, 0xf2, 
0xad, 0xfa, 0x8d, 0xf2, 0xad, 0xfa, 0x8d, 0xf2, 0xad, 0xfa, 0x8d, 0xf2, 0xad, 0xfa, 0x8d, 0xf2, 
0xad, 0xfa, 0x8d, 0xf2, 0xad, 0xfa, 0x8d, 0xf2, 0xad, 0xfa, 0x8d, 0xf2, 0xad, 0xfa, 0x8d, 0xf2, 
0xad, 0xfa, 0x8d, 0xf2, 0xad, 0xfa, 0x8d, 0xf2, 0xad, 0xfa, 0x8d, 0xf2, 0xad, 0xfa, 0x8d, 0xf2, 
0xad, 0xfa, 0xad, 0xf2, 0xff, 0xff, 0xf9, 0xfd, 0x16, 0xfd, 0x53, 0xfc, 0xb4, 0xfc, 0x56, 0xfd, 
0x3d, 0xff, 0xff, 0xff, 0xff, 0xff, 0xff, 0xff, 0xff, 0xff, 0xf8, 0xfd, 0xad, 0xfa, 0x8d, 0xf2, 
0xad, 0xfa, 0x8d, 0xf2, 0xad, 0xfa, 0x8d, 0xf2, 0xad, 0xfa, 0x8d, 0xf2, 0x6d, 0x32, 0x4c, 0x2a, 
0x6d, 0x32, 0xe0, 0x07, 0xe0, 0x07, 0xe0, 0x07, 0xe0, 0x07, 0xe0, 0x07, 0xe0, 0x07, 0xe0, 0x07, 
0xe0, 0x07, 0xe0, 0x07, 0xe0, 0x07, 0xe0, 0x07, 0xe0, 0x07, 0xe0, 0x07, 0xdf, 0xff, 0x6d, 0x32, 
0x4c, 0x2a, 0x4d, 0x2a, 0x6c, 0xba, 0x8d, 0xf2, 0x8d, 0xf2, 0x8d, 0xf2, 0x8d, 0xf2, 0x8d, 0xf2, 
0x8d, 0xf2, 0x8d, 0xf2, 0x8d, 0xf2, 0x8d, 0xf2, 0x8d, 0xf2, 0x8d, 0xf2, 0x8d, 0xf2, 0x8d, 0xf2, 
0x8d, 0xf2, 0x8d, 0xf2, 0x8d, 0xf2, 0x8d, 0xf2, 0x8d, 0xf2, 0x8d, 0xf2, 0x8d, 0xf2, 0x8d, 0xf2, 
0x8d, 0xf2, 0x8d, 0xf2, 0x8d, 0xf2, 0x8d, 0xf2, 0x8d, 0xf2, 0x8d, 0xf2, 0x8d, 0xf2, 0x8d, 0xf2, 
0x8d, 0xf2, 0x8d, 0xf2, 0x8d, 0xf2, 0x8d, 0xf2, 0x8d, 0xf2, 0x8d, 0xf2, 0x8d, 0xf2, 0x8d, 0xf2, 
0x8d, 0xf2, 0x8d, 0xf2, 0x8d, 0xf2, 0x8d, 0xf2, 0x8d, 0xf2, 0x8d, 0xf2, 0x8d, 0xf2, 0x8d, 0xf2, 
0x8d, 0xf2, 0x8d, 0xf2, 0x8d, 0xf2, 0x8d, 0xf2, 0x8d, 0xf2, 0x8d, 0xf2, 0x8d, 0xf2, 0x8d, 0xf2, 
0x8d, 0xf2, 0x8d, 0xf2, 0x8d, 0xf2, 0x8d, 0xf2, 0x8d, 0xf2, 0x8d, 0xf2, 0x8d, 0xf2, 0x8d, 0xf2, 
0x8d, 0xf2, 0x8d, 0xf2, 0x8d, 0xf2, 0x8d, 0xf2, 0x8d, 0xf2, 0x8d, 0xf2, 0x70, 0xf3, 0xff, 0xff, 
0xff, 0xff, 0xff, 0xff, 0x5a, 0xfe, 0x8d, 0xf2, 0x8d, 0xf2, 0x8d, 0xf2, 0x8d, 0xf2, 0x8d, 0xf2, 
0x8d, 0xf2, 0x8d, 0xf2, 0x4c, 0x2a, 0x4d, 0x2a, 0x4c, 0x2a, 0xe0, 0x07, 0xe0, 0x07, 0xe0, 0x07, 
0xe0, 0x07, 0xe0, 0x07, 0xe0, 0x07, 0xe0, 0x07, 0xe0, 0x07, 0xe0, 0x07, 0xe0, 0x07, 0xe0, 0x07, 
0xe0, 0x07, 0xe0, 0x07, 0xe0, 0x07, 0x4c, 0x2a, 0x6d, 0x32, 0x4c, 0x2a, 0xad, 0xfa, 0x8d, 0xf2, 
0xad, 0xfa, 0x8d, 0xf2, 0xad, 0xfa, 0x8d, 0xf2, 0xad, 0xfa, 0x8d, 0xf2, 0xad, 0xfa, 0x8d, 0xf2, 
0xad, 0xfa, 0x8d, 0xf2, 0xad, 0xfa, 0x8d, 0xf2, 0xad, 0xfa, 0x8d, 0xf2, 0xad, 0xfa, 0x8d, 0xf2, 
0xad, 0xfa, 0x8d, 0xf2, 0xad, 0xfa, 0x8d, 0xf2, 0xad, 0xfa, 0x8d, 0xf2, 0xad, 0xfa, 0x8d, 0xf2, 
0xad, 0xfa, 0x8d, 0xf2, 0xad, 0xfa, 0x8d, 0xf2, 0xad, 0xfa, 0x8d, 0xf2, 0xad, 0xfa, 0x8d, 0xf2, 
0xad, 0xfa, 0x8d, 0xf2, 0xad, 0xfa, 0x8d, 0xf2, 0xad, 0xfa, 0x8d, 0xf2, 0xad, 0xfa, 0x8d, 0xf2, 
0xad, 0xfa, 0x8d, 0xf2, 0xad, 0xfa, 0x8d, 0xf2, 0xad, 0xfa, 0x8d, 0xf2, 0xad, 0xfa, 0x8d, 0xf2, 
0xad, 0xfa, 0x8d, 0xf2, 0xad, 0xfa, 0x8d, 0xf2, 0xad, 0xfa, 0x8d, 0xf2, 0xad, 0xfa, 0x8d, 0xf2, 
0xad, 0xfa, 0x8d, 0xf2, 0xad, 0xfa, 0x8d, 0xf2, 0xad, 0xfa, 0x8d, 0xf2, 0xad, 0xfa, 0x8d, 0xf2, 
0xad, 0xfa, 0x8d, 0xf2, 0xad, 0xfa, 0x8d, 0xf2, 0x5a, 0xfe, 0xff, 0xff, 0xff, 0xff, 0xd5, 0xfc, 
0xad, 0xfa, 0x8d, 0xf2, 0xad, 0xfa, 0x8d, 0xf2, 0xad, 0xfa, 0x8d, 0xf2, 0x6d, 0x42, 0x4c, 0x2a, 
0x6d, 0x32, 0xb4, 0x84, 0xe0, 0x07, 0xe0, 0x07, 0xe0, 0x07, 0xe0, 0x07, 0xe0, 0x07, 0xe0, 0x07, 
0xe0, 0x07, 0xe0, 0x07, 0xe0, 0x07, 0xe0, 0x07, 0xe0, 0x07, 0xe0, 0x07, 0xe0, 0x07, 0x4d, 0x2a, 
0x4c, 0x2a, 0x4d, 0x2a, 0x8d, 0xf2, 0x8d, 0xf2, 0x8d, 0xf2, 0x8d, 0xf2, 0x8d, 0xf2, 0x8d, 0xf2, 
0x8d, 0xf2, 0x8d, 0xf2, 0x8d, 0xf2, 0x8d, 0xf2, 0x8d, 0xf2, 0x8d, 0xf2, 0x8d, 0xf2, 0x8d, 0xf2, 
0x8d, 0xf2, 0x8d, 0xf2, 0x8d, 0xf2, 0x8d, 0xf2, 0x8d, 0xf2, 0x8d, 0xf2, 0x8d, 0xf2, 0x8d, 0xf2, 
0x8d, 0xf2, 0x8d, 0xf2, 0x8d, 0xf2, 0x8d, 0xf2, 0x8d, 0xf2, 0x8d, 0xf2, 0x8d, 0xf2, 0x8d, 0xf2, 
0x8d, 0xf2, 0x8d, 0xf2, 0x8d, 0xf2, 0x8d, 0xf2, 0x8d, 0xf2, 0x8d, 0xf2, 0x8d, 0xf2, 0x8d, 0xf2, 
0x8d, 0xf2, 0x8d, 0xf2, 0x8d, 0xf2, 0x8d, 0xf2, 0x8d, 0xf2, 0x8d, 0xf2, 0x8d, 0xf2, 0x8d, 0xf2, 
0x8d, 0xf2, 0x8d, 0xf2, 0x8d, 0xf2, 0x8d, 0xf2, 0x8d, 0xf2, 0x8d, 0xf2, 0x8d, 0xf2, 0x8d, 0xf2, 
0x8d, 0xf2, 0x8d, 0xf2, 0x8d, 0xf2, 0x8d, 0xf2, 0x8d, 0xf2, 0x8d, 0xf2, 0x8d, 0xf2, 0x8d, 0xf2, 
0x8d, 0xf2, 0x8d, 0xf2, 0x8d, 0xf2, 0x8d, 0xf2, 0x8d, 0xf2, 0x8d, 0xf2, 0x8d, 0xf2, 0x8d, 0xf2, 
0x8d, 0xf2, 0x7e, 0xff, 0xff, 0xff, 0xff, 0xff, 0x8d, 0xf2, 0x8d, 0xf2, 0x8d, 0xf2, 0x8d, 0xf2, 
0x8d, 0xf2, 0x8d, 0xf2, 0x6c, 0x8a, 0x4d, 0x2a, 0x4c, 0x2a, 0x0f, 0x4b, 0xe0, 0x07, 0xe0, 0x07, 
0xe0, 0x07, 0xe0, 0x07, 0xe0, 0x07, 0xe0, 0x07, 0xe0, 0x07, 0xe0, 0x07, 0xe0, 0x07, 0xe0, 0x07, 
0xe0, 0x07, 0xe0, 0x07, 0xe0, 0x07, 0x4c, 0x2a, 0x6d, 0x32, 0x4c, 0x2a, 0xad, 0xfa, 0x8d, 0xf2, 
0xad, 0xfa, 0x8d, 0xf2, 0xad, 0xfa, 0x8d, 0xf2, 0xad, 0xfa, 0x8d, 0xf2, 0xad, 0xfa, 0x8d, 0xf2, 
0xad, 0xfa, 0x8d, 0xf2, 0xad, 0xfa, 0x8d, 0xf2, 0xad, 0xfa, 0x8d, 0xf2, 0xad, 0xfa, 0x8d, 0xf2, 
0xad, 0xfa, 0x8d, 0xf2, 0xad, 0xfa, 0x8d, 0xf2, 0xad, 0xfa, 0x8d, 0xf2, 0xad, 0xfa, 0x8d, 0xf2, 
0xad, 0xfa, 0x8d, 0xf2, 0xad, 0xfa, 0x8d, 0xf2, 0xad, 0xfa, 0x8d, 0xf2, 0xad, 0xfa, 0x8d, 0xf2, 
0xad, 0xfa, 0x8d, 0xf2, 0xad, 0xfa, 0x8d, 0xf2, 0xad, 0xfa, 0x8d, 0xf2, 0xad, 0xfa, 0x8d, 0xf2, 
0xad, 0xfa, 0x8d, 0xf2, 0xad, 0xfa, 0x8d, 0xf2, 0xad, 0xfa, 0x8d, 0xf2, 0xad, 0xfa, 0x8d, 0xf2, 
0xad, 0xfa, 0x8d, 0xf2, 0xad, 0xfa, 0x8d, 0xf2, 0xad, 0xfa, 0x8d, 0xf2, 0xad, 0xfa, 0x8d, 0xf2, 
0xad, 0xfa, 0x8d, 0xf2, 0xad, 0xfa, 0x8d, 0xf2, 0xad, 0xfa, 0x8d, 0xf2, 0xad, 0xfa, 0x8d, 0xf2, 
0xad, 0xfa, 0x8d, 0xf2, 0xad, 0xfa, 0x8d, 0xf2, 0xad, 0xfa, 0x8d, 0xf2, 0xff, 0xff, 0xff, 0xff, 
0xf5, 0xfc, 0x8d, 0xf2, 0xad, 0xfa, 0x8d, 0xf2, 0xad, 0xfa, 0x8d, 0xf2, 0x8d, 0xd2, 0x4c, 0x2a, 
0x6d, 0x32, 0x6d, 0x32, 0xe0, 0x07, 0xe0, 0x07, 0xe0, 0x07, 0xe0, 0x07, 0xe0, 0x07, 0xe0, 0x07, 
0xe0, 0x07, 0xe0, 0x07, 0xe0, 0x07, 0xe0, 0x07, 0xe0, 0x07, 0xe0, 0x07, 0xbe, 0xef, 0x4d, 0x2a, 
0x4c, 0x2a, 0x4d, 0x32, 0x8d, 0xf2, 0x8d, 0xf2, 0x8d, 0xf2, 0x8d, 0xf2, 0x8d, 0xf2, 0x8d, 0xf2, 
0x8d, 0xf2, 0x8d, 0xf2, 0x8d, 0xf2, 0x8d, 0xf2, 0x8d, 0xf2, 0x8d, 0xf2, 0x8d, 0xf2, 0x8d, 0xf2, 
0x8d, 0xf2, 0x8d, 0xf2, 0x8d, 0xf2, 0x8d, 0xf2, 0x8d, 0xf2, 0x8d, 0xf2, 0x8d, 0xf2, 0x8d, 0xf2, 
0x8d, 0xf2, 0x8d, 0xf2, 0x8d, 0xf2, 0x8d, 0xf2, 0x8d, 0xf2, 0x8d, 0xf2, 0x8d, 0xf2, 0x8d, 0xf2, 
0x8d, 0xf2, 0x8d, 0xf2, 0x8d, 0xf2, 0x8d, 0xf2, 0x8d, 0xf2, 0x8d, 0xf2, 0x8d, 0xf2, 0x8d, 0xf2, 
0x8d, 0xf2, 0x8d, 0xf2, 0x8d, 0xf2, 0x8d, 0xf2, 0x8d, 0xf2, 0x8d, 0xf2, 0x8d, 0xf2, 0x8d, 0xf2, 
0x8d, 0xf2, 0x8d, 0xf2, 0x8d, 0xf2, 0x8d, 0xf2, 0x8d, 0xf2, 0x8d, 0xf2, 0x8d, 0xf2, 0x8d, 0xf2, 
0x8d, 0xf2, 0x8d, 0xf2, 0x8d, 0xf2, 0x8d, 0xf2, 0x8d, 0xf2, 0x8d, 0xf2, 0x8d, 0xf2, 0x8d, 0xf2, 
0x8d, 0xf2, 0x8d, 0xf2, 0x8d, 0xf2, 0x8d, 0xf2, 0x8d, 0xf2, 0x8d, 0xf2, 0x8d, 0xf2, 0x8d, 0xf2, 
0x8d, 0xf2, 0x8d, 0xf2, 0xdf, 0xff, 0xff, 0xff, 0xdf, 0xff, 0x8d, 0xf2, 0x8d, 0xf2, 0x8d, 0xf2, 
0x8d, 0xf2, 0x8d, 0xf2, 0x8d, 0xf2, 0x4d, 0x2a, 0x4c, 0x2a, 0x4d, 0x2a, 0xe0, 0x07, 0xe0, 0x07, 
0xe0, 0x07, 0xe0, 0x07, 0xe0, 0x07, 0xe0, 0x07, 0xe0, 0x07, 0xe0, 0x07, 0xe0, 0x07, 0xe0, 0x07, 
0xe0, 0x07, 0xe0, 0x07, 0xdb, 0xd6, 0x4c, 0x2a, 0x6d, 0x32, 0x4c, 0x3a, 0xad, 0xfa, 0x8d, 0xf2, 
0xad, 0xfa, 0x8d, 0xf2, 0xad, 0xfa, 0x8d, 0xf2, 0xad, 0xfa, 0x8d, 0xf2, 0xad, 0xfa, 0x8d, 0xf2, 
0xad, 0xfa, 0x8d, 0xf2, 0xad, 0xfa, 0x8d, 0xf2, 0xad, 0xfa, 0x8d, 0xf2, 0xad, 0xfa, 0x8d, 0xf2, 
0xad, 0xfa, 0x8d, 0xf2, 0xad, 0xfa, 0x8d, 0xf2, 0xad, 0xfa, 0x8d, 0xf2, 0xad, 0xfa, 0x8d, 0xf2, 
0xad, 0xfa, 0x8d, 0xf2, 0xad, 0xfa, 0x8d, 0xf2, 0xad, 0xfa, 0x8d, 0xf2, 0xad, 0xfa, 0x8d, 0xf2, 
0xad, 0xfa, 0x8d, 0xf2, 0xad, 0xfa, 0x8d, 0xf2, 0xad, 0xfa, 0x8d, 0xf2, 0xad, 0xfa, 0x8d, 0xf2, 
0xad, 0xfa, 0x8d, 0xf2, 0xad, 0xfa, 0x8d, 0xf2, 0xad, 0xfa, 0x8d, 0xf2, 0xad, 0xfa, 0x8d, 0xf2, 
0xad, 0xfa, 0x8d, 0xf2, 0xad, 0xfa, 0x8d, 0xf2, 0xad, 0xfa, 0x8d, 0xf2, 0xad, 0xfa, 0x8d, 0xf2, 
0xad, 0xfa, 0x8d, 0xf2, 0xad, 0xfa, 0x8d, 0xf2, 0xad, 0xfa, 0x8d, 0xf2, 0xad, 0xfa, 0x8d, 0xf2, 
0xad, 0xfa, 0x8d, 0xf2, 0xad, 0xfa, 0x8d, 0xf2, 0xad, 0xfa, 0x8d, 0xf2, 0xb5, 0xfc, 0xff, 0xff, 
0xff, 0xff, 0x8d, 0xf2, 0xad, 0xfa, 0x8d, 0xf2, 0xad, 0xfa, 0x8d, 0xf2, 0xad, 0xfa, 0x4c, 0x2a, 
0x6d, 0x32, 0x4c, 0x2a, 0xe0, 0x07, 0xe0, 0x07, 0xe0, 0x07, 0xe0, 0x07, 0xe0, 0x07, 0xe0, 0x07, 
0xe0, 0x07, 0xe0, 0x07, 0xe0, 0x07, 0xe0, 0x07, 0xe0, 0x07, 0xe0, 0x07, 0xd7, 0xad, 0x4d, 0x2a, 
0x4c, 0x2a, 0x6d, 0x52, 0x8d, 0xf2, 0x8d, 0xf2, 0x8d, 0xf2, 0x8d, 0xf2, 0x8d, 0xf2, 0x8d, 0xf2, 
0x8d, 0xf2, 0x8d, 0xf2, 0x8d, 0xf2, 0x8d, 0xf2, 0x8d, 0xf2, 0x8d, 0xf2, 0x8d, 0xf2, 0x8d, 0xf2, 
0x8d, 0xf2, 0x8d, 0xf2, 0x8d, 0xf2, 0x8d, 0xf2, 0x8d, 0xf2, 0x8d, 0xf2, 0x8d, 0xf2, 0x8d, 0xf2, 
0x8d, 0xf2, 0x8d, 0xf2, 0x8d, 0xf2, 0x8d, 0xf2, 0x8d, 0xf2, 0x8d, 0xf2, 0x8d, 0xf2, 0x8d, 0xf2, 
0x8d, 0xf2, 0x8d, 0xf2, 0x8d, 0xf2, 0x8d, 0xf2, 0x8d, 0xf2, 0x8d, 0xf2, 0x8d, 0xf2, 0x8d, 0xf2, 
0x8d, 0xf2, 0x8d, 0xf2, 0x8d, 0xf2, 0x8d, 0xf2, 0x8d, 0xf2, 0x8d, 0xf2, 0x8d, 0xf2, 0x8d, 0xf2, 
0x8d, 0xf2, 0x8d, 0xf2, 0x8d, 0xf2, 0x8d, 0xf2, 0x8d, 0xf2, 0x8d, 0xf2, 0x8d, 0xf2, 0x8d, 0xf2, 
0x8d, 0xf2, 0x8d, 0xf2, 0x8d, 0xf2, 0x8d, 0xf2, 0x8d, 0xf2, 0x8d, 0xf2, 0x8d, 0xf2, 0x8d, 0xf2, 
0x8d, 0xf2, 0x8d, 0xf2, 0x8d, 0xf2, 0x8d, 0xf2, 0x8d, 0xf2, 0x8d, 0xf2, 0x8d, 0xf2, 0x8d, 0xf2, 
0x8d, 0xf2, 0x8d, 0xf2, 0x8d, 0xf2, 0xff, 0xff, 0xff, 0xff, 0x8d, 0xf2, 0x8d, 0xf2, 0x8d, 0xf2, 
0x8d, 0xf2, 0x8d, 0xf2, 0x8d, 0xf2, 0x4d, 0x2a, 0x4c, 0x2a, 0x4d, 0x2a, 0xe0, 0x07, 0xe0, 0x07, 
0xe0, 0x07, 0xe0, 0x07, 0xe0, 0x07, 0xe0, 0x07, 0xe0, 0x07, 0xe0, 0x07, 0xe0, 0x07, 0xe0, 0x07, 
0xe0, 0x07, 0xe0, 0x07, 0x19, 0xbe, 0x4c, 0x2a, 0x6d, 0x32, 0x4d, 0x52, 0xad, 0xfa, 0x8d, 0xf2, 
0xad, 0xfa, 0x8d, 0xf2, 0xad, 0xfa, 0x8d, 0xf2, 0xad, 0xfa, 0x8d, 0xf2, 0xad, 0xfa, 0x8d, 0xf2, 
0xad, 0xfa, 0x8d, 0xf2, 0xad, 0xfa, 0x8d, 0xf2, 0xad, 0xfa, 0x8d, 0xf2, 0xad, 0xfa, 0x8d, 0xf2, 
0xad, 0xfa, 0x8d, 0xf2, 0xad, 0xfa, 0x8d, 0xf2, 0xad, 0xfa, 0x8d, 0xf2, 0xad, 0xfa, 0x8d, 0xf2, 
0xad, 0xfa, 0x8d, 0xf2, 0xad, 0xfa, 0x8d, 0xf2, 0xad, 0xfa, 0x8d, 0xf2, 0xad, 0xfa, 0x8d, 0xf2, 
0xad, 0xfa, 0x8d, 0xf2, 0xad, 0xfa, 0x8d, 0xf2, 0xad, 0xfa, 0x8d, 0xf2, 0xad, 0xfa, 0x8d, 0xf2, 
0xad, 0xfa, 0x8d, 0xf2, 0xad, 0xfa, 0x8d, 0xf2, 0xad, 0xfa, 0x8d, 0xf2, 0xad, 0xfa, 0x8d, 0xf2, 
0xad, 0xfa, 0x8d, 0xf2, 0xad, 0xfa, 0x8d, 0xf2, 0xad, 0xfa, 0x8d, 0xf2, 0xad, 0xfa, 0x8d, 0xf2, 
0xad, 0xfa, 0x8d, 0xf2, 0xad, 0xfa, 0x8d, 0xf2, 0xad, 0xfa, 0x8d, 0xf2, 0xad, 0xfa, 0x8d, 0xf2, 
0xad, 0xfa, 0x8d, 0xf2, 0xad, 0xfa, 0x8d, 0xf2, 0xad, 0xfa, 0x8d, 0xf2, 0xad, 0xfa, 0xff, 0xff, 
0xff, 0xff, 0x8d, 0xf2, 0xad, 0xfa, 0x8d, 0xf2, 0xad, 0xfa, 0x8d, 0xf2, 0xad, 0xfa, 0x4c, 0x2a, 
0x6d, 0x32, 0x4c, 0x2a, 0xe0, 0x07, 0xe0, 0x07, 0xe0, 0x07, 0xe0, 0x07, 0xe0, 0x07, 0xe0, 0x07, 
0xe0, 0x07, 0xe0, 0x07, 0xe0, 0x07, 0xe0, 0x07, 0xe0, 0x07, 0xe0, 0x07, 0x1c, 0xdf, 0x4d, 0x2a, 
0x4c, 0x2a, 0x6d, 0x3a, 0x8d, 0xf2, 0x8d, 0xf2, 0x8d, 0xf2, 0x8d, 0xf2, 0x8d, 0xf2, 0x8d, 0xf2, 
0x8d, 0xf2, 0x8d, 0xf2, 0x8d, 0xf2, 0x8d, 0xf2, 0x8d, 0xf2, 0x8d, 0xf2, 0x8d, 0xf2, 0x8d, 0xf2, 
0x8d, 0xf2, 0x8d, 0xf2, 0x8d, 0xf2, 0x8d, 0xf2, 0x8d, 0xf2, 0x8d, 0xf2, 0x8d, 0xf2, 0x8d, 0xf2, 
0x8d, 0xf2, 0x8d, 0xf2, 0x8d, 0xf2, 0x8d, 0xf2, 0x8d, 0xf2, 0x8d, 0xf2, 0x8d, 0xf2, 0x8d, 0xf2, 
0x8d, 0xf2, 0x8d, 0xf2, 0x8d, 0xf2, 0x8d, 0xf2, 0x8d, 0xf2, 0x8d, 0xf2, 0x8d, 0xf2, 0x8d, 0xf2, 
0x8d, 0xf2, 0x8d, 0xf2, 0x8d, 0xf2, 0x8d, 0xf2, 0x8d, 0xf2, 0x8d, 0xf2, 0x8d, 0xf2, 0x8d, 0xf2, 
0x8d, 0xf2, 0x8d, 0xf2, 0x8d, 0xf2, 0x8d, 0xf2, 0x8d, 0xf2, 0x8d, 0xf2, 0x8d, 0xf2, 0x8d, 0xf2, 
0x8d, 0xf2, 0x8d, 0xf2, 0x8d, 0xf2, 0x8d, 0xf2, 0x8d, 0xf2, 0x8d, 0xf2, 0x8d, 0xf2, 0x8d, 0xf2, 
0x8d, 0xf2, 0x8d, 0xf2, 0x8d, 0xf2, 0x8d, 0xf2, 0x8d, 0xf2, 0x8d, 0xf2, 0x8d, 0xf2, 0x8d, 0xf2, 
0x8d, 0xf2, 0x8d, 0xf2, 0x8d, 0xf2, 0xff, 0xff, 0xff, 0xff, 0x8d, 0xf2, 0x8d, 0xf2, 0x8d, 0xf2, 
0x8d, 0xf2, 0x8d, 0xf2, 0x8d, 0xf2, 0x4d, 0x2a, 0x4c, 0x2a, 0x4d, 0x2a, 0xe0, 0x07, 0xe0, 0x07, 
0xe0, 0x07, 0xe0, 0x07, 0xe0, 0x07, 0xe0, 0x07, 0xe0, 0x07, 0xe0, 0x07, 0xe0, 0x07, 0xe0, 0x07, 
0xe0, 0x07, 0xe0, 0x07, 0xe0, 0x07, 0x4c, 0x2a, 0x6d, 0x32, 0x4c, 0x32, 0xad, 0xfa, 0x8d, 0xf2, 
0xad, 0xfa, 0x8d, 0xf2, 0xad, 0xfa, 0x8d, 0xf2, 0xad, 0xfa, 0x8d, 0xf2, 0xad, 0xfa, 0x8d, 0xf2, 
0xad, 0xfa, 0x8d, 0xf2, 0xad, 0xfa, 0x8d, 0xf2, 0xad, 0xfa, 0x8d, 0xf2, 0xad, 0xfa, 0x8d, 0xf2, 
0xad, 0xfa, 0x8d, 0xf2, 0xad, 0xfa, 0x8d, 0xf2, 0xad, 0xfa, 0x8d, 0xf2, 0xad, 0xfa, 0x8d, 0xf2, 
0xad, 0xfa, 0x8d, 0xf2, 0x70, 0xfb, 0x8d, 0xf2, 0xad, 0xfa, 0x8d, 0xf2, 0xad, 0xfa, 0x8d, 0xf2, 
0xad, 0xfa, 0x8d, 0xf2, 0xad, 0xfa, 0x8d, 0xf2, 0xad, 0xfa, 0x8d, 0xf2, 0xad, 0xfa, 0x8d, 0xf2, 
0xad, 0xfa, 0x8d, 0xf2, 0xad, 0xfa, 0x8d, 0xf2, 0xad, 0xfa, 0x8d, 0xf2, 0xad, 0xfa, 0x8d, 0xf2, 
0xad, 0xfa, 0x8d, 0xf2, 0xad, 0xfa, 0x8d, 0xf2, 0xad, 0xfa, 0x8d, 0xf2, 0xad, 0xfa, 0x8d, 0xf2, 
0xad, 0xfa, 0x8d, 0xf2, 0xad, 0xfa, 0x8d, 0xf2, 0xad, 0xfa, 0x8d, 0xf2, 0xad, 0xfa, 0x8d, 0xf2, 
0xad, 0xfa, 0x8d, 0xf2, 0xad, 0xfa, 0x8d, 0xf2, 0xad, 0xfa, 0x8d, 0xf2, 0xad, 0xfa, 0xff, 0xff, 
0xff, 0xff, 0x8d, 0xf2, 0xad, 0xfa, 0x8d, 0xf2, 0xad, 0xfa, 0x8d, 0xf2, 0xad, 0xfa, 0x4c, 0x2a, 
0x6d, 0x32, 0x4c, 0x2a, 0xe0, 0x07, 0xe0, 0x07, 0xe0, 0x07, 0xe0, 0x07, 0xe0, 0x07, 0xe0, 0x07, 
0xe0, 0x07, 0xe0, 0x07, 0xe0, 0x07, 0xe0, 0x07, 0xe0, 0x07, 0xe0, 0x07, 0xe0, 0x07, 0x4d, 0x2a, 
0x4c, 0x2a, 0x4d, 0x32, 0x8d, 0xf2, 0x8d, 0xf2, 0x8d, 0xf2, 0x8d, 0xf2, 0x8d, 0xf2, 0x8d, 0xf2, 
0x8d, 0xf2, 0x8d, 0xf2, 0x8d, 0xf2, 0x8d, 0xf2, 0x8d, 0xf2, 0x8d, 0xf2, 0x8d, 0xf2, 0x8d, 0xf2, 
0x8d, 0xf2, 0x8d, 0xf2, 0x8d, 0xf2, 0x8d, 0xf2, 0x8d, 0xf2, 0x8d, 0xf2, 0x8d, 0xf2, 0x8d, 0xf2, 
0x8d, 0xf2, 0x8d, 0xf2, 0x8d, 0xf2, 0x8d, 0xf2, 0x8d, 0xf2, 0x57, 0xfd, 0xff, 0xff, 0x5e, 0xff, 
0x8d, 0xf2, 0x8d, 0xf2, 0x8d, 0xf2, 0x8d, 0xf2, 0x8d, 0xf2, 0x8d, 0xf2, 0x8d, 0xf2, 0x8d, 0xf2, 
0x8d, 0xf2, 0x8d, 0xf2, 0x8d, 0xf2, 0x8d, 0xf2, 0x8d, 0xf2, 0x8d, 0xf2, 0x8d, 0xf2, 0x8d, 0xf2, 
0x8d, 0xf2, 0x8d, 0xf2, 0x8d, 0xf2, 0x8d, 0xf2, 0x8d, 0xf2, 0x8d, 0xf2, 0x8d, 0xf2, 0x8d, 0xf2, 
0x8d, 0xf2, 0x8d, 0xf2, 0x8d, 0xf2, 0x8d, 0xf2, 0x8d, 0xf2, 0x8d, 0xf2, 0x8d, 0xf2, 0x8d, 0xf2, 
0x8d, 0xf2, 0x8d, 0xf2, 0x8d, 0xf2, 0x8d, 0xf2, 0x8d, 0xf2, 0x8d, 0xf2, 0x8d, 0xf2, 0x8d, 0xf2, 
0x8d, 0xf2, 0x8d, 0xf2, 0x8d, 0xf2, 0xff, 0xff, 0xff, 0xff, 0x8d, 0xf2, 0x8d, 0xf2, 0x8d, 0xf2, 
0x8d, 0xf2, 0x8d, 0xf2, 0x8d, 0xf2, 0x4d, 0x2a, 0x4c, 0x2a, 0x6d, 0x32, 0xe0, 0x07, 0xe0, 0x07, 
0xe0, 0x07, 0xe0, 0x07, 0xe0, 0x07, 0xe0, 0x07, 0xe0, 0x07, 0xe0, 0x07, 0xe0, 0x07, 0xe0, 0x07, 
0xe0, 0x07, 0xe0, 0x07, 0xe0, 0x07, 0x4c, 0x2a, 0x6d, 0x32, 0x4c, 0x2a, 0xad, 0xfa, 0x8d, 0xf2, 
0xad, 0xfa, 0x8d, 0xf2, 0xad, 0xfa, 0x8d, 0xf2, 0xad, 0xfa, 0x8d, 0xf2, 0xad, 0xfa, 0x8d, 0xf2, 
0xad, 0xfa, 0x8d, 0xf2, 0xad, 0xfa, 0x8d, 0xf2, 0xad, 0xfa, 0x8d, 0xf2, 0xad, 0xfa, 0x8d, 0xf2, 
0xad, 0xfa, 0x8d, 0xf2, 0xad, 0xfa, 0x8d, 0xf2, 0xad, 0xfa, 0x8d, 0xf2, 0xad, 0xfa, 0x8d, 0xf2, 
0xad, 0xfa, 0xff, 0xff, 0xff, 0xff, 0xff, 0xff, 0xad, 0xfa, 0x8d, 0xf2, 0xad, 0xfa, 0x8d, 0xf2, 
0xad, 0xfa, 0x8d, 0xf2, 0xad, 0xfa, 0x8d, 0xf2, 0xad, 0xfa, 0x8d, 0xf2, 0xad, 0xfa, 0x8d, 0xf2, 
0xad, 0xfa, 0x8d, 0xf2, 0xad, 0xfa, 0x8d, 0xf2, 0xad, 0xfa, 0x8d, 0xf2, 0xad, 0xfa, 0x8d, 0xf2, 
0xad, 0xfa, 0x8d, 0xf2, 0xad, 0xfa, 0x8d, 0xf2, 0xad, 0xfa, 0x8d, 0xf2, 0xad, 0xfa, 0x8d, 0xf2, 
0xad, 0xfa, 0x8d, 0xf2, 0xad, 0xfa, 0x8d, 0xf2, 0xad, 0xfa, 0x8d, 0xf2, 0xad, 0xfa, 0x8d, 0xf2, 
0xad, 0xfa, 0x8d, 0xf2, 0xad, 0xfa, 0x8d, 0xf2, 0xad, 0xfa, 0x8d, 0xf2, 0x2f, 0xfb, 0xff, 0xff, 
0xff, 0xff, 0x8d, 0xf2, 0xad, 0xfa, 0x8d, 0xf2, 0xad, 0xfa, 0x8d, 0xf2, 0x8d, 0xa2, 0x4c, 0x2a, 
0x6d, 0x32, 0x8d, 0x3a, 0xe0, 0x07, 0xe0, 0x07, 0xe0, 0x07, 0xe0, 0x07, 0xe0, 0x07, 0xe0, 0x07, 
0xe0, 0x07, 0xe0, 0x07, 0xe0, 0x07, 0xe0, 0x07, 0xe0, 0x07, 0xe0, 0x07, 0xe0, 0x07, 0x4d, 0x2a, 
0x4c, 0x2a, 0x4d, 0x2a, 0x8d, 0xf2, 0x8d, 0xf2, 0x8d, 0xf2, 0x8d, 0xf2, 0x8d, 0xf2, 0x8d, 0xf2, 
0x8d, 0xf2, 0x8d, 0xf2, 0x8d, 0xf2, 0x8d, 0xf2, 0x8d, 0xf2, 0x8d, 0xf2, 0x8d, 0xf2, 0x8d, 0xf2, 
0x8d, 0xf2, 0x8d, 0xf2, 0x8d, 0xf2, 0x8d, 0xf2, 0x8d, 0xf2, 0x8d, 0xf2, 0x8d, 0xf2, 0x8d, 0xf2, 
0x8d, 0xf2, 0x8d, 0xf2, 0x8d, 0xf2, 0x8d, 0xf2, 0xad, 0xf2, 0xff, 0xff, 0xff, 0xff, 0xff, 0xff, 
0x2f, 0xf3, 0x8d, 0xf2, 0x8d, 0xf2, 0x8d, 0xf2, 0x8d, 0xf2, 0x8d, 0xf2, 0x8d, 0xf2, 0x8d, 0xf2, 
0x8d, 0xf2, 0x8d, 0xf2, 0x8d, 0xf2, 0x8d, 0xf2, 0x8d, 0xf2, 0x8d, 0xf2, 0x8d, 0xf2, 0x8d, 0xf2, 
0x8d, 0xf2, 0x8d, 0xf2, 0x8d, 0xf2, 0x8d, 0xf2, 0x8d, 0xf2, 0x8d, 0xf2, 0x8d, 0xf2, 0x8d, 0xf2, 
0x8d, 0xf2, 0x8d, 0xf2, 0x8d, 0xf2, 0x8d, 0xf2, 0x8d, 0xf2, 0x8d, 0xf2, 0x8d, 0xf2, 0x8d, 0xf2, 
0x8d, 0xf2, 0x8d, 0xf2, 0x8d, 0xf2, 0x8d, 0xf2, 0x8d, 0xf2, 0x8d, 0xf2, 0x8d, 0xf2, 0x8d, 0xf2, 
0x8d, 0xf2, 0x8d, 0xf2, 0x32, 0xf4, 0xff, 0xff, 0xff, 0xff, 0x8d, 0xf2, 0x8d, 0xf2, 0x8d, 0xf2, 
0x8d, 0xf2, 0x8d, 0xf2, 0x4c, 0x52, 0x4d, 0x2a, 0x4c, 0x2a, 0x53, 0x74, 0xe0, 0x07, 0xe0, 0x07, 
0xe0, 0x07, 0xe0, 0x07, 0xe0, 0x07, 0xe0, 0x07, 0xe0, 0x07, 0xe0, 0x07, 0xe0, 0x07, 0xe0, 0x07, 
0xe0, 0x07, 0xe0, 0x07, 0xe0, 0x07, 0x4c, 0x2a, 0x6d, 0x32, 0x4c, 0x2a, 0xad, 0xfa, 0x8d, 0xf2, 
0xad, 0xfa, 0x8d, 0xf2, 0xad, 0xfa, 0x8d, 0xf2, 0xad, 0xfa, 0x8d, 0xf2, 0xad, 0xfa, 0x8d, 0xf2, 
0xad, 0xfa, 0x8d, 0xf2, 0xad, 0xfa, 0x8d, 0xf2, 0xad, 0xfa, 0x8d, 0xf2, 0xad, 0xfa, 0x8d, 0xf2, 
0xad, 0xfa, 0x8d, 0xf2, 0xad, 0xfa, 0x8d, 0xf2, 0xad, 0xfa, 0x8d, 0xf2, 0xad, 0xfa, 0x8d, 0xf2, 
0x19, 0xfe, 0xff, 0xff, 0xff, 0xff, 0xff, 0xff, 0xf9, 0xfd, 0x8d, 0xf2, 0xad, 0xfa, 0x8d, 0xf2, 
0xad, 0xfa, 0x8d, 0xf2, 0xad, 0xfa, 0x8d, 0xf2, 0xad, 0xfa, 0x8d, 0xf2, 0xad, 0xfa, 0x8d, 0xf2, 
0xad, 0xfa, 0x8d, 0xf2, 0xad, 0xfa, 0x8d, 0xf2, 0xad, 0xfa, 0x8d, 0xf2, 0xad, 0xfa, 0x8d, 0xf2, 
0xad, 0xfa, 0x8d, 0xf2, 0xad, 0xfa, 0x8d, 0xf2, 0xad, 0xfa, 0x8d, 0xf2, 0xad, 0xfa, 0x8d, 0xf2, 
0xad, 0xfa, 0x8d, 0xf2, 0xad, 0xfa, 0x8d, 0xf2, 0xad, 0xfa, 0x8d, 0xf2, 0xad, 0xfa, 0x8d, 0xf2, 
0xad, 0xfa, 0x8d, 0xf2, 0xad, 0xfa, 0x8d, 0xf2, 0xad, 0xfa, 0x8d, 0xf2, 0x9b, 0xfe, 0xff, 0xff, 
0x9e, 0xff, 0x8d, 0xf2, 0xad, 0xfa, 0x8d, 0xf2, 0xad, 0xfa, 0x8d, 0xf2, 0x6d, 0x32, 0x4c, 0x2a, 
0x6d, 0x32, 0xbe, 0xf7, 0xe0, 0x07, 0xe0, 0x07, 0xe0, 0x07, 0xe0, 0x07, 0xe0, 0x07, 0xe0, 0x07, 
0xe0, 0x07, 0xe0, 0x07, 0xe0, 0x07, 0xe0, 0x07, 0xe0, 0x07, 0xe0, 0x07, 0xde, 0xf7, 0x0f, 0x4b, 
0x4c, 0x2a, 0x4d, 0x2a, 0x6c, 0xb2, 0x8d, 0xf2, 0x8d, 0xf2, 0x8d, 0xf2, 0x8d, 0xf2, 0x8d, 0xf2, 
0x8d, 0xf2, 0x8d, 0xf2, 0x8d, 0xf2, 0x8d, 0xf2, 0x8d, 0xf2, 0x8d, 0xf2, 0x8d, 0xf2, 0x8d, 0xf2, 
0x8d, 0xf2, 0x8d, 0xf2, 0x8d, 0xf2, 0x8d, 0xf2, 0x8d, 0xf2, 0x8d, 0xf2, 0x8d, 0xf2, 0x8d, 0xf2, 
0x8d, 0xf2, 0x8d, 0xf2, 0x8d, 0xf2, 0x8d, 0xf2, 0xff, 0xff, 0xff, 0xff, 0x1c, 0xff, 0xff, 0xff, 
0xff, 0xff, 0x8d, 0xf2, 0x8d, 0xf2, 0x8d, 0xf2, 0x8d, 0xf2, 0x8d, 0xf2, 0x8d, 0xf2, 0x8d, 0xf2, 
0x8d, 0xf2, 0x8d, 0xf2, 0x8d, 0xf2, 0x8d, 0xf2, 0x8d, 0xf2, 0x8d, 0xf2, 0x8d, 0xf2, 0x8d, 0xf2, 
0x8d, 0xf2, 0x8d, 0xf2, 0x8d, 0xf2, 0x8d, 0xf2, 0x8d, 0xf2, 0x8d, 0xf2, 0x8d, 0xf2, 0x8d, 0xf2, 
0x8d, 0xf2, 0x8d, 0xf2, 0x8d, 0xf2, 0x8d, 0xf2, 0x8d, 0xf2, 0x8d, 0xf2, 0x8d, 0xf2, 0x8d, 0xf2, 
0x8d, 0xf2, 0x8d, 0xf2, 0x8d, 0xf2, 0x8d, 0xf2, 0x8d, 0xf2, 0x8d, 0xf2, 0x8d, 0xf2, 0x8d, 0xf2, 
0x8d, 0xf2, 0x8d, 0xf2, 0xff, 0xff, 0xff, 0xff, 0x97, 0xfd, 0x8d, 0xf2, 0x8d, 0xf2, 0x8d, 0xf2, 
0x8d, 0xf2, 0x8d, 0xf2, 0x4c, 0x2a, 0x4d, 0x2a, 0x4c, 0x2a, 0xe0, 0x07, 0xe0, 0x07, 0xe0, 0x07, 
0xe0, 0x07, 0xe0, 0x07, 0xe0, 0x07, 0xe0, 0x07, 0xe0, 0x07, 0xe0, 0x07, 0xe0, 0x07, 0xe0, 0x07, 
0xe0, 0x07, 0xe0, 0x07, 0xe0, 0x07, 0x97, 0xa5, 0x6d, 0x32, 0x4c, 0x2a, 0x6d, 0x42, 0x8d, 0xf2, 
0xad, 0xfa, 0x8d, 0xf2, 0xad, 0xfa, 0x8d, 0xf2, 0xad, 0xfa, 0x8d, 0xf2, 0xad, 0xfa, 0x8d, 0xf2, 
0xad, 0xfa, 0x8d, 0xf2, 0xad, 0xfa, 0x8d, 0xf2, 0xad, 0xfa, 0x8d, 0xf2, 0xad, 0xfa, 0x8d, 0xf2, 
0xad, 0xfa, 0x8d, 0xf2, 0xad, 0xfa, 0x8d, 0xf2, 0xad, 0xfa, 0x8d, 0xf2, 0xad, 0xfa, 0x70, 0xf3, 
0xff, 0xff, 0xff, 0xff, 0xd5, 0xfc, 0xff, 0xff, 0xff, 0xff, 0x8d, 0xf2, 0xad, 0xfa, 0x8d, 0xf2, 
0xad, 0xfa, 0x8d, 0xf2, 0xad, 0xfa, 0x8d, 0xf2, 0xad, 0xfa, 0x8d, 0xf2, 0xad, 0xfa, 0x8d, 0xf2, 
0xad, 0xfa, 0x8d, 0xf2, 0xad, 0xfa, 0x8d, 0xf2, 0xad, 0xfa, 0x8d, 0xf2, 0xad, 0xfa, 0x8d, 0xf2, 
0xad, 0xfa, 0x8d, 0xf2, 0xad, 0xfa, 0x8d, 0xf2, 0xad, 0xfa, 0x8d, 0xf2, 0xad, 0xfa, 0x8d, 0xf2, 
0xad, 0xfa, 0x8d, 0xf2, 0xad, 0xfa, 0x8d, 0xf2, 0xad, 0xfa, 0x8d, 0xf2, 0xad, 0xfa, 0x8d, 0xf2, 
0xad, 0xfa, 0x8d, 0xf2, 0xad, 0xfa, 0x8d, 0xf2, 0xad, 0xfa, 0x8d, 0xf2, 0xff, 0xff, 0xff, 0xff, 
0xd2, 0xfb, 0x8d, 0xf2, 0xad, 0xfa, 0x8d, 0xf2, 0xad, 0xfa, 0x8d, 0xf2, 0x6d, 0x32, 0x4c, 0x2a, 
0x6d, 0x32, 0xe0, 0x07, 0xe0, 0x07, 0xe0, 0x07, 0xe0, 0x07, 0xe0, 0x07, 0xe0, 0x07, 0xe0, 0x07, 
0xe0, 0x07, 0xe0, 0x07, 0xe0, 0x07, 0xe0, 0x07, 0xe0, 0x07, 0xe0, 0x07, 0xe0, 0x07, 0xe0, 0x07, 
0x4c, 0x2a, 0x4d, 0x2a, 0x4c, 0x2a, 0x8d, 0xf2, 0x8d, 0xf2, 0x8d, 0xf2, 0x8d, 0xf2, 0x8d, 0xf2, 
0x8d, 0xf2, 0x8d, 0xf2, 0x8d, 0xf2, 0x8d, 0xf2, 0x8d, 0xf2, 0x8d, 0xf2, 0x8d, 0xf2, 0x8d, 0xf2, 
0x8d, 0xf2, 0x8d, 0xf2, 0x8d, 0xf2, 0x8d, 0xf2, 0x8d, 0xf2, 0x8d, 0xf2, 0x8d, 0xf2, 0x8d, 0xf2, 
0x8d, 0xf2, 0x8d, 0xf2, 0x8d, 0xf2, 0xdc, 0xfe, 0xff, 0xff, 0xff, 0xff, 0x8d, 0xf2, 0xff, 0xff, 
0xff, 0xff, 0x8d, 0xf2, 0x8d, 0xf2, 0x8d, 0xf2, 0x8d, 0xf2, 0x8d, 0xf2, 0x8d, 0xf2, 0x8d, 0xf2, 
0x8d, 0xf2, 0x8d, 0xf2, 0x8d, 0xf2, 0x8d, 0xf2, 0x8d, 0xf2, 0x8d, 0xf2, 0x8d, 0xf2, 0x8d, 0xf2, 
0x8d, 0xf2, 0x8d, 0xf2, 0x8d, 0xf2, 0x8d, 0xf2, 0x8d, 0xf2, 0x8d, 0xf2, 0x8d, 0xf2, 0x8d, 0xf2, 
0x8d, 0xf2, 0x8d, 0xf2, 0x8d, 0xf2, 0x8d, 0xf2, 0x8d, 0xf2, 0x8d, 0xf2, 0x8d, 0xf2, 0x8d, 0xf2, 
0x8d, 0xf2, 0x8d, 0xf2, 0x8d, 0xf2, 0x8d, 0xf2, 0x8d, 0xf2, 0x8d, 0xf2, 0x8d, 0xf2, 0x8d, 0xf2, 
0x8d, 0xf2, 0x8d, 0xf2, 0x77, 0xfd, 0xff, 0xff, 0x8d, 0xf2, 0x8d, 0xf2, 0x8d, 0xf2, 0x8d, 0xf2, 
0x8d, 0xf2, 0x6d, 0x92, 0x4c, 0x2a, 0x4d, 0x2a, 0x8d, 0x32, 0xe0, 0x07, 0xe0, 0x07, 0xe0, 0x07, 
0xe0, 0x07, 0xe0, 0x07, 0xe0, 0x07, 0xe0, 0x07, 0xe0, 0x07, 0xe0, 0x07, 0xe0, 0x07, 0xe0, 0x07, 
0xe0, 0x07, 0xe0, 0x07, 0xe0, 0x07, 0xe0, 0x07, 0x6d, 0x32, 0x4c, 0x2a, 0x6d, 0x32, 0x8d, 0xf2, 
0xad, 0xfa, 0x8d, 0xf2, 0xad, 0xfa, 0x8d, 0xf2, 0xad, 0xfa, 0x8d, 0xf2, 0xad, 0xfa, 0x8d, 0xf2, 
0xad, 0xfa, 0x8d, 0xf2, 0xad, 0xfa, 0x8d, 0xf2, 0xad, 0xfa, 0x8d, 0xf2, 0xad, 0xfa, 0x8d, 0xf2, 
0xad, 0xfa, 0x8d, 0xf2, 0xad, 0xfa, 0x8d, 0xf2, 0xad, 0xfa, 0x8d, 0xf2, 0xad, 0xfa, 0xff, 0xff, 
0xff, 0xff, 0xb8, 0xfd, 0xad, 0xfa, 0xff, 0xff, 0xff, 0xff, 0x15, 0xfd, 0xad, 0xfa, 0x8d, 0xf2, 
0xad, 0xfa, 0x8d, 0xf2, 0xad, 0xfa, 0x8d, 0xf2, 0xad, 0xfa, 0x8d, 0xf2, 0xad, 0xfa, 0x8d, 0xf2, 
0xad, 0xfa, 0x8d, 0xf2, 0xad, 0xfa, 0x8d, 0xf2, 0xad, 0xfa, 0xf9, 0xfd, 0xad, 0xfa, 0x8d, 0xf2, 
0xad, 0xfa, 0x8d, 0xf2, 0xad, 0xfa, 0x8d, 0xf2, 0xad, 0xfa, 0x8d, 0xf2, 0xad, 0xfa, 0x8d, 0xf2, 
0xad, 0xfa, 0x8d, 0xf2, 0xad, 0xfa, 0x8d, 0xf2, 0xad, 0xfa, 0x8d, 0xf2, 0xad, 0xfa, 0x8d, 0xf2, 
0xad, 0xfa, 0x8d, 0xf2, 0xad, 0xfa, 0x8d, 0xf2, 0xad, 0xfa, 0x8d, 0xf2, 0xad, 0xfa, 0x8d, 0xf2, 
0xad, 0xfa, 0x8d, 0xf2, 0xad, 0xfa, 0x8d, 0xf2, 0xad, 0xfa, 0x4c, 0x32, 0x6d, 0x32, 0x4c, 0x2a, 
0x19, 0xbe, 0xe0, 0x07, 0xe0, 0x07, 0xe0, 0x07, 0xe0, 0x07, 0xe0, 0x07, 0xe0, 0x07, 0xe0, 0x07, 
0xe0, 0x07, 0xe0, 0x07, 0xe0, 0x07, 0xe0, 0x07, 0xe0, 0x07, 0xe0, 0x07, 0xe0, 0x07, 0xe0, 0x07, 
0x91, 0x5b, 0x4d, 0x2a, 0x4c, 0x2a, 0x6d, 0x6a, 0x8d, 0xf2, 0x8d, 0xf2, 0x8d, 0xf2, 0x8d, 0xf2, 
0x8d, 0xf2, 0x8d, 0xf2, 0x8d, 0xf2, 0x8d, 0xf2, 0x8d, 0xf2, 0x8d, 0xf2, 0x8d, 0xf2, 0x8d, 0xf2, 
0x8d, 0xf2, 0x8d, 0xf2, 0x8d, 0xf2, 0x8d, 0xf2, 0x8d, 0xf2, 0x8d, 0xf2, 0x8d, 0xf2, 0x8d, 0xf2, 
0x8d, 0xf2, 0x8d, 0xf2, 0x32, 0xf4, 0xff, 0xff, 0xff, 0xff, 0x8d, 0xf2, 0x8d, 0xf2, 0xbf, 0xff, 
0xff, 0xff, 0x9e, 0xff, 0x8d, 0xf2, 0x8d, 0xf2, 0x8d, 0xf2, 0x8d, 0xf2, 0x8d, 0xf2, 0x8d, 0xf2, 
0x8d, 0xf2, 0x8d, 0xf2, 0x8d, 0xf2, 0x8d, 0xf2, 0x8d, 0xf2, 0x8d, 0xf2, 0x8d, 0xf2, 0x8d, 0xf2, 
0x39, 0xfe, 0xff, 0xff, 0xff, 0xff, 0x8d, 0xf2, 0x8d, 0xf2, 0x8d, 0xf2, 0x8d, 0xf2, 0x8d, 0xf2, 
0x8d, 0xf2, 0x8d, 0xf2, 0x8d, 0xf2, 0x8d, 0xf2, 0x8d, 0xf2, 0x8d, 0xf2, 0x8d, 0xf2, 0x8d, 0xf2, 
0x8d, 0xf2, 0x8d, 0xf2, 0x8d, 0xf2, 0x8d, 0xf2, 0x8d, 0xf2, 0x8d, 0xf2, 0x8d, 0xf2, 0x8d, 0xf2, 
0x8d, 0xf2, 0x8d, 0xf2, 0x8d, 0xf2, 0x8d, 0xf2, 0x8d, 0xf2, 0x8d, 0xf2, 0x8d, 0xf2, 0x8d, 0xf2, 
0x8d, 0xf2, 0x4d, 0x2a, 0x4c, 0x2a, 0x4d, 0x2a, 0xe0, 0x07, 0xe0, 0x07, 0xe0, 0x07, 0xe0, 0x07, 
0xe0, 0x07, 0xe0, 0x07, 0xe0, 0x07, 0xe0, 0x07, 0xe0, 0x07, 0xe0, 0x07, 0xe0, 0x07, 0xe0, 0x07, 
0xe0, 0x07, 0xe0, 0x07, 0xe0, 0x07, 0xe0, 0x07, 0xe0, 0x07, 0x4c, 0x2a, 0x6d, 0x32, 0x4c, 0x2a, 
0xad, 0xfa, 0x8d, 0xf2, 0xad, 0xfa, 0x8d, 0xf2, 0xad, 0xfa, 0x8d, 0xf2, 0xad, 0xfa, 0x8d, 0xf2, 
0xad, 0xfa, 0x8d, 0xf2, 0xad, 0xfa, 0x8d, 0xf2, 0xad, 0xfa, 0x8d, 0xf2, 0xad, 0xfa, 0x8d, 0xf2, 
0xad, 0xfa, 0x8d, 0xf2, 0xad, 0xfa, 0x8d, 0xf2, 0xad, 0xfa, 0x8d, 0xf2, 0xbf, 0xff, 0xff, 0xff, 
0xff, 0xff, 0x8d, 0xf2, 0xad, 0xfa, 0x15, 0xfd, 0xff, 0xff, 0xff, 0xff, 0xad, 0xfa, 0x8d, 0xf2, 
0xad, 0xfa, 0x8d, 0xf2, 0xad, 0xfa, 0x5d, 0xff, 0xff, 0xff, 0xb1, 0xfb, 0xad, 0xfa, 0x8d, 0xf2, 
0xad, 0xfa, 0x8d, 0xf2, 0xad, 0xfa, 0x8d, 0xf2, 0xff, 0xff, 0xff, 0xff, 0xff, 0xff, 0x8d, 0xf2, 
0xad, 0xfa, 0x8d, 0xf2, 0xad, 0xfa, 0x8d, 0xf2, 0xad, 0xfa, 0x8d, 0xf2, 0xad, 0xfa, 0x8d, 0xf2, 
0xad, 0xfa, 0x8d, 0xf2, 0xad, 0xfa, 0x8d, 0xf2, 0xad, 0xfa, 0x8d, 0xf2, 0xad, 0xfa, 0x8d, 0xf2, 
0xad, 0xfa, 0x8d, 0xf2, 0xad, 0xfa, 0x8d, 0xf2, 0xad, 0xfa, 0x8d, 0xf2, 0xad, 0xfa, 0x8d, 0xf2, 
0xad, 0xfa, 0x8d, 0xf2, 0xad, 0xfa, 0x8d, 0xf2, 0x8d, 0x9a, 0x4c, 0x2a, 0x6d, 0x32, 0x4d, 0x2a, 
0xe0, 0x07, 0xe0, 0x07, 0xe0, 0x07, 0xe0, 0x07, 0xe0, 0x07, 0xe0, 0x07, 0xe0, 0x07, 0xe0, 0x07, 
0xe0, 0x07, 0xe0, 0x07, 0xe0, 0x07, 0xe0, 0x07, 0xe0, 0x07, 0xe0, 0x07, 0xe0, 0x07, 0xe0, 0x07, 
0xe0, 0x07, 0x4d, 0x2a, 0x4c, 0x2a, 0x4d, 0x2a, 0x8c, 0xca, 0x8d, 0xf2, 0x8d, 0xf2, 0x8d, 0xf2, 
0x8d, 0xf2, 0x8d, 0xf2, 0x8d, 0xf2, 0x8d, 0xf2, 0x8d, 0xf2, 0x8d, 0xf2, 0x8d, 0xf2, 0x8d, 0xf2, 
0x8d, 0xf2, 0x8d, 0xf2, 0x8d, 0xf2, 0x8d, 0xf2, 0x8d, 0xf2, 0x8d, 0xf2, 0x8d, 0xf2, 0x8d, 0xf2, 
0x8d, 0xf2, 0x8d, 0xf2, 0xff, 0xff, 0xff, 0xff, 0xb4, 0xf4, 0x8d, 0xf2, 0x8d, 0xf2, 0x8d, 0xf2, 
0xff, 0xff, 0xff, 0xff, 0x8d, 0xf2, 0x8d, 0xf2, 0x8d, 0xf2, 0x8d, 0xf2, 0x8d, 0xf2, 0xff, 0xff, 
0xff, 0xff, 0xff, 0xff, 0x8d, 0xf2, 0x8d, 0xf2, 0x8d, 0xf2, 0x8d, 0xf2, 0x8d, 0xf2, 0x77, 0xfd, 
0xff, 0xff, 0xff, 0xff, 0xff, 0xff, 0x7b, 0xfe, 0x8d, 0xf2, 0x8d, 0xf2, 0x8d, 0xf2, 0x8d, 0xf2, 
0x8d, 0xf2, 0x8d, 0xf2, 0x8d, 0xf2, 0x8d, 0xf2, 0x8d, 0xf2, 0x8d, 0xf2, 0x8d, 0xf2, 0x8d, 0xf2, 
0x8d, 0xf2, 0x8d, 0xf2, 0x8d, 0xf2, 0x8d, 0xf2, 0x8d, 0xf2, 0x8d, 0xf2, 0x8d, 0xf2, 0x8d, 0xf2, 
0x8d, 0xf2, 0x8d, 0xf2, 0x8d, 0xf2, 0x8d, 0xf2, 0x8d, 0xf2, 0x8d, 0xf2, 0x8d, 0xf2, 0x8d, 0xf2, 
0x4c, 0x2a, 0x4d, 0x2a, 0x4c, 0x2a, 0xb4, 0x84, 0xe0, 0x07, 0xe0, 0x07, 0xe0, 0x07, 0xe0, 0x07, 
0xe0, 0x07, 0xe0, 0x07, 0xe0, 0x07, 0xe0, 0x07, 0xe0, 0x07, 0xe0, 0x07, 0xe0, 0x07, 0xe0, 0x07, 
0xe0, 0x07, 0xe0, 0x07, 0xe0, 0x07, 0xe0, 0x07, 0xe0, 0x07, 0x90, 0x5b, 0x6d, 0x32, 0x4c, 0x2a, 
0x6d, 0x3a, 0x8d, 0xf2, 0xad, 0xfa, 0x8d, 0xf2, 0xad, 0xfa, 0x8d, 0xf2, 0xad, 0xfa, 0x8d, 0xf2, 
0xad, 0xfa, 0x8d, 0xf2, 0xad, 0xfa, 0x8d, 0xf2, 0xad, 0xfa, 0x8d, 0xf2, 0xad, 0xfa, 0x8d, 0xf2, 
0xad, 0xfa, 0x8d, 0xf2, 0xad, 0xfa, 0x8d, 0xf2, 0xad, 0xfa, 0x15, 0xfd, 0xff, 0xff, 0xff, 0xff, 
0xad, 0xfa, 0x8d, 0xf2, 0xad, 0xfa, 0x8d, 0xf2, 0xff, 0xff, 0xff, 0xff, 0x33, 0xfc, 0x8d, 0xf2, 
0xad, 0xfa, 0x8d, 0xf2, 0x74, 0xfc, 0xff, 0xff, 0xff, 0xff, 0xff, 0xff, 0x91, 0xfb, 0x8d, 0xf2, 
0xad, 0xfa, 0x8d, 0xf2, 0xad, 0xfa, 0xff, 0xff, 0xff, 0xff, 0x19, 0xfe, 0xff, 0xff, 0xff, 0xff, 
0xad, 0xfa, 0x8d, 0xf2, 0xad, 0xfa, 0x8d, 0xf2, 0xad, 0xfa, 0x8d, 0xf2, 0xad, 0xfa, 0x8d, 0xf2, 
0xad, 0xfa, 0x8d, 0xf2, 0xad, 0xfa, 0x8d, 0xf2, 0xad, 0xfa, 0x8d, 0xf2, 0xad, 0xfa, 0x8d, 0xf2, 
0xad, 0xfa, 0x8d, 0xf2, 0xad, 0xfa, 0x8d, 0xf2, 0xad, 0xfa, 0x8d, 0xf2, 0xad, 0xfa, 0x8d, 0xf2, 
0xad, 0xfa, 0x8d, 0xf2, 0xad, 0xfa, 0x8d, 0xf2, 0x6d, 0x32, 0x4c, 0x2a, 0x6d, 0x32, 0xe0, 0x07, 
0xe0, 0x07, 0xe0, 0x07, 0xe0, 0x07, 0xe0, 0x07, 0xe0, 0x07, 0xe0, 0x07, 0xe0, 0x07, 0xe0, 0x07, 
0xe0, 0x07, 0xe0, 0x07, 0xe0, 0x07, 0xe0, 0x07, 0xe0, 0x07, 0xe0, 0x07, 0xe0, 0x07, 0xe0, 0x07, 
0xe0, 0x07, 0xe0, 0x07, 0x4c, 0x2a, 0x4d, 0x2a, 0x4c, 0x2a, 0x8d, 0xf2, 0x8d, 0xf2, 0x8d, 0xf2, 
0x8d, 0xf2, 0x8d, 0xf2, 0x8d, 0xf2, 0x8d, 0xf2, 0x8d, 0xf2, 0x8d, 0xf2, 0x8d, 0xf2, 0x8d, 0xf2, 
0x8d, 0xf2, 0x8d, 0xf2, 0x8d, 0xf2, 0x8d, 0xf2, 0x8d, 0xf2, 0x8d, 0xf2, 0x8d, 0xf2, 0x8d, 0xf2, 
0x8d, 0xf2, 0xff, 0xff, 0xff, 0xff, 0x3d, 0xff, 0x8d, 0xf2, 0x8d, 0xf2, 0x8d, 0xf2, 0x8d, 0xf2, 
0xff, 0xff, 0xff, 0xff, 0xbb, 0xfe, 0x8d, 0xf2, 0x8d, 0xf2, 0x8d, 0xf2, 0x3d, 0xff, 0xff, 0xff, 
0xff, 0xff, 0xff, 0xff, 0xbe, 0xff, 0x8d, 0xf2, 0x8d, 0xf2, 0x8d, 0xf2, 0x73, 0xf4, 0xff, 0xff, 
0xff, 0xff, 0x8d, 0xf2, 0xff, 0xff, 0xff, 0xff, 0x56, 0xfd, 0x8d, 0xf2, 0x8d, 0xf2, 0x8d, 0xf2, 
0x8d, 0xf2, 0x8d, 0xf2, 0x8d, 0xf2, 0x8d, 0xf2, 0x8d, 0xf2, 0x8d, 0xf2, 0x8d, 0xf2, 0x8d, 0xf2, 
0x8d, 0xf2, 0x8d, 0xf2, 0x8d, 0xf2, 0x8d, 0xf2, 0x8d, 0xf2, 0x8d, 0xf2, 0x8d, 0xf2, 0x8d, 0xf2, 
0x8d, 0xf2, 0x8d, 0xf2, 0x8d, 0xf2, 0x8d, 0xf2, 0x8d, 0xf2, 0x8d, 0xf2, 0x8d, 0xf2, 0x6d, 0x4a, 
0x4c, 0x2a, 0x4d, 0x2a, 0xee, 0x42, 0xe0, 0x07, 0xe0, 0x07, 0xe0, 0x07, 0xe0, 0x07, 0xe0, 0x07, 
0xe0, 0x07, 0xe0, 0x07, 0xe0, 0x07, 0xe0, 0x07, 0xe0, 0x07, 0xe0, 0x07, 0xe0, 0x07, 0xe0, 0x07, 
0xe0, 0x07, 0xe0, 0x07, 0xe0, 0x07, 0xe0, 0x07, 0xe0, 0x07, 0xe0, 0x07, 0x8d, 0x32, 0x4c, 0x2a, 
0x6d, 0x32, 0x6d, 0x52, 0xad, 0xfa, 0x8d, 0xf2, 0xad, 0xfa, 0x8d, 0xf2, 0xad, 0xfa, 0x8d, 0xf2, 
0xad, 0xfa, 0x8d, 0xf2, 0xad, 0xfa, 0x8d, 0xf2, 0xad, 0xfa, 0x8d, 0xf2, 0xad, 0xfa, 0x8d, 0xf2, 
0xad, 0xfa, 0x8d, 0xf2, 0xad, 0xfa, 0x8d, 0xf2, 0xad, 0xfa, 0xff, 0xff, 0xff, 0xff, 0xb1, 0xf3, 
0xad, 0xfa, 0x8d, 0xf2, 0xad, 0xfa, 0x8d, 0xf2, 0x77, 0xfd, 0xff, 0xff, 0xff, 0xff, 0x8d, 0xf2, 
0xad, 0xfa, 0x8d, 0xf2, 0xff, 0xff, 0xff, 0xff, 0x16, 0xfd, 0xff, 0xff, 0xff, 0xff, 0x0f, 0xf3, 
0xad, 0xfa, 0x8d, 0xf2, 0xff, 0xff, 0xff, 0xff, 0x3d, 0xff, 0x8d, 0xf2, 0x3a, 0xfe, 0xff, 0xff, 
0xff, 0xff, 0x8d, 0xf2, 0xad, 0xfa, 0x8d, 0xf2, 0xad, 0xfa, 0x8d, 0xf2, 0xad, 0xfa, 0x8d, 0xf2, 
0xad, 0xfa, 0x8d, 0xf2, 0xad, 0xfa, 0x8d, 0xf2, 0xad, 0xfa, 0x8d, 0xf2, 0xad, 0xfa, 0x8d, 0xf2, 
0xad, 0xfa, 0x8d, 0xf2, 0xad, 0xfa, 0x8d, 0xf2, 0xad, 0xfa, 0x8d, 0xf2, 0xad, 0xfa, 0x8d, 0xf2, 
0xad, 0xfa, 0x8d, 0xf2, 0xad, 0xfa, 0x4c, 0x2a, 0x6d, 0x32, 0x4c, 0x2a, 0xe0, 0x07, 0xe0, 0x07, 
0xe0, 0x07, 0xe0, 0x07, 0xe0, 0x07, 0xe0, 0x07, 0xe0, 0x07, 0xe0, 0x07, 0xe0, 0x07, 0xe0, 0x07, 
0xe0, 0x07, 0xe0, 0x07, 0xe0, 0x07, 0xe0, 0x07, 0xe0, 0x07, 0xe0, 0x07, 0xe0, 0x07, 0xe0, 0x07, 
0xe0, 0x07, 0xe0, 0x07, 0x9a, 0xc6, 0x4d, 0x2a, 0x4c, 0x2a, 0x4d, 0x2a, 0x8d, 0xf2, 0x8d, 0xf2, 
0x8d, 0xf2, 0x8d, 0xf2, 0x8d, 0xf2, 0x8d, 0xf2, 0x8d, 0xf2, 0x8d, 0xf2, 0x8d, 0xf2, 0x8d, 0xf2, 
0x8d, 0xf2, 0x8d, 0xf2, 0x8d, 0xf2, 0x8d, 0xf2, 0x8d, 0xf2, 0x8d, 0xf2, 0x8d, 0xf2, 0x8d, 0xf2, 
0xd8, 0xfd, 0xff, 0xff, 0xff, 0xff, 0x8d, 0xf2, 0x8d, 0xf2, 0x8d, 0xf2, 0x8d, 0xf2, 0x8d, 0xf2, 
0xad, 0xf2, 0xff, 0xff, 0xff, 0xff, 0x8d, 0xf2, 0x8d, 0xf2, 0x70, 0xfb, 0xff, 0xff, 0xff, 0xff, 
0x8d, 0xf2, 0xff, 0xff, 0xff, 0xff, 0x7e, 0xff, 0x8d, 0xf2, 0x70, 0xfb, 0xff, 0xff, 0xff, 0xff, 
0x8d, 0xf2, 0x8d, 0xf2, 0x8d, 0xf2, 0xff, 0xff, 0xff, 0xff, 0xb1, 0xfb, 0x8d, 0xf2, 0x8d, 0xf2, 
0x8d, 0xf2, 0x8d, 0xf2, 0x8d, 0xf2, 0x8d, 0xf2, 0x8d, 0xf2, 0x8d, 0xf2, 0x8d, 0xf2, 0x8d, 0xf2, 
0x8d, 0xf2, 0x8d, 0xf2, 0x8d, 0xf2, 0x8d, 0xf2, 0x8d, 0xf2, 0x8d, 0xf2, 0x8d, 0xf2, 0x8d, 0xf2, 
0x8d, 0xf2, 0x8d, 0xf2, 0x8d, 0xf2, 0x8d, 0xf2, 0x8d, 0xf2, 0x8d, 0xf2, 0x4c, 0x4a, 0x4d, 0x2a, 
0x4c, 0x2a, 0x4c, 0x2a, 0xe0, 0x07, 0xe0, 0x07, 0xe0, 0x07, 0xe0, 0x07, 0xe0, 0x07, 0xe0, 0x07, 
0xe0, 0x07, 0xe0, 0x07, 0xe0, 0x07, 0xe0, 0x07, 0xe0, 0x07, 0xe0, 0x07, 0xe0, 0x07, 0xe0, 0x07, 
0xe0, 0x07, 0xe0, 0x07, 0xe0, 0x07, 0xe0, 0x07, 0xe0, 0x07, 0xe0, 0x07, 0xe0, 0x07, 0x4c, 0x2a, 
0x6d, 0x32, 0x4c, 0x2a, 0x6d, 0x6a, 0x8d, 0xf2, 0xad, 0xfa, 0x8d, 0xf2, 0xad, 0xfa, 0x8d, 0xf2, 
0xad, 0xfa, 0x8d, 0xf2, 0xad, 0xfa, 0x8d, 0xf2, 0xad, 0xfa, 0x8d, 0xf2, 0xad, 0xfa, 0x8d, 0xf2, 
0xad, 0xfa, 0x8d, 0xf2, 0xad, 0xfa, 0x8d, 0xf2, 0xff, 0xff, 0xff, 0xff, 0x5a, 0xfe, 0x8d, 0xf2, 
0xad, 0xfa, 0x8d, 0xf2, 0xad, 0xfa, 0x8d, 0xf2, 0xad, 0xfa, 0xff, 0xff, 0xff, 0xff, 0x4f, 0xf3, 
0xad, 0xfa, 0x5a, 0xfe, 0xff, 0xff, 0xff, 0xff, 0xad, 0xfa, 0x70, 0xf3, 0xff, 0xff, 0xff, 0xff, 
0xae, 0xfa, 0xbe, 0xff, 0xff, 0xff, 0xdf, 0xff, 0xad, 0xfa, 0x8d, 0xf2, 0xad, 0xfa, 0xbf, 0xff, 
0xff, 0xff, 0xff, 0xff, 0xad, 0xfa, 0x8d, 0xf2, 0xad, 0xfa, 0x8d, 0xf2, 0xad, 0xfa, 0x8d, 0xf2, 
0xad, 0xfa, 0x8d, 0xf2, 0xad, 0xfa, 0x8d, 0xf2, 0xad, 0xfa, 0x8d, 0xf2, 0xad, 0xfa, 0x8d, 0xf2, 
0xad, 0xfa, 0x8d, 0xf2, 0xad, 0xfa, 0x8d, 0xf2, 0xad, 0xfa, 0x8d, 0xf2, 0xad, 0xfa, 0x8d, 0xf2, 
0xad, 0xfa, 0x8d, 0xf2, 0x6d, 0x32, 0x4c, 0x2a, 0x6d, 0x32, 0x39, 0xbe, 0xe0, 0x07, 0xe0, 0x07, 
0xe0, 0x07, 0xe0, 0x07, 0xe0, 0x07, 0xe0, 0x07, 0xe0, 0x07, 0xe0, 0x07, 0xe0, 0x07, 0xe0, 0x07, 
0xe0, 0x07, 0xe0, 0x07, 0xe0, 0x07, 0xe0, 0x07, 0xe0, 0x07, 0xe0, 0x07, 0xe0, 0x07, 0xe0, 0x07, 
0xe0, 0x07, 0xe0, 0x07, 0xde, 0xf7, 0x9a, 0xce, 0x4c, 0x2a, 0x4d, 0x2a, 0x4c, 0x2a, 0x8d, 0xf2, 
0x8d, 0xf2, 0x8d, 0xf2, 0x8d, 0xf2, 0x8d, 0xf2, 0x8d, 0xf2, 0x8d, 0xf2, 0x8d, 0xf2, 0x8d, 0xf2, 
0x8d, 0xf2, 0x8d, 0xf2, 0x8d, 0xf2, 0x8d, 0xf2, 0x8d, 0xf2, 0x8d, 0xf2, 0x8d, 0xf2, 0x50, 0xfb, 
0xff, 0xff, 0xff, 0xff, 0xee, 0xf2, 0x8d, 0xf2, 0x8d, 0xf2, 0x8d, 0xf2, 0x8d, 0xf2, 0x8d, 0xf2, 
0x8d, 0xf2, 0xff, 0xff, 0xff, 0xff, 0xf9, 0xfd, 0x8d, 0xf2, 0xff, 0xff, 0xff, 0xff, 0xf9, 0xfd, 
0x8d, 0xf2, 0x8d, 0xf2, 0xff, 0xff, 0xff, 0xff, 0x1c, 0xff, 0xff, 0xff, 0xff, 0xff, 0x50, 0xfb, 
0x8d, 0xf2, 0x8d, 0xf2, 0x8d, 0xf2, 0xf2, 0xfb, 0xff, 0xff, 0xff, 0xff, 0x8d, 0xf2, 0x8d, 0xf2, 
0x8d, 0xf2, 0x8d, 0xf2, 0x8d, 0xf2, 0x8d, 0xf2, 0x8d, 0xf2, 0x8d, 0xf2, 0x8d, 0xf2, 0x8d, 0xf2, 
0x8d, 0xf2, 0x8d, 0xf2, 0x8d, 0xf2, 0x8d, 0xf2, 0x8d, 0xf2, 0x8d, 0xf2, 0x8d, 0xf2, 0x8d, 0xf2, 
0x8d, 0xf2, 0x8d, 0xf2, 0x8d, 0xf2, 0x8d, 0xf2, 0x8d, 0xf2, 0x6d, 0x4a, 0x4c, 0x2a, 0x4d, 0x2a, 
0x4c, 0x2a, 0xe0, 0x07, 0xe0, 0x07, 0xe0, 0x07, 0xe0, 0x07, 0xe0, 0x07, 0xe0, 0x07, 0xe0, 0x07, 
0xe0, 0x07, 0xe0, 0x07, 0xe0, 0x07, 0xe0, 0x07, 0xe0, 0x07, 0xe0, 0x07, 0xe0, 0x07, 0xe0, 0x07, 
0xe0, 0x07, 0xe0, 0x07, 0xe0, 0x07, 0xe0, 0x07, 0xe0, 0x07, 0xe0, 0x07, 0xe0, 0x07, 0xe0, 0x07, 
0x6d, 0x32, 0x4c, 0x2a, 0x6d, 0x32, 0x6c, 0x52, 0xad, 0xfa, 0x8d, 0xf2, 0xad, 0xfa, 0x8d, 0xf2, 
0xad, 0xfa, 0x8d, 0xf2, 0xad, 0xfa, 0x8d, 0xf2, 0xad, 0xfa, 0x8d, 0xf2, 0xad, 0xfa, 0x8d, 0xf2, 
0xad, 0xfa, 0x8d, 0xf2, 0xad, 0xfa, 0xfc, 0xfe, 0xff, 0xff, 0xff, 0xff, 0xad, 0xfa, 0x8d, 0xf2, 
0xad, 0xfa, 0x8d, 0xf2, 0xad, 0xfa, 0x8d, 0xf2, 0xad, 0xfa, 0xb8, 0xfd, 0xff, 0xff, 0xff, 0xff, 
0xad, 0xfa, 0xff, 0xff, 0xff, 0xff, 0xee, 0xf2, 0xad, 0xfa, 0x8d, 0xf2, 0xf2, 0xfb, 0xff, 0xff, 
0xff, 0xff, 0xff, 0xff, 0xff, 0xff, 0x8d, 0xf2, 0xad, 0xfa, 0x8d, 0xf2, 0xad, 0xfa, 0x8d, 0xf2, 
0xff, 0xff, 0xff, 0xff, 0xbb, 0xfe, 0x8d, 0xf2, 0xad, 0xfa, 0x8d, 0xf2, 0xad, 0xfa, 0x8d, 0xf2, 
0xad, 0xfa, 0x8d, 0xf2, 0xad, 0xfa, 0x8d, 0xf2, 0xad, 0xfa, 0x8d, 0xf2, 0xad, 0xfa, 0x8d, 0xf2, 
0xad, 0xfa, 0x8d, 0xf2, 0xad, 0xfa, 0x8d, 0xf2, 0xad, 0xfa, 0x8d, 0xf2, 0xad, 0xfa, 0x8d, 0xf2, 
0xad, 0xfa, 0x4c, 0x2a, 0x6d, 0x32, 0x4c, 0x2a, 0x1c, 0xdf, 0xe0, 0x07, 0xe0, 0x07, 0xe0, 0x07, 
0xe0, 0x07, 0xe0, 0x07, 0xe0, 0x07, 0xe0, 0x07, 0xe0, 0x07, 0xe0, 0x07, 0xe0, 0x07, 0xe0, 0x07, 
0xe0, 0x07, 0xe0, 0x07, 0xe0, 0x07, 0xe0, 0x07, 0xe0, 0x07, 0xe0, 0x07, 0xe0, 0x07, 0xe0, 0x07, 
0xe0, 0x07, 0xe0, 0x07, 0xe0, 0x07, 0xe0, 0x07, 0x9d, 0xef, 0x4d, 0x2a, 0x4c, 0x2a, 0x4d, 0x2a, 
0xff, 0xff, 0xff, 0xff, 0xff, 0xff, 0xff, 0xff, 0xff, 0xff, 0xff, 0xff, 0xff, 0xff, 0xff, 0xff, 
0xff, 0xff, 0xff, 0xff, 0xff, 0xff, 0xff, 0xff, 0xff, 0xff, 0xff, 0xff, 0xff, 0xff, 0xff, 0xff, 
0xff, 0xff, 0x97, 0xfd, 0x8d, 0xf2, 0x8d, 0xf2, 0x8d, 0xf2, 0x8d, 0xf2, 0x8d, 0xf2, 0x8d, 0xf2, 
0x8d, 0xf2, 0x0f, 0xf3, 0xff, 0xff, 0xff, 0xff, 0x56, 0xfd, 0xff, 0xff, 0xff, 0xff, 0x8d, 0xf2, 
0x8d, 0xf2, 0x8d, 0xf2, 0x8d, 0xf2, 0xff, 0xff, 0xff, 0xff, 0xff, 0xff, 0x53, 0xf4, 0x8d, 0xf2, 
0x8d, 0xf2, 0x8d, 0xf2, 0x8d, 0xf2, 0x8d, 0xf2, 0x97, 0xfd, 0xff, 0xff, 0xff, 0xff, 0xff, 0xff, 
0xff, 0xff, 0xff, 0xff, 0xff, 0xff, 0xff, 0xff, 0xff, 0xff, 0xff, 0xff, 0xff, 0xff, 0xff, 0xff, 
0xff, 0xff, 0xff, 0xff, 0xff, 0xff, 0xff, 0xff, 0xff, 0xff, 0xff, 0xff, 0xff, 0xff, 0xff, 0xff, 
0xff, 0xff, 0xff, 0xff, 0xff, 0xff, 0xff, 0xff, 0x0f, 0x43, 0x4d, 0x2a, 0x4c, 0x2a, 0x6d, 0x32, 
0xe0, 0x07, 0xe0, 0x07, 0xe0, 0x07, 0xe0, 0x07, 0xe0, 0x07, 0xe0, 0x07, 0xe0, 0x07, 0xe0, 0x07, 
0xe0, 0x07, 0xe0, 0x07, 0xe0, 0x07, 0xe0, 0x07, 0xe0, 0x07, 0xe0, 0x07, 0xe0, 0x07, 0xe0, 0x07, 
0xe0, 0x07, 0xe0, 0x07, 0xe0, 0x07, 0xe0, 0x07, 0xe0, 0x07, 0xe0, 0x07, 0xe0, 0x07, 0xe0, 0x07, 
0xe0, 0x07, 0xce, 0x3a, 0x6d, 0x32, 0x4c, 0x2a, 0xae, 0x3a, 0xff, 0xff, 0xff, 0xff, 0xff, 0xff, 
0xff, 0xff, 0xff, 0xff, 0xff, 0xff, 0xff, 0xff, 0xff, 0xff, 0xff, 0xff, 0xff, 0xff, 0xff, 0xff, 
0xff, 0xff, 0xff, 0xff, 0xff, 0xff, 0xff, 0xff, 0xff, 0xff, 0x8d, 0xf2, 0xad, 0xfa, 0x8d, 0xf2, 
0xad, 0xfa, 0x8d, 0xf2, 0xad, 0xfa, 0x8d, 0xf2, 0xad, 0xfa, 0x8d, 0xf2, 0xff, 0xff, 0xff, 0xff, 
0xff, 0xff, 0xff, 0xff, 0xdc, 0xfe, 0x8d, 0xf2, 0xad, 0xfa, 0x8d, 0xf2, 0xad, 0xfa, 0x94, 0xfc, 
0xff, 0xff, 0xff, 0xff, 0xad, 0xfa, 0x8d, 0xf2, 0xad, 0xfa, 0x8d, 0xf2, 0xad, 0xfa, 0x8d, 0xf2, 
0xad, 0xfa, 0xff, 0xff, 0xff, 0xff, 0xff, 0xff, 0xff, 0xff, 0xff, 0xff, 0xff, 0xff, 0xff, 0xff, 
0xff, 0xff, 0xff, 0xff, 0xff, 0xff, 0xff, 0xff, 0xff, 0xff, 0xff, 0xff, 0xff, 0xff, 0xff, 0xff, 
0xff, 0xff, 0xff, 0xff, 0xff, 0xff, 0xff, 0xff, 0xff, 0xff, 0xff, 0xff, 0xff, 0xff, 0xbb, 0xce, 
0x6d, 0x32, 0x4c, 0x2a, 0x6d, 0x32, 0xe0, 0x07, 0xe0, 0x07, 0xe0, 0x07, 0xe0, 0x07, 0xe0, 0x07, 
0xe0, 0x07, 0xe0, 0x07, 0xe0, 0x07, 0xe0, 0x07, 0xe0, 0x07, 0xe0, 0x07, 0xe0, 0x07, 0xe0, 0x07, 
0xe0, 0x07, 0xe0, 0x07, 0xe0, 0x07, 0xe0, 0x07, 0xe0, 0x07, 0xe0, 0x07, 0xe0, 0x07, 0xe0, 0x07, 
0xe0, 0x07, 0xe0, 0x07, 0xe0, 0x07, 0xe0, 0x07, 0xe0, 0x07, 0xe0, 0x07, 0x4c, 0x2a, 0x4d, 0x2a, 
0x4c, 0x2a, 0x33, 0x9c, 0x56, 0xfd, 0x57, 0xfd, 0x56, 0xfd, 0x57, 0xfd, 0x56, 0xfd, 0x57, 0xfd, 
0x56, 0xfd, 0x57, 0xfd, 0x56, 0xfd, 0x57, 0xfd, 0x56, 0xfd, 0x57, 0xfd, 0x56, 0xfd, 0x57, 0xfd, 
0x2f, 0xf3, 0x8d, 0xf2, 0x8d, 0xf2, 0x8d, 0xf2, 0x8d, 0xf2, 0x8d, 0xf2, 0x8d, 0xf2, 0x8d, 0xf2, 
0x8d, 0xf2, 0x8d, 0xf2, 0xff, 0xff, 0xff, 0xff, 0xff, 0xff, 0xff, 0xff, 0xd1, 0xf3, 0x8d, 0xf2, 
0x8d, 0xf2, 0x8d, 0xf2, 0x8d, 0xf2, 0x8d, 0xf2, 0xb4, 0xfc, 0x70, 0xfb, 0x8d, 0xf2, 0x8d, 0xf2, 
0x8d, 0xf2, 0x8d, 0xf2, 0x8d, 0xf2, 0x8d, 0xf2, 0x8d, 0xf2, 0x50, 0xfb, 0x56, 0xfd, 0x57, 0xfd, 
0x56, 0xfd, 0x57, 0xfd, 0x56, 0xfd, 0x57, 0xfd, 0x56, 0xfd, 0x57, 0xfd, 0x56, 0xfd, 0x57, 0xfd, 
0x56, 0xfd, 0x57, 0xfd, 0x56, 0xfd, 0x57, 0xfd, 0x56, 0xfd, 0x57, 0xfd, 0x56, 0xfd, 0x57, 0xfd, 
0x56, 0xfd, 0x57, 0xfd, 0x56, 0xfd, 0x4d, 0x2a, 0x4c, 0x2a, 0x4d, 0x2a, 0x90, 0x53, 0xe0, 0x07, 
0xe0, 0x07, 0xe0, 0x07, 0xe0, 0x07, 0xe0, 0x07, 0xe0, 0x07, 0xe0, 0x07, 0xe0, 0x07, 0xe0, 0x07, 
0xe0, 0x07, 0xe0, 0x07, 0xe0, 0x07, 0xe0, 0x07, 0xe0, 0x07, 0xe0, 0x07, 0xe0, 0x07, 0xe0, 0x07, 
0xe0, 0x07, 0xe0, 0x07, 0xe0, 0x07, 0xe0, 0x07, 0xe0, 0x07, 0xe0, 0x07, 0xe0, 0x07, 0xe0, 0x07, 
0xe0, 0x07, 0xe0, 0x07, 0xd5, 0x8c, 0x4c, 0x2a, 0x6d, 0x32, 0x4c, 0x2a, 0xad, 0xfa, 0x8d, 0xf2, 
0xad, 0xfa, 0x8d, 0xf2, 0xad, 0xfa, 0x8d, 0xf2, 0xad, 0xfa, 0x8d, 0xf2, 0xad, 0xfa, 0x8d, 0xf2, 
0xad, 0xfa, 0x8d, 0xf2, 0xad, 0xfa, 0x8d, 0xf2, 0xad, 0xfa, 0x8d, 0xf2, 0xad, 0xfa, 0x8d, 0xf2, 
0xad, 0xfa, 0x8d, 0xf2, 0xad, 0xfa, 0x8d, 0xf2, 0xad, 0xfa, 0x8d, 0xf2, 0x3a, 0xfe, 0xff, 0xff, 
0xff, 0xff, 0xff, 0xff, 0xad, 0xfa, 0x8d, 0xf2, 0xad, 0xfa, 0x8d, 0xf2, 0xad, 0xfa, 0x8d, 0xf2, 
0xad, 0xfa, 0x8d, 0xf2, 0xad, 0xfa, 0x8d, 0xf2, 0xad, 0xfa, 0x8d, 0xf2, 0xad, 0xfa, 0x8d, 0xf2, 
0xad, 0xfa, 0x8d, 0xf2, 0xad, 0xfa, 0x8d, 0xf2, 0xad, 0xfa, 0x8d, 0xf2, 0xad, 0xfa, 0x8d, 0xf2, 
0xad, 0xfa, 0x8d, 0xf2, 0xad, 0xfa, 0x8d, 0xf2, 0xad, 0xfa, 0x8d, 0xf2, 0xad, 0xfa, 0x8d, 0xf2, 
0xad, 0xfa, 0x8d, 0xf2, 0xad, 0xfa, 0x8d, 0xf2, 0xad, 0xfa, 0x8d, 0xf2, 0x6d, 0x42, 0x4c, 0x2a, 
0x6d, 0x32, 0x4c, 0x2a, 0xe0, 0x07, 0xe0, 0x07, 0xe0, 0x07, 0xe0, 0x07, 0xe0, 0x07, 0xe0, 0x07, 
0xe0, 0x07, 0xe0, 0x07, 0xe0, 0x07, 0xe0, 0x07, 0xe0, 0x07, 0xe0, 0x07, 0xe0, 0x07, 0xe0, 0x07, 
0xe0, 0x07, 0xe0, 0x07, 0xe0, 0x07, 0xe0, 0x07, 0xe0, 0x07, 0xe0, 0x07, 0xe0, 0x07, 0xe0, 0x07, 
0xe0, 0x07, 0xe0, 0x07, 0xe0, 0x07, 0xe0, 0x07, 0xe0, 0x07, 0xe0, 0x07, 0xdf, 0xff, 0x4d, 0x32, 
0x4c, 0x2a, 0x4d, 0x2a, 0x4c, 0x2a, 0x8d, 0xf2, 0x8d, 0xf2, 0x8d, 0xf2, 0x8d, 0xf2, 0x8d, 0xf2, 
0x8d, 0xf2, 0x8d, 0xf2, 0x8d, 0xf2, 0x8d, 0xf2, 0x8d, 0xf2, 0x8d, 0xf2, 0x8d, 0xf2, 0x8d, 0xf2, 
0x8d, 0xf2, 0x8d, 0xf2, 0x8d, 0xf2, 0x8d, 0xf2, 0x8d, 0xf2, 0x8d, 0xf2, 0x8d, 0xf2, 0x8d, 0xf2, 
0x8d, 0xf2, 0x8d, 0xf2, 0xd1, 0xf3, 0xff, 0xff, 0xff, 0xff, 0xbf, 0xff, 0x8d, 0xf2, 0x8d, 0xf2, 
0x8d, 0xf2, 0x8d, 0xf2, 0x8d, 0xf2, 0x8d, 0xf2, 0x8d, 0xf2, 0x8d, 0xf2, 0x8d, 0xf2, 0x8d, 0xf2, 
0x8d, 0xf2, 0x8d, 0xf2, 0x8d, 0xf2, 0x8d, 0xf2, 0x8d, 0xf2, 0x8d, 0xf2, 0x8d, 0xf2, 0x8d, 0xf2, 
0x8d, 0xf2, 0x8d, 0xf2, 0x8d, 0xf2, 0x8d, 0xf2, 0x8d, 0xf2, 0x8d, 0xf2, 0x8d, 0xf2, 0x8d, 0xf2, 
0x8d, 0xf2, 0x8d, 0xf2, 0x8d, 0xf2, 0x8d, 0xf2, 0x8d, 0xf2, 0x8d, 0xf2, 0x8d, 0xf2, 0x8d, 0xf2, 
0x8d, 0xf2, 0x8d, 0xaa, 0x4c, 0x2a, 0x4d, 0x2a, 0x4c, 0x2a, 0x7a, 0xc6, 0xe0, 0x07, 0xe0, 0x07, 
0xe0, 0x07, 0xe0, 0x07, 0xe0, 0x07, 0xe0, 0x07, 0xe0, 0x07, 0xe0, 0x07, 0xe0, 0x07, 0xe0, 0x07, 
0xe0, 0x07, 0xe0, 0x07, 0xe0, 0x07, 0xe0, 0x07, 0xe0, 0x07, 0xe0, 0x07, 0xe0, 0x07, 0xe0, 0x07, 
0xe0, 0x07, 0xe0, 0x07, 0xe0, 0x07, 0xe0, 0x07, 0xe0, 0x07, 0xe0, 0x07, 0xe0, 0x07, 0xe0, 0x07, 
0xe0, 0x07, 0xe0, 0x07, 0xe0, 0x07, 0xe0, 0x07, 0x6d, 0x32, 0x4c, 0x2a, 0x6d, 0x32, 0x6d, 0x5a, 
0xad, 0xfa, 0x8d, 0xf2, 0xad, 0xfa, 0x8d, 0xf2, 0xad, 0xfa, 0x8d, 0xf2, 0xad, 0xfa, 0x8d, 0xf2, 
0xad, 0xfa, 0x8d, 0xf2, 0xad, 0xfa, 0x8d, 0xf2, 0xad, 0xfa, 0x8d, 0xf2, 0xad, 0xfa, 0x8d, 0xf2, 
0xad, 0xfa, 0x8d, 0xf2, 0xad, 0xfa, 0x8d, 0xf2, 0xad, 0xfa, 0x8d, 0xf2, 0xad, 0xfa, 0xff, 0xff, 
0xff, 0xff, 0xb4, 0xfc, 0xad, 0xfa, 0x8d, 0xf2, 0xad, 0xfa, 0x8d, 0xf2, 0xad, 0xfa, 0x8d, 0xf2, 
0xad, 0xfa, 0x8d, 0xf2, 0xad, 0xfa, 0x8d, 0xf2, 0xad, 0xfa, 0x8d, 0xf2, 0xad, 0xfa, 0x8d, 0xf2, 
0xad, 0xfa, 0x8d, 0xf2, 0xad, 0xfa, 0x8d, 0xf2, 0xad, 0xfa, 0x8d, 0xf2, 0xad, 0xfa, 0x8d, 0xf2, 
0xad, 0xfa, 0x8d, 0xf2, 0xad, 0xfa, 0x8d, 0xf2, 0xad, 0xfa, 0x8d, 0xf2, 0xad, 0xfa, 0x8d, 0xf2, 
0xad, 0xfa, 0x8d, 0xf2, 0xad, 0xfa, 0x8d, 0xf2, 0xad, 0xfa, 0x4c, 0x2a, 0x6d, 0x32, 0x4c, 0x2a, 
0x0f, 0x4b, 0xe0, 0x07, 0xe0, 0x07, 0xe0, 0x07, 0xe0, 0x07, 0xe0, 0x07, 0xe0, 0x07, 0xe0, 0x07, 
0xe0, 0x07, 0xe0, 0x07, 0xe0, 0x07, 0xe0, 0x07, 0xe0, 0x07, 0xe0, 0x07, 0xe0, 0x07, 0xe0, 0x07, 
0xe0, 0x07, 0xe0, 0x07, 0xe0, 0x07, 0xe0, 0x07, 0xe0, 0x07, 0xe0, 0x07, 0xe0, 0x07, 0xe0, 0x07, 
0xe0, 0x07, 0xe0, 0x07, 0xe0, 0x07, 0xe0, 0x07, 0xe0, 0x07, 0xe0, 0x07, 0xe0, 0x07, 0xe0, 0x07, 
0xf5, 0x8c, 0x4d, 0x2a, 0x4c, 0x2a, 0x4d, 0x2a, 0x8d, 0xda, 0x8d, 0xf2, 0x8d, 0xf2, 0x8d, 0xf2, 
0x8d, 0xf2, 0x8d, 0xf2, 0x8d, 0xf2, 0x8d, 0xf2, 0x8d, 0xf2, 0x8d, 0xf2, 0x8d, 0xf2, 0x8d, 0xf2, 
0x8d, 0xf2, 0x8d, 0xf2, 0x8d, 0xf2, 0x8d, 0xf2, 0x8d, 0xf2, 0x8d, 0xf2, 0x8d, 0xf2, 0x8d, 0xf2, 
0x8d, 0xf2, 0x8d, 0xf2, 0x8d, 0xf2, 0xfc, 0xfe, 0xff, 0xff, 0x8d, 0xf2, 0x8d, 0xf2, 0x8d, 0xf2, 
0x8d, 0xf2, 0x8d, 0xf2, 0x8d, 0xf2, 0x8d, 0xf2, 0x8d, 0xf2, 0x8d, 0xf2, 0x8d, 0xf2, 0x8d, 0xf2, 
0x8d, 0xf2, 0x8d, 0xf2, 0x8d, 0xf2, 0x8d, 0xf2, 0x8d, 0xf2, 0x8d, 0xf2, 0x8d, 0xf2, 0x8d, 0xf2, 
0x8d, 0xf2, 0x8d, 0xf2, 0x8d, 0xf2, 0x8d, 0xf2, 0x8d, 0xf2, 0x8d, 0xf2, 0x8d, 0xf2, 0x8d, 0xf2, 
0x8d, 0xf2, 0x8d, 0xf2, 0x8d, 0xf2, 0x8d, 0xf2, 0x8d, 0xf2, 0x8d, 0xf2, 0x8d, 0xf2, 0x8d, 0xf2, 
0x4c, 0x32, 0x4d, 0x2a, 0x4c, 0x2a, 0x4d, 0x2a, 0xe0, 0x07, 0xe0, 0x07, 0xe0, 0x07, 0xe0, 0x07, 
0xe0, 0x07, 0xe0, 0x07, 0xe0, 0x07, 0xe0, 0x07, 0xe0, 0x07, 0xe0, 0x07, 0xe0, 0x07, 0xe0, 0x07, 
0xe0, 0x07, 0xe0, 0x07, 0xe0, 0x07, 0xe0, 0x07, 0xe0, 0x07, 0xe0, 0x07, 0xe0, 0x07, 0xe0, 0x07, 
0xe0, 0x07, 0xe0, 0x07, 0xe0, 0x07, 0xe0, 0x07, 0xe0, 0x07, 0xe0, 0x07, 0xe0, 0x07, 0xe0, 0x07, 
0xe0, 0x07, 0xe0, 0x07, 0xe0, 0x07, 0xe0, 0x07, 0xe0, 0x07, 0xce, 0x42, 0x6d, 0x32, 0x4c, 0x2a, 
0x6d, 0x32, 0x8d, 0xf2, 0xad, 0xfa, 0x8d, 0xf2, 0xad, 0xfa, 0x8d, 0xf2, 0xad, 0xfa, 0x8d, 0xf2, 
0xad, 0xfa, 0x8d, 0xf2, 0xad, 0xfa, 0x8d, 0xf2, 0xad, 0xfa, 0x8d, 0xf2, 0xad, 0xfa, 0x8d, 0xf2, 
0xad, 0xfa, 0x8d, 0xf2, 0xad, 0xfa, 0x8d, 0xf2, 0xad, 0xfa, 0x8d, 0xf2, 0xad, 0xfa, 0x8d, 0xf2, 
0xad, 0xfa, 0x8d, 0xf2, 0xad, 0xfa, 0x8d, 0xf2, 0xad, 0xfa, 0x8d, 0xf2, 0xad, 0xfa, 0x8d, 0xf2, 
0xad, 0xfa, 0x8d, 0xf2, 0xad, 0xfa, 0x8d, 0xf2, 0xad, 0xfa, 0x8d, 0xf2, 0xad, 0xfa, 0x8d, 0xf2, 
0xad, 0xfa, 0x8d, 0xf2, 0xad, 0xfa, 0x8d, 0xf2, 0xad, 0xfa, 0x8d, 0xf2, 0xad, 0xfa, 0x8d, 0xf2, 
0xad, 0xfa, 0x8d, 0xf2, 0xad, 0xfa, 0x8d, 0xf2, 0xad, 0xfa, 0x8d, 0xf2, 0xad, 0xfa, 0x8d, 0xf2, 
0xad, 0xfa, 0x8d, 0xf2, 0xad, 0xfa, 0x6c, 0x6a, 0x6d, 0x32, 0x4c, 0x2a, 0x6d, 0x32, 0xe0, 0x07, 
0xe0, 0x07, 0xe0, 0x07, 0xe0, 0x07, 0xe0, 0x07, 0xe0, 0x07, 0xe0, 0x07, 0xe0, 0x07, 0xe0, 0x07, 
0xe0, 0x07, 0xe0, 0x07, 0xe0, 0x07, 0xe0, 0x07, 0xe0, 0x07, 0xe0, 0x07, 0xe0, 0x07, 0xe0, 0x07, 
0xe0, 0x07, 0xe0, 0x07, 0xe0, 0x07, 0xe0, 0x07, 0xe0, 0x07, 0xe0, 0x07, 0xe0, 0x07, 0xe0, 0x07, 
0xe0, 0x07, 0xe0, 0x07, 0xe0, 0x07, 0xe0, 0x07, 0xe0, 0x07, 0xe0, 0x07, 0xe0, 0x07, 0xe0, 0x07, 
0xe0, 0x07, 0xe0, 0x07, 0x4c, 0x2a, 0x4d, 0x2a, 0x4c, 0x2a, 0x4d, 0x32, 0x8d, 0xf2, 0x8d, 0xf2, 
0x8d, 0xf2, 0x8d, 0xf2, 0x8d, 0xf2, 0x8d, 0xf2, 0x8d, 0xf2, 0x8d, 0xf2, 0x8d, 0xf2, 0x8d, 0xf2, 
0x8d, 0xf2, 0x8d, 0xf2, 0x8d, 0xf2, 0x8d, 0xf2, 0x8d, 0xf2, 0x8d, 0xf2, 0x8d, 0xf2, 0x8d, 0xf2, 
0x8d, 0xf2, 0x8d, 0xf2, 0x8d, 0xf2, 0x8d, 0xf2, 0x8d, 0xf2, 0x8d, 0xf2, 0x8d, 0xf2, 0x8d, 0xf2, 
0x8d, 0xf2, 0x8d, 0xf2, 0x8d, 0xf2, 0x8d, 0xf2, 0x8d, 0xf2, 0x8d, 0xf2, 0x8d, 0xf2, 0x8d, 0xf2, 
0x8d, 0xf2, 0x8d, 0xf2, 0x8d, 0xf2, 0x8d, 0xf2, 0x8d, 0xf2, 0x8d, 0xf2, 0x8d, 0xf2, 0x8d, 0xf2, 
0x8d, 0xf2, 0x8d, 0xf2, 0x8d, 0xf2, 0x8d, 0xf2, 0x8d, 0xf2, 0x8d, 0xf2, 0x8d, 0xf2, 0x8d, 0xf2, 
0x8d, 0xf2, 0x8d, 0xf2, 0x8d, 0xf2, 0x8d, 0xf2, 0x8d, 0xf2, 0x8d, 0xf2, 0x6d, 0xba, 0x4d, 0x2a, 
0x4c, 0x2a, 0x4d, 0x2a, 0xb4, 0x84, 0xe0, 0x07, 0xe0, 0x07, 0xe0, 0x07, 0xe0, 0x07, 0xe0, 0x07, 
0xe0, 0x07, 0xe0, 0x07, 0xe0, 0x07, 0xe0, 0x07, 0xe0, 0x07, 0xe0, 0x07, 0xe0, 0x07, 0xe0, 0x07, 
0xe0, 0x07, 0xe0, 0x07, 0xe0, 0x07, 0xe0, 0x07, 0xe0, 0x07, 0xe0, 0x07, 0xe0, 0x07, 0xe0, 0x07, 
0xe0, 0x07, 0xe0, 0x07, 0xe0, 0x07, 0xe0, 0x07, 0xe0, 0x07, 0xe0, 0x07, 0xe0, 0x07, 0xe0, 0x07, 
0xe0, 0x07, 0xe0, 0x07, 0xe0, 0x07, 0xe0, 0x07, 0xe0, 0x07, 0xe0, 0x07, 0xe0, 0x07, 0x4c, 0x2a, 
0x6d, 0x32, 0x4c, 0x2a, 0x6d, 0x5a, 0x8d, 0xf2, 0xad, 0xfa, 0x8d, 0xf2, 0xad, 0xfa, 0x8d, 0xf2, 
0xad, 0xfa, 0x8d, 0xf2, 0xad, 0xfa, 0x8d, 0xf2, 0xad, 0xfa, 0x8d, 0xf2, 0xad, 0xfa, 0x8d, 0xf2, 
0xad, 0xfa, 0x8d, 0xf2, 0xad, 0xfa, 0x8d, 0xf2, 0xad, 0xfa, 0x8d, 0xf2, 0xad, 0xfa, 0x8d, 0xf2, 
0xad, 0xfa, 0x8d, 0xf2, 0xad, 0xfa, 0x8d, 0xf2, 0xad, 0xfa, 0x8d, 0xf2, 0xad, 0xfa, 0x8d, 0xf2, 
0xad, 0xfa, 0x8d, 0xf2, 0xad, 0xfa, 0x8d, 0xf2, 0xad, 0xfa, 0x8d, 0xf2, 0xad, 0xfa, 0x8d, 0xf2, 
0xad, 0xfa, 0x8d, 0xf2, 0xad, 0xfa, 0x8d, 0xf2, 0xad, 0xfa, 0x8d, 0xf2, 0xad, 0xfa, 0x8d, 0xf2, 
0xad, 0xfa, 0x8d, 0xf2, 0xad, 0xfa, 0x8d, 0xf2, 0xad, 0xfa, 0x8d, 0xf2, 0xad, 0xfa, 0x8d, 0xf2, 
0xad, 0xfa, 0x8d, 0xf2, 0x6d, 0x32, 0x4c, 0x2a, 0x6d, 0x32, 0xce, 0x42, 0xe0, 0x07, 0xe0, 0x07, 
0xe0, 0x07, 0xe0, 0x07, 0xe0, 0x07, 0xe0, 0x07, 0xe0, 0x07, 0xe0, 0x07, 0xe0, 0x07, 0xe0, 0x07, 
0xe0, 0x07, 0xe0, 0x07, 0xe0, 0x07, 0xe0, 0x07, 0xe0, 0x07, 0xe0, 0x07, 0xe0, 0x07, 0xe0, 0x07, 
0xe0, 0x07, 0xe0, 0x07, 0xe0, 0x07, 0xe0, 0x07, 0xe0, 0x07, 0xe0, 0x07, 0xe0, 0x07, 0xe0, 0x07, 
0xe0, 0x07, 0xe0, 0x07, 0xe0, 0x07, 0xe0, 0x07, 0xe0, 0x07, 0xe0, 0x07, 0xe0, 0x07, 0xe0, 0x07, 
0xe0, 0x07, 0xe0, 0x07, 0xde, 0xf7, 0x57, 0x9d, 0x4c, 0x2a, 0x4d, 0x2a, 0x4c, 0x2a, 0x8d, 0x9a, 
0x8d, 0xf2, 0x8d, 0xf2, 0x8d, 0xf2, 0x8d, 0xf2, 0x8d, 0xf2, 0x8d, 0xf2, 0x8d, 0xf2, 0x8d, 0xf2, 
0x8d, 0xf2, 0x8d, 0xf2, 0x8d, 0xf2, 0x8d, 0xf2, 0x8d, 0xf2, 0x8d, 0xf2, 0x8d, 0xf2, 0x8d, 0xf2, 
0x8d, 0xf2, 0x8d, 0xf2, 0x8d, 0xf2, 0x8d, 0xf2, 0x8d, 0xf2, 0x8d, 0xf2, 0x8d, 0xf2, 0x8d, 0xf2, 
0x8d, 0xf2, 0x8d, 0xf2, 0x8d, 0xf2, 0x8d, 0xf2, 0x8d, 0xf2, 0x8d, 0xf2, 0x8d, 0xf2, 0x8d, 0xf2, 
0x8d, 0xf2, 0x8d, 0xf2, 0x8d, 0xf2, 0x8d, 0xf2, 0x8d, 0xf2, 0x8d, 0xf2, 0x8d, 0xf2, 0x8d, 0xf2, 
0x8d, 0xf2, 0x8d, 0xf2, 0x8d, 0xf2, 0x8d, 0xf2, 0x8d, 0xf2, 0x8d, 0xf2, 0x8d, 0xf2, 0x8d, 0xf2, 
0x8d, 0xf2, 0x8d, 0xf2, 0x8d, 0xf2, 0x8d, 0xf2, 0x8d, 0xf2, 0x4d, 0x2a, 0x4c, 0x2a, 0x4d, 0x2a, 
0x4c, 0x2a, 0xe0, 0x07, 0xe0, 0x07, 0xe0, 0x07, 0xe0, 0x07, 0xe0, 0x07, 0xe0, 0x07, 0xe0, 0x07, 
0xe0, 0x07, 0xe0, 0x07, 0xe0, 0x07, 0xe0, 0x07, 0xe0, 0x07, 0xe0, 0x07, 0xe0, 0x07, 0xe0, 0x07, 
0xe0, 0x07, 0xe0, 0x07, 0xe0, 0x07, 0xe0, 0x07, 0xe0, 0x07, 0xe0, 0x07, 0xe0, 0x07, 0xe0, 0x07, 
0xe0, 0x07, 0xe0, 0x07, 0xe0, 0x07, 0xe0, 0x07, 0xe0, 0x07, 0xe0, 0x07, 0xe0, 0x07, 0xe0, 0x07, 
0xe0, 0x07, 0xe0, 0x07, 0xe0, 0x07, 0xe0, 0x07, 0xe0, 0x07, 0xe0, 0x07, 0xe0, 0x07, 0xe0, 0x07, 
0x70, 0x5b, 0x4c, 0x2a, 0x6d, 0x32, 0x4c, 0x2a, 0x8d, 0xda, 0x8d, 0xf2, 0xad, 0xfa, 0x8d, 0xf2, 
0xad, 0xfa, 0x8d, 0xf2, 0xad, 0xfa, 0x8d, 0xf2, 0xad, 0xfa, 0x8d, 0xf2, 0xad, 0xfa, 0x8d, 0xf2, 
0xad, 0xfa, 0x8d, 0xf2, 0xad, 0xfa, 0x8d, 0xf2, 0xad, 0xfa, 0x8d, 0xf2, 0xad, 0xfa, 0x8d, 0xf2, 
0xad, 0xfa, 0x8d, 0xf2, 0xad, 0xfa, 0x8d, 0xf2, 0xad, 0xfa, 0x8d, 0xf2, 0xad, 0xfa, 0x8d, 0xf2, 
0xad, 0xfa, 0x8d, 0xf2, 0xad, 0xfa, 0x8d, 0xf2, 0xad, 0xfa, 0x8d, 0xf2, 0xad, 0xfa, 0x8d, 0xf2, 
0xad, 0xfa, 0x8d, 0xf2, 0xad, 0xfa, 0x8d, 0xf2, 0xad, 0xfa, 0x8d, 0xf2, 0xad, 0xfa, 0x8d, 0xf2, 
0xad, 0xfa, 0x8d, 0xf2, 0xad, 0xfa, 0x8d, 0xf2, 0xad, 0xfa, 0x8d, 0xf2, 0xad, 0xfa, 0x8d, 0xf2, 
0x6d, 0x3a, 0x4c, 0x2a, 0x6d, 0x32, 0x4c, 0x2a, 0xe0, 0x07, 0xe0, 0x07, 0xe0, 0x07, 0xe0, 0x07, 
0xe0, 0x07, 0xe0, 0x07, 0xe0, 0x07, 0xe0, 0x07, 0xe0, 0x07, 0xe0, 0x07, 0xe0, 0x07, 0xe0, 0x07, 
0xe0, 0x07, 0xe0, 0x07, 0xe0, 0x07, 0xe0, 0x07, 0xe0, 0x07, 0xe0, 0x07, 0xe0, 0x07, 0xe0, 0x07, 
0xe0, 0x07, 0xe0, 0x07, 0xe0, 0x07, 0xe0, 0x07, 0xe0, 0x07, 0xe0, 0x07, 0xe0, 0x07, 0xe0, 0x07, 
0xe0, 0x07, 0xe0, 0x07, 0xe0, 0x07, 0xe0, 0x07, 0xe0, 0x07, 0xe0, 0x07, 0xe0, 0x07, 0xe0, 0x07, 
0xe0, 0x07, 0xe0, 0x07, 0xe0, 0x07, 0xe0, 0x07, 0xde, 0xf7, 0x6d, 0x32, 0x4c, 0x2a, 0x4d, 0x2a, 
0x4c, 0x2a, 0x8d, 0xf2, 0x8d, 0xf2, 0x8d, 0xf2, 0x8d, 0xf2, 0x8d, 0xf2, 0x8d, 0xf2, 0x8d, 0xf2, 
0x8d, 0xf2, 0x8d, 0xf2, 0x8d, 0xf2, 0x8d, 0xf2, 0x8d, 0xf2, 0x8d, 0xf2, 0x8d, 0xf2, 0x8d, 0xf2, 
0x8d, 0xf2, 0x8d, 0xf2, 0x8d, 0xf2, 0x8d, 0xf2, 0x8d, 0xf2, 0x8d, 0xf2, 0x8d, 0xf2, 0x8d, 0xf2, 
0x8d, 0xf2, 0x8d, 0xf2, 0x8d, 0xf2, 0x8d, 0xf2, 0x8d, 0xf2, 0x8d, 0xf2, 0x8d, 0xf2, 0x8d, 0xf2, 
0x8d, 0xf2, 0x8d, 0xf2, 0x8d, 0xf2, 0x8d, 0xf2, 0x8d, 0xf2, 0x8d, 0xf2, 0x8d, 0xf2, 0x8d, 0xf2, 
0x8d, 0xf2, 0x8d, 0xf2, 0x8d, 0xf2, 0x8d, 0xf2, 0x8d, 0xf2, 0x8d, 0xf2, 0x8d, 0xf2, 0x8d, 0xf2, 
0x8d, 0xf2, 0x8d, 0xf2, 0x8d, 0xf2, 0x6d, 0x4a, 0x4c, 0x2a, 0x4d, 0x2a, 0x4c, 0x2a, 0x7a, 0xc6, 
0xe0, 0x07, 0xe0, 0x07, 0xe0, 0x07, 0xe0, 0x07, 0xe0, 0x07, 0xe0, 0x07, 0xe0, 0x07, 0xe0, 0x07, 
0xe0, 0x07, 0xe0, 0x07, 0xe0, 0x07, 0xe0, 0x07, 0xe0, 0x07, 0xe0, 0x07, 0xe0, 0x07, 0xe0, 0x07, 
0xe0, 0x07, 0xe0, 0x07, 0xe0, 0x07, 0xe0, 0x07, 0xe0, 0x07, 0xe0, 0x07, 0xe0, 0x07, 0xe0, 0x07, 
0xe0, 0x07, 0xe0, 0x07, 0xe0, 0x07, 0xe0, 0x07, 0xe0, 0x07, 0xe0, 0x07, 0xe0, 0x07, 0xe0, 0x07, 
0xe0, 0x07, 0xe0, 0x07, 0xe0, 0x07, 0xe0, 0x07, 0xe0, 0x07, 0xe0, 0x07, 0xe0, 0x07, 0xe0, 0x07, 
0xe0, 0x07, 0xe0, 0x07, 0x6d, 0x32, 0x4c, 0x2a, 0x6d, 0x32, 0x4c, 0x2a, 0xad, 0xfa, 0x8d, 0xf2, 
0xad, 0xfa, 0x8d, 0xf2, 0xad, 0xfa, 0x8d, 0xf2, 0xad, 0xfa, 0x8d, 0xf2, 0xad, 0xfa, 0x8d, 0xf2, 
0xad, 0xfa, 0x8d, 0xf2, 0xad, 0xfa, 0x8d, 0xf2, 0xad, 0xfa, 0x8d, 0xf2, 0xad, 0xfa, 0x8d, 0xf2, 
0xad, 0xfa, 0x8d, 0xf2, 0xad, 0xfa, 0x8d, 0xf2, 0xad, 0xfa, 0x8d, 0xf2, 0xad, 0xfa, 0x8d, 0xf2, 
0xad, 0xfa, 0x8d, 0xf2, 0xad, 0xfa, 0x8d, 0xf2, 0xad, 0xfa, 0x8d, 0xf2, 0xad, 0xfa, 0x8d, 0xf2, 
0xad, 0xfa, 0x8d, 0xf2, 0xad, 0xfa, 0x8d, 0xf2, 0xad, 0xfa, 0x8d, 0xf2, 0xad, 0xfa, 0x8d, 0xf2, 
0xad, 0xfa, 0x8d, 0xf2, 0xad, 0xfa, 0x8d, 0xf2, 0xad, 0xfa, 0x8d, 0xf2, 0x6d, 0x5a, 0x4c, 0x2a, 
0x6d, 0x32, 0x4c, 0x2a, 0x97, 0xa5, 0xe0, 0x07, 0xe0, 0x07, 0xe0, 0x07, 0xe0, 0x07, 0xe0, 0x07, 
0xe0, 0x07, 0xe0, 0x07, 0xe0, 0x07, 0xe0, 0x07, 0xe0, 0x07, 0xe0, 0x07, 0xe0, 0x07, 0xe0, 0x07, 
0xe0, 0x07, 0xe0, 0x07, 0xe0, 0x07, 0xe0, 0x07, 0xe0, 0x07, 0xe0, 0x07, 0xe0, 0x07, 0xe0, 0x07, 
0xe0, 0x07, 0xe0, 0x07, 0xe0, 0x07, 0xe0, 0x07, 0xe0, 0x07, 0xe0, 0x07, 0xe0, 0x07, 0xe0, 0x07, 
0xe0, 0x07, 0xe0, 0x07, 0xe0, 0x07, 0xe0, 0x07, 0xe0, 0x07, 0xe0, 0x07, 0xe0, 0x07, 0xe0, 0x07, 
0xe0, 0x07, 0xe0, 0x07, 0xe0, 0x07, 0xe0, 0x07, 0xe0, 0x07, 0xe0, 0x07, 0xe0, 0x07, 0x4d, 0x2a, 
0x4c, 0x2a, 0x4d, 0x2a, 0x4c, 0x2a, 0x8d, 0xf2, 0x8d, 0xf2, 0x8d, 0xf2, 0x8d, 0xf2, 0x8d, 0xf2, 
0x8d, 0xf2, 0x8d, 0xf2, 0x8d, 0xf2, 0x8d, 0xf2, 0x8d, 0xf2, 0x8d, 0xf2, 0x8d, 0xf2, 0x8d, 0xf2, 
0x8d, 0xf2, 0x8d, 0xf2, 0x8d, 0xf2, 0x8d, 0xf2, 0x8d, 0xf2, 0x8d, 0xf2, 0x8d, 0xf2, 0x8d, 0xf2, 
0x8d, 0xf2, 0x8d, 0xf2, 0x8d, 0xf2, 0x8d, 0xf2, 0x8d, 0xf2, 0x8d, 0xf2, 0x8d, 0xf2, 0x8d, 0xf2, 
0x8d, 0xf2, 0x8d, 0xf2, 0x8d, 0xf2, 0x8d, 0xf2, 0x8d, 0xf2, 0x8d, 0xf2, 0x8d, 0xf2, 0x8d, 0xf2, 
0x8d, 0xf2, 0x8d, 0xf2, 0x8d, 0xf2, 0x8d, 0xf2, 0x8d, 0xf2, 0x8d, 0xf2, 0x8d, 0xf2, 0x8d, 0xf2, 
0x8d, 0xf2, 0x6d, 0x62, 0x4c, 0x2a, 0x4d, 0x2a, 0x4c, 0x2a, 0xb4, 0x84, 0xe0, 0x07, 0xe0, 0x07, 
0xe0, 0x07, 0xe0, 0x07, 0xe0, 0x07, 0xe0, 0x07, 0xe0, 0x07, 0xe0, 0x07, 0xe0, 0x07, 0xe0, 0x07, 
0xe0, 0x07, 0xe0, 0x07, 0xe0, 0x07, 0xe0, 0x07, 0xe0, 0x07, 0xe0, 0x07, 0xe0, 0x07, 0xe0, 0x07, 
0xe0, 0x07, 0xe0, 0x07, 0xe0, 0x07, 0xe0, 0x07, 0xe0, 0x07, 0xe0, 0x07, 0xe0, 0x07, 0xe0, 0x07, 
0xe0, 0x07, 0xe0, 0x07, 0xe0, 0x07, 0xe0, 0x07, 0xe0, 0x07, 0xe0, 0x07, 0xe0, 0x07, 0xe0, 0x07, 
0xe0, 0x07, 0xe0, 0x07, 0xe0, 0x07, 0xe0, 0x07, 0xe0, 0x07, 0xe0, 0x07, 0xe0, 0x07, 0xe0, 0x07, 
0xe0, 0x07, 0xe0, 0x07, 0xe0, 0x07, 0xe0, 0x07, 0x6d, 0x32, 0x4c, 0x2a, 0x6d, 0x32, 0x4c, 0x2a, 
0xad, 0xfa, 0x8d, 0xf2, 0xad, 0xfa, 0x8d, 0xf2, 0xad, 0xfa, 0x8d, 0xf2, 0xad, 0xfa, 0x8d, 0xf2, 
0xad, 0xfa, 0x8d, 0xf2, 0xad, 0xfa, 0x8d, 0xf2, 0xad, 0xfa, 0x8d, 0xf2, 0xad, 0xfa, 0x8d, 0xf2, 
0xad, 0xfa, 0x8d, 0xf2, 0xad, 0xfa, 0x8d, 0xf2, 0xad, 0xfa, 0x8d, 0xf2, 0xad, 0xfa, 0x8d, 0xf2, 
0xad, 0xfa, 0x8d, 0xf2, 0xad, 0xfa, 0x8d, 0xf2, 0xad, 0xfa, 0x8d, 0xf2, 0xad, 0xfa, 0x8d, 0xf2, 
0xad, 0xfa, 0x8d, 0xf2, 0xad, 0xfa, 0x8d, 0xf2, 0xad, 0xfa, 0x8d, 0xf2, 0xad, 0xfa, 0x8d, 0xf2, 
0xad, 0xfa, 0x8d, 0xf2, 0xad, 0xfa, 0x8d, 0xf2, 0x6d, 0x62, 0x4c, 0x2a, 0x6d, 0x32, 0x4c, 0x2a, 
0x30, 0x4b, 0xe0, 0x07, 0xe0, 0x07, 0xe0, 0x07, 0xe0, 0x07, 0xe0, 0x07, 0xe0, 0x07, 0xe0, 0x07, 
0xe0, 0x07, 0xe0, 0x07, 0xe0, 0x07, 0xe0, 0x07, 0xe0, 0x07, 0xe0, 0x07, 0xe0, 0x07, 0xe0, 0x07, 
0xe0, 0x07, 0xe0, 0x07, 0xe0, 0x07, 0xe0, 0x07, 0xe0, 0x07, 0xe0, 0x07, 0xe0, 0x07, 0xe0, 0x07, 
0xe0, 0x07, 0xe0, 0x07, 0xe0, 0x07, 0xe0, 0x07, 0xe0, 0x07, 0xe0, 0x07, 0xe0, 0x07, 0xe0, 0x07, 
0xe0, 0x07, 0xe0, 0x07, 0xe0, 0x07, 0xe0, 0x07, 0xe0, 0x07, 0xe0, 0x07, 0xe0, 0x07, 0xe0, 0x07, 
0xe0, 0x07, 0xe0, 0x07, 0xe0, 0x07, 0xe0, 0x07, 0xe0, 0x07, 0xe0, 0x07, 0xe0, 0x07, 0xe0, 0x07, 
0xe0, 0x07, 0x4d, 0x2a, 0x4c, 0x2a, 0x4d, 0x2a, 0x4c, 0x2a, 0x8d, 0xf2, 0x8d, 0xf2, 0x8d, 0xf2, 
0x8d, 0xf2, 0x8d, 0xf2, 0x8d, 0xf2, 0x8d, 0xf2, 0x8d, 0xf2, 0x8d, 0xf2, 0x8d, 0xf2, 0x8d, 0xf2, 
0x8d, 0xf2, 0x8d, 0xf2, 0x8d, 0xf2, 0x8d, 0xf2, 0x8d, 0xf2, 0x8d, 0xf2, 0x8d, 0xf2, 0x8d, 0xf2, 
0x8d, 0xf2, 0x8d, 0xf2, 0x8d, 0xf2, 0x8d, 0xf2, 0x8d, 0xf2, 0x8d, 0xf2, 0x8d, 0xf2, 0x8d, 0xf2, 
0x8d, 0xf2, 0x8d, 0xf2, 0x8d, 0xf2, 0x8d, 0xf2, 0x8d, 0xf2, 0x8d, 0xf2, 0x8d, 0xf2, 0x8d, 0xf2, 
0x8d, 0xf2, 0x8d, 0xf2, 0x8d, 0xf2, 0x8d, 0xf2, 0x8d, 0xf2, 0x8d, 0xf2, 0x8d, 0xf2, 0x6d, 0x62, 
0x4c, 0x2a, 0x4d, 0x2a, 0x4c, 0x2a, 0x8d, 0x32, 0xe0, 0x07, 0xe0, 0x07, 0xe0, 0x07, 0xe0, 0x07, 
0xe0, 0x07, 0xe0, 0x07, 0xe0, 0x07, 0xe0, 0x07, 0xe0, 0x07, 0xe0, 0x07, 0xe0, 0x07, 0xe0, 0x07, 
0xe0, 0x07, 0xe0, 0x07, 0xe0, 0x07, 0xe0, 0x07, 0xe0, 0x07, 0xe0, 0x07, 0xe0, 0x07, 0xe0, 0x07, 
0xe0, 0x07, 0xe0, 0x07, 0xe0, 0x07, 0xe0, 0x07, 0xe0, 0x07, 0xe0, 0x07, 0xe0, 0x07, 0xe0, 0x07, 
0xe0, 0x07, 0xe0, 0x07, 0xe0, 0x07, 0xe0, 0x07, 0xe0, 0x07, 0xe0, 0x07, 0xe0, 0x07, 0xe0, 0x07, 
0xe0, 0x07, 0xe0, 0x07, 0xe0, 0x07, 0xe0, 0x07, 0xe0, 0x07, 0xe0, 0x07, 0xe0, 0x07, 0xe0, 0x07, 
0xe0, 0x07, 0xe0, 0x07, 0xe0, 0x07, 0xe0, 0x07, 0xe0, 0x07, 0xe0, 0x07, 0x6d, 0x32, 0x4c, 0x2a, 
0x6d, 0x32, 0x4c, 0x2a, 0xad, 0xfa, 0x8d, 0xf2, 0xad, 0xfa, 0x8d, 0xf2, 0xad, 0xfa, 0x8d, 0xf2, 
0xad, 0xfa, 0x8d, 0xf2, 0xad, 0xfa, 0x8d, 0xf2, 0xad, 0xfa, 0x8d, 0xf2, 0xad, 0xfa, 0x8d, 0xf2, 
0xad, 0xfa, 0x8d, 0xf2, 0xad, 0xfa, 0x8d, 0xf2, 0xad, 0xfa, 0x8d, 0xf2, 0xad, 0xfa, 0x8d, 0xf2, 
0xad, 0xfa, 0x8d, 0xf2, 0xad, 0xfa, 0x8d, 0xf2, 0xad, 0xfa, 0x8d, 0xf2, 0xad, 0xfa, 0x8d, 0xf2, 
0xad, 0xfa, 0x8d, 0xf2, 0xad, 0xfa, 0x8d, 0xf2, 0xad, 0xfa, 0x8d, 0xf2, 0xad, 0xfa, 0x8d, 0xf2, 
0xad, 0xfa, 0x8d, 0xf2, 0x6d, 0x5a, 0x4c, 0x2a, 0x6d, 0x32, 0x4c, 0x2a, 0x6d, 0x32, 0xe0, 0x07, 
0xe0, 0x07, 0xe0, 0x07, 0xe0, 0x07, 0xe0, 0x07, 0xe0, 0x07, 0xe0, 0x07, 0xe0, 0x07, 0xe0, 0x07, 
0xe0, 0x07, 0xe0, 0x07, 0xe0, 0x07, 0xe0, 0x07, 0xe0, 0x07, 0xe0, 0x07, 0xe0, 0x07, 0xe0, 0x07, 
0xe0, 0x07, 0xe0, 0x07, 0xe0, 0x07, 0xe0, 0x07, 0xe0, 0x07, 0xe0, 0x07, 0xe0, 0x07, 0xe0, 0x07, 
0xe0, 0x07, 0xe0, 0x07, 0xe0, 0x07, 0xe0, 0x07, 0xe0, 0x07, 0xe0, 0x07, 0xe0, 0x07, 0xe0, 0x07, 
0xe0, 0x07, 0xe0, 0x07, 0xe0, 0x07, 0xe0, 0x07, 0xe0, 0x07, 0xe0, 0x07, 0xe0, 0x07, 0xe0, 0x07, 
0xe0, 0x07, 0xe0, 0x07, 0xe0, 0x07, 0xe0, 0x07, 0xe0, 0x07, 0xe0, 0x07, 0xe0, 0x07, 0xe0, 0x07, 
0xe0, 0x07, 0xe0, 0x07, 0xe0, 0x07, 0x4d, 0x2a, 0x4c, 0x2a, 0x4d, 0x2a, 0x4c, 0x2a, 0x8d, 0xf2, 
0x8d, 0xf2, 0x8d, 0xf2, 0x8d, 0xf2, 0x8d, 0xf2, 0x8d, 0xf2, 0x8d, 0xf2, 0x8d, 0xf2, 0x8d, 0xf2, 
0x8d, 0xf2, 0x8d, 0xf2, 0x8d, 0xf2, 0x8d, 0xf2, 0x8d, 0xf2, 0x8d, 0xf2, 0x8d, 0xf2, 0x8d, 0xf2, 
0x8d, 0xf2, 0x8d, 0xf2, 0x8d, 0xf2, 0x8d, 0xf2, 0x8d, 0xf2, 0x8d, 0xf2, 0x8d, 0xf2, 0x8d, 0xf2, 
0x8d, 0xf2, 0x8d, 0xf2, 0x8d, 0xf2, 0x8d, 0xf2, 0x8d, 0xf2, 0x8d, 0xf2, 0x8d, 0xf2, 0x8d, 0xf2, 
0x8d, 0xf2, 0x8d, 0xf2, 0x8d, 0xf2, 0x8d, 0xf2, 0x8d, 0xf2, 0x4d, 0x3a, 0x4c, 0x2a, 0x4d, 0x2a, 
0x4c, 0x2a, 0x4d, 0x2a, 0xe0, 0x07, 0xe0, 0x07, 0xe0, 0x07, 0xe0, 0x07, 0xe0, 0x07, 0xe0, 0x07, 
0xe0, 0x07, 0xe0, 0x07, 0xe0, 0x07, 0xe0, 0x07, 0xe0, 0x07, 0xe0, 0x07, 0xe0, 0x07, 0xe0, 0x07, 
0xe0, 0x07, 0xe0, 0x07, 0xe0, 0x07, 0xe0, 0x07, 0xe0, 0x07, 0xe0, 0x07, 0xe0, 0x07, 0xe0, 0x07, 
0xe0, 0x07, 0xe0, 0x07, 0xe0, 0x07, 0xe0, 0x07, 0xe0, 0x07, 0xe0, 0x07, 0xe0, 0x07, 0xe0, 0x07, 
0xe0, 0x07, 0xe0, 0x07, 0xe0, 0x07, 0xe0, 0x07, 0xe0, 0x07, 0xe0, 0x07, 0xe0, 0x07, 0xe0, 0x07, 
0xe0, 0x07, 0xe0, 0x07, 0xe0, 0x07, 0xe0, 0x07, 0xe0, 0x07, 0xe0, 0x07, 0xe0, 0x07, 0xe0, 0x07, 
0xe0, 0x07, 0xe0, 0x07, 0xe0, 0x07, 0xe0, 0x07, 0xe0, 0x07, 0xe0, 0x07, 0xe0, 0x07, 0xe0, 0x07, 
0x6d, 0x32, 0x4c, 0x2a, 0x6d, 0x32, 0x4c, 0x2a, 0xad, 0xf2, 0x8d, 0xf2, 0xad, 0xfa, 0x8d, 0xf2, 
0xad, 0xfa, 0x8d, 0xf2, 0xad, 0xfa, 0x8d, 0xf2, 0xad, 0xfa, 0x8d, 0xf2, 0xad, 0xfa, 0x8d, 0xf2, 
0xad, 0xfa, 0x8d, 0xf2, 0xad, 0xfa, 0x8d, 0xf2, 0xad, 0xfa, 0x8d, 0xf2, 0xad, 0xfa, 0x8d, 0xf2, 
0xad, 0xfa, 0x8d, 0xf2, 0xad, 0xfa, 0x8d, 0xf2, 0xad, 0xfa, 0x8d, 0xf2, 0xad, 0xfa, 0x8d, 0xf2, 
0xad, 0xfa, 0x8d, 0xf2, 0xad, 0xfa, 0x8d, 0xf2, 0xad, 0xfa, 0x8d, 0xf2, 0xad, 0xfa, 0x8d, 0xf2, 
0x6d, 0x32, 0x4c, 0x2a, 0x6d, 0x32, 0x4c, 0x2a, 0x6d, 0x32, 0xe0, 0x07, 0xe0, 0x07, 0xe0, 0x07, 
0xe0, 0x07, 0xe0, 0x07, 0xe0, 0x07, 0xe0, 0x07, 0xe0, 0x07, 0xe0, 0x07, 0xe0, 0x07, 0xe0, 0x07, 
0xe0, 0x07, 0xe0, 0x07, 0xe0, 0x07, 0xe0, 0x07, 0xe0, 0x07, 0xe0, 0x07, 0xe0, 0x07, 0xe0, 0x07, 
0xe0, 0x07, 0xe0, 0x07, 0xe0, 0x07, 0xe0, 0x07, 0xe0, 0x07, 0xe0, 0x07, 0xe0, 0x07, 0xe0, 0x07, 
0xe0, 0x07, 0xe0, 0x07, 0xe0, 0x07, 0xe0, 0x07, 0xe0, 0x07, 0xe0, 0x07, 0xe0, 0x07, 0xe0, 0x07, 
0xe0, 0x07, 0xe0, 0x07, 0xe0, 0x07, 0xe0, 0x07, 0xe0, 0x07, 0xe0, 0x07, 0xe0, 0x07, 0xe0, 0x07, 
0xe0, 0x07, 0xe0, 0x07, 0xe0, 0x07, 0xe0, 0x07, 0xe0, 0x07, 0xe0, 0x07, 0xe0, 0x07, 0xe0, 0x07, 
0xe0, 0x07, 0xe0, 0x07, 0xe0, 0x07, 0xe0, 0x07, 0xe0, 0x07, 0x4d, 0x2a, 0x4c, 0x2a, 0x4d, 0x2a, 
0x4c, 0x2a, 0x8d, 0xba, 0x8d, 0xf2, 0x8d, 0xf2, 0x8d, 0xf2, 0x8d, 0xf2, 0x8d, 0xf2, 0x8d, 0xf2, 
0x8d, 0xf2, 0x8d, 0xf2, 0x8d, 0xf2, 0x8d, 0xf2, 0x8d, 0xf2, 0x8d, 0xf2, 0x8d, 0xf2, 0x8d, 0xf2, 
0x8d, 0xf2, 0x8d, 0xf2, 0x8d, 0xf2, 0x8d, 0xf2, 0x8d, 0xf2, 0x8d, 0xf2, 0x8d, 0xf2, 0x8d, 0xf2, 
0x8d, 0xf2, 0x8d, 0xf2, 0x8d, 0xf2, 0x8d, 0xf2, 0x8d, 0xf2, 0x8d, 0xf2, 0x8d, 0xf2, 0x8d, 0xf2, 
0x8d, 0xf2, 0x8d, 0xf2, 0x8d, 0xf2, 0x4d, 0x2a, 0x4c, 0x2a, 0x4d, 0x2a, 0x4c, 0x2a, 0x8d, 0x32, 
0xe0, 0x07, 0xe0, 0x07, 0xe0, 0x07, 0xe0, 0x07, 0xe0, 0x07, 0xe0, 0x07, 0xe0, 0x07, 0xe0, 0x07, 
0xe0, 0x07, 0xe0, 0x07, 0xe0, 0x07, 0xe0, 0x07, 0xe0, 0x07, 0xe0, 0x07, 0xe0, 0x07, 0xe0, 0x07, 
0xe0, 0x07, 0xe0, 0x07, 0xe0, 0x07, 0xe0, 0x07, 0xe0, 0x07, 0xe0, 0x07, 0xe0, 0x07, 0xe0, 0x07, 
0xe0, 0x07, 0xe0, 0x07, 0xe0, 0x07, 0xe0, 0x07, 0xe0, 0x07, 0xe0, 0x07, 0xe0, 0x07, 0xe0, 0x07, 
0xe0, 0x07, 0xe0, 0x07, 0xe0, 0x07, 0xe0, 0x07, 0xe0, 0x07, 0xe0, 0x07, 0xe0, 0x07, 0xe0, 0x07, 
0xe0, 0x07, 0xe0, 0x07, 0xe0, 0x07, 0xe0, 0x07, 0xe0, 0x07, 0xe0, 0x07, 0xe0, 0x07, 0xe0, 0x07, 
0xe0, 0x07, 0xe0, 0x07, 0xe0, 0x07, 0xe0, 0x07, 0xe0, 0x07, 0xe0, 0x07, 0xe0, 0x07, 0xe0, 0x07, 
0xe0, 0x07, 0xe0, 0x07, 0x6d, 0x32, 0x4c, 0x2a, 0x6d, 0x32, 0x4c, 0x2a, 0x6d, 0x92, 0x8d, 0xf2, 
0xad, 0xfa, 0x8d, 0xf2, 0xad, 0xfa, 0x8d, 0xf2, 0xad, 0xfa, 0x8d, 0xf2, 0xad, 0xfa, 0x8d, 0xf2, 
0xad, 0xfa, 0x8d, 0xf2, 0xad, 0xfa, 0x8d, 0xf2, 0xad, 0xfa, 0x8d, 0xf2, 0xad, 0xfa, 0x8d, 0xf2, 
0xad, 0xfa, 0x8d, 0xf2, 0xad, 0xfa, 0x8d, 0xf2, 0xad, 0xfa, 0x8d, 0xf2, 0xad, 0xfa, 0x8d, 0xf2, 
0xad, 0xfa, 0x8d, 0xf2, 0xad, 0xfa, 0x8d, 0xf2, 0xad, 0xfa, 0x8d, 0xf2, 0x6d, 0x32, 0x4c, 0x2a, 
0x6d, 0x32, 0x4c, 0x2a, 0xef, 0x42, 0xe0, 0x07, 0xe0, 0x07, 0xe0, 0x07, 0xe0, 0x07, 0xe0, 0x07, 
0xe0, 0x07, 0xe0, 0x07, 0xe0, 0x07, 0xe0, 0x07, 0xe0, 0x07, 0xe0, 0x07, 0xe0, 0x07, 0xe0, 0x07, 
0xe0, 0x07, 0xe0, 0x07, 0xe0, 0x07, 0xe0, 0x07, 0xe0, 0x07, 0xe0, 0x07, 0xe0, 0x07, 0xe0, 0x07, 
0xe0, 0x07, 0xe0, 0x07, 0xe0, 0x07, 0xe0, 0x07, 0xe0, 0x07, 0xe0, 0x07, 0xe0, 0x07, 0xe0, 0x07, 
0xe0, 0x07, 0xe0, 0x07, 0xe0, 0x07, 0xe0, 0x07, 0xe0, 0x07, 0xe0, 0x07, 0xe0, 0x07, 0xe0, 0x07, 
0xe0, 0x07, 0xe0, 0x07, 0xe0, 0x07, 0xe0, 0x07, 0xe0, 0x07, 0xe0, 0x07, 0xe0, 0x07, 0xe0, 0x07, 
0xe0, 0x07, 0xe0, 0x07, 0xe0, 0x07, 0xe0, 0x07, 0xe0, 0x07, 0xe0, 0x07, 0xe0, 0x07, 0xe0, 0x07, 
0xe0, 0x07, 0xe0, 0x07, 0xe0, 0x07, 0xe0, 0x07, 0xe0, 0x07, 0xe0, 0x07, 0xe0, 0x07, 0x4d, 0x2a, 
0x4c, 0x2a, 0x4d, 0x2a, 0x4c, 0x2a, 0x6d, 0x6a, 0x8d, 0xf2, 0x8d, 0xf2, 0x8d, 0xf2, 0x8d, 0xf2, 
0x8d, 0xf2, 0x8d, 0xf2, 0x8d, 0xf2, 0x8d, 0xf2, 0x8d, 0xf2, 0x8d, 0xf2, 0x8d, 0xf2, 0x8d, 0xf2, 
0x8d, 0xf2, 0x8d, 0xf2, 0x8d, 0xf2, 0x8d, 0xf2, 0x8d, 0xf2, 0x8d, 0xf2, 0x8d, 0xf2, 0x8d, 0xf2, 
0x8d, 0xf2, 0x8d, 0xf2, 0x8d, 0xf2, 0x8d, 0xf2, 0x8d, 0xf2, 0x8d, 0xf2, 0x8d, 0xf2, 0x8d, 0xf2, 
0x8d, 0xf2, 0x4d, 0x2a, 0x4c, 0x2a, 0x4d, 0x2a, 0x4c, 0x2a, 0x91, 0x5b, 0xe0, 0x07, 0xe0, 0x07, 
0xe0, 0x07, 0xe0, 0x07, 0xe0, 0x07, 0xe0, 0x07, 0xe0, 0x07, 0xe0, 0x07, 0xe0, 0x07, 0xe0, 0x07, 
0xe0, 0x07, 0xe0, 0x07, 0xe0, 0x07, 0xe0, 0x07, 0xe0, 0x07, 0xe0, 0x07, 0xe0, 0x07, 0xe0, 0x07, 
0xe0, 0x07, 0xe0, 0x07, 0xe0, 0x07, 0xe0, 0x07, 0xe0, 0x07, 0xe0, 0x07, 0xe0, 0x07, 0xe0, 0x07, 
0xe0, 0x07, 0xe0, 0x07, 0xe0, 0x07, 0xe0, 0x07, 0xe0, 0x07, 0xe0, 0x07, 0xe0, 0x07, 0xe0, 0x07, 
0xe0, 0x07, 0xe0, 0x07, 0xe0, 0x07, 0xe0, 0x07, 0xe0, 0x07, 0xe0, 0x07, 0xe0, 0x07, 0xe0, 0x07, 
0xe0, 0x07, 0xe0, 0x07, 0xe0, 0x07, 0xe0, 0x07, 0xe0, 0x07, 0xe0, 0x07, 0xe0, 0x07, 0xe0, 0x07, 
0xe0, 0x07, 0xe0, 0x07, 0xe0, 0x07, 0xe0, 0x07, 0xe0, 0x07, 0xe0, 0x07, 0xe0, 0x07, 0xe0, 0x07, 
0xe0, 0x07, 0xe0, 0x07, 0xe0, 0x07, 0xe0, 0x07, 0x6d, 0x32, 0x4c, 0x2a, 0x6d, 0x32, 0x4c, 0x2a, 
0x6d, 0x4a, 0x8d, 0xf2, 0xad, 0xfa, 0x8d, 0xf2, 0xad, 0xfa, 0x8d, 0xf2, 0xad, 0xfa, 0x8d, 0xf2, 
0xad, 0xfa, 0x8d, 0xf2, 0xad, 0xfa, 0x8d, 0xf2, 0xad, 0xfa, 0x8d, 0xf2, 0xad, 0xfa, 0x8d, 0xf2, 
0xad, 0xfa, 0x8d, 0xf2, 0xad, 0xfa, 0x8d, 0xf2, 0xad, 0xfa, 0x8d, 0xf2, 0xad, 0xfa, 0x8d, 0xf2, 
0xad, 0xfa, 0x8d, 0xf2, 0xad, 0xfa, 0x8d, 0xa2, 0x6d, 0x32, 0x4c, 0x2a, 0x6d, 0x32, 0x4c, 0x2a, 
0x74, 0x7c, 0xe0, 0x07, 0xe0, 0x07, 0xe0, 0x07, 0xe0, 0x07, 0xe0, 0x07, 0xe0, 0x07, 0xe0, 0x07, 
0xe0, 0x07, 0xe0, 0x07, 0xe0, 0x07, 0xe0, 0x07, 0xe0, 0x07, 0xe0, 0x07, 0xe0, 0x07, 0xe0, 0x07, 
0xe0, 0x07, 0xe0, 0x07, 0xe0, 0x07, 0xe0, 0x07, 0xe0, 0x07, 0xe0, 0x07, 0xe0, 0x07, 0xe0, 0x07, 
0xe0, 0x07, 0xe0, 0x07, 0xe0, 0x07, 0xe0, 0x07, 0xe0, 0x07, 0xe0, 0x07, 0xe0, 0x07, 0xe0, 0x07, 
0xe0, 0x07, 0xe0, 0x07, 0xe0, 0x07, 0xe0, 0x07, 0xe0, 0x07, 0xe0, 0x07, 0xe0, 0x07, 0xe0, 0x07, 
0xe0, 0x07, 0xe0, 0x07, 0xe0, 0x07, 0xe0, 0x07, 0xe0, 0x07, 0xe0, 0x07, 0xe0, 0x07, 0xe0, 0x07, 
0xe0, 0x07, 0xe0, 0x07, 0xe0, 0x07, 0xe0, 0x07, 0xe0, 0x07, 0xe0, 0x07, 0xe0, 0x07, 0xe0, 0x07, 
0xe0, 0x07, 0xe0, 0x07, 0xe0, 0x07, 0xe0, 0x07, 0xe0, 0x07, 0xe0, 0x07, 0xe0, 0x07, 0xe0, 0x07, 
0xde, 0xf7, 0x6d, 0x32, 0x4c, 0x2a, 0x4d, 0x2a, 0x4c, 0x2a, 0x4d, 0x2a, 0x8d, 0xf2, 0x8d, 0xf2, 
0x8d, 0xf2, 0x8d, 0xf2, 0x8d, 0xf2, 0x8d, 0xf2, 0x8d, 0xf2, 0x8d, 0xf2, 0x8d, 0xf2, 0x8d, 0xf2, 
0x8d, 0xf2, 0x8d, 0xf2, 0x8d, 0xf2, 0x8d, 0xf2, 0x8d, 0xf2, 0x8d, 0xf2, 0x8d, 0xf2, 0x8d, 0xf2, 
0x8d, 0xf2, 0x8d, 0xf2, 0x8d, 0xf2, 0x8d, 0xf2, 0x8d, 0xf2, 0x8d, 0xf2, 0x4c, 0x5a, 0x4d, 0x2a, 
0x4c, 0x2a, 0x4d, 0x2a, 0x4c, 0x2a, 0x77, 0xa5, 0xe0, 0x07, 0xe0, 0x07, 0xe0, 0x07, 0xe0, 0x07, 
0xe0, 0x07, 0xe0, 0x07, 0xe0, 0x07, 0xe0, 0x07, 0xe0, 0x07, 0xe0, 0x07, 0xe0, 0x07, 0xe0, 0x07, 
0xe0, 0x07, 0xe0, 0x07, 0xe0, 0x07, 0xe0, 0x07, 0xe0, 0x07, 0xe0, 0x07, 0xe0, 0x07, 0xe0, 0x07, 
0xe0, 0x07, 0xe0, 0x07, 0xe0, 0x07, 0xe0, 0x07, 0xe0, 0x07, 0xe0, 0x07, 0xe0, 0x07, 0xe0, 0x07, 
0xe0, 0x07, 0xe0, 0x07, 0xe0, 0x07, 0xe0, 0x07, 0xe0, 0x07, 0xe0, 0x07, 0xe0, 0x07, 0xe0, 0x07, 
0xe0, 0x07, 0xe0, 0x07, 0xe0, 0x07, 0xe0, 0x07, 0xe0, 0x07, 0xe0, 0x07, 0xe0, 0x07, 0xe0, 0x07, 
0xe0, 0x07, 0xe0, 0x07, 0xe0, 0x07, 0xe0, 0x07, 0xe0, 0x07, 0xe0, 0x07, 0xe0, 0x07, 0xe0, 0x07, 
0xe0, 0x07, 0xe0, 0x07, 0xe0, 0x07, 0xe0, 0x07, 0xe0, 0x07, 0xe0, 0x07, 0xe0, 0x07, 0xe0, 0x07, 
0xe0, 0x07, 0xe0, 0x07, 0xe0, 0x07, 0xe0, 0x07, 0xe0, 0x07, 0xe0, 0x07, 0x2f, 0x4b, 0x4c, 0x2a, 
0x6d, 0x32, 0x4c, 0x2a, 0x6d, 0x32, 0x6d, 0xba, 0xad, 0xfa, 0x8d, 0xf2, 0xad, 0xfa, 0x8d, 0xf2, 
0xad, 0xfa, 0x8d, 0xf2, 0xad, 0xfa, 0x8d, 0xf2, 0xad, 0xfa, 0x8d, 0xf2, 0xad, 0xfa, 0x8d, 0xf2, 
0xad, 0xfa, 0x8d, 0xf2, 0xad, 0xfa, 0x8d, 0xf2, 0xad, 0xfa, 0x8d, 0xf2, 0xad, 0xfa, 0x8d, 0xf2, 
0xad, 0xfa, 0x4c, 0x32, 0x6d, 0x32, 0x4c, 0x2a, 0x6d, 0x32, 0x4c, 0x2a, 0x5d, 0xe7, 0xe0, 0x07, 
0xe0, 0x07, 0xe0, 0x07, 0xe0, 0x07, 0xe0, 0x07, 0xe0, 0x07, 0xe0, 0x07, 0xe0, 0x07, 0xe0, 0x07, 
0xe0, 0x07, 0xe0, 0x07, 0xe0, 0x07, 0xe0, 0x07, 0xe0, 0x07, 0xe0, 0x07, 0xe0, 0x07, 0xe0, 0x07, 
0xe0, 0x07, 0xe0, 0x07, 0xe0, 0x07, 0xe0, 0x07, 0xe0, 0x07, 0xe0, 0x07, 0xe0, 0x07, 0xe0, 0x07, 
0xe0, 0x07, 0xe0, 0x07, 0xe0, 0x07, 0xe0, 0x07, 0xe0, 0x07, 0xe0, 0x07, 0xe0, 0x07, 0xe0, 0x07, 
0xe0, 0x07, 0xe0, 0x07, 0xe0, 0x07, 0xe0, 0x07, 0xe0, 0x07, 0xe0, 0x07, 0xe0, 0x07, 0xe0, 0x07, 
0xe0, 0x07, 0xe0, 0x07, 0xe0, 0x07, 0xe0, 0x07, 0xe0, 0x07, 0xe0, 0x07, 0xe0, 0x07, 0xe0, 0x07, 
0xe0, 0x07, 0xe0, 0x07, 0xe0, 0x07, 0xe0, 0x07, 0xe0, 0x07, 0xe0, 0x07, 0xe0, 0x07, 0xe0, 0x07, 
0xe0, 0x07, 0xe0, 0x07, 0xe0, 0x07, 0xe0, 0x07, 0xe0, 0x07, 0xe0, 0x07, 0xe0, 0x07, 0xe0, 0x07, 
0xe0, 0x07, 0xe0, 0x07, 0xde, 0xf7, 0xf5, 0x8c, 0x4c, 0x2a, 0x4d, 0x2a, 0x4c, 0x2a, 0x4d, 0x2a, 
0x4c, 0x62, 0x8d, 0xf2, 0x8d, 0xf2, 0x8d, 0xf2, 0x8d, 0xf2, 0x8d, 0xf2, 0x8d, 0xf2, 0x8d, 0xf2, 
0x8d, 0xf2, 0x8d, 0xf2, 0x8d, 0xf2, 0x8d, 0xf2, 0x8d, 0xf2, 0x8d, 0xf2, 0x8d, 0xf2, 0x8d, 0xf2, 
0x8d, 0xf2, 0x8d, 0xf2, 0x8d, 0xf2, 0x8d, 0xf2, 0x4c, 0x2a, 0x4d, 0x2a, 0x4c, 0x2a, 0x4d, 0x2a, 
0x4c, 0x2a, 0xe0, 0x07, 0xe0, 0x07, 0xe0, 0x07, 0xe0, 0x07, 0xe0, 0x07, 0xe0, 0x07, 0xe0, 0x07, 
0xe0, 0x07, 0xe0, 0x07, 0xe0, 0x07, 0xe0, 0x07, 0xe0, 0x07, 0xe0, 0x07, 0xe0, 0x07, 0xe0, 0x07, 
0xe0, 0x07, 0xe0, 0x07, 0xe0, 0x07, 0xe0, 0x07, 0xe0, 0x07, 0xe0, 0x07, 0xe0, 0x07, 0xe0, 0x07, 
0xe0, 0x07, 0xe0, 0x07, 0xe0, 0x07, 0xe0, 0x07, 0xe0, 0x07, 0xe0, 0x07, 0xe0, 0x07, 0xe0, 0x07, 
0xe0, 0x07, 0xe0, 0x07, 0xe0, 0x07, 0xe0, 0x07, 0xe0, 0x07, 0xe0, 0x07, 0xe0, 0x07, 0xe0, 0x07, 
0xe0, 0x07, 0xe0, 0x07, 0xe0, 0x07, 0xe0, 0x07, 0xe0, 0x07, 0xe0, 0x07, 0xe0, 0x07, 0xe0, 0x07, 
0xe0, 0x07, 0xe0, 0x07, 0xe0, 0x07, 0xe0, 0x07, 0xe0, 0x07, 0xe0, 0x07, 0xe0, 0x07, 0xe0, 0x07, 
0xe0, 0x07, 0xe0, 0x07, 0xe0, 0x07, 0xe0, 0x07, 0xe0, 0x07, 0xe0, 0x07, 0xe0, 0x07, 0xe0, 0x07, 
0xe0, 0x07, 0xe0, 0x07, 0xe0, 0x07, 0xe0, 0x07, 0xe0, 0x07, 0xe0, 0x07, 0xe0, 0x07, 0xe0, 0x07, 
0xbf, 0xf7, 0x4c, 0x2a, 0x6d, 0x32, 0x4c, 0x2a, 0x6d, 0x32, 0x4c, 0x32, 0xad, 0xfa, 0x8d, 0xf2, 
0xad, 0xfa, 0x8d, 0xf2, 0xad, 0xfa, 0x8d, 0xf2, 0xad, 0xfa, 0x8d, 0xf2, 0xad, 0xfa, 0x8d, 0xf2, 
0xad, 0xfa, 0x8d, 0xf2, 0xad, 0xfa, 0x8d, 0xf2, 0xad, 0xfa, 0x8d, 0xf2, 0x8d, 0xaa, 0x4c, 0x2a, 
0x6d, 0x32, 0x4c, 0x2a, 0x6d, 0x32, 0x4f, 0x4b, 0xe0, 0x07, 0xe0, 0x07, 0xe0, 0x07, 0xe0, 0x07, 
0xe0, 0x07, 0xe0, 0x07, 0xe0, 0x07, 0xe0, 0x07, 0xe0, 0x07, 0xe0, 0x07, 0xe0, 0x07, 0xe0, 0x07, 
0xe0, 0x07, 0xe0, 0x07, 0xe0, 0x07, 0xe0, 0x07, 0xe0, 0x07, 0xe0, 0x07, 0xe0, 0x07, 0xe0, 0x07, 
0xe0, 0x07, 0xe0, 0x07, 0xe0, 0x07, 0xe0, 0x07, 0xe0, 0x07, 0xe0, 0x07, 0xe0, 0x07, 0xe0, 0x07, 
0xe0, 0x07, 0xe0, 0x07, 0xe0, 0x07, 0xe0, 0x07, 0xe0, 0x07, 0xe0, 0x07, 0xe0, 0x07, 0xe0, 0x07, 
0xe0, 0x07, 0xe0, 0x07, 0xe0, 0x07, 0xe0, 0x07, 0xe0, 0x07, 0xe0, 0x07, 0xe0, 0x07, 0xe0, 0x07, 
0xe0, 0x07, 0xe0, 0x07, 0xe0, 0x07, 0xe0, 0x07, 0xe0, 0x07, 0xe0, 0x07, 0xe0, 0x07, 0xe0, 0x07, 
0xe0, 0x07, 0xe0, 0x07, 0xe0, 0x07, 0xe0, 0x07, 0xe0, 0x07, 0xe0, 0x07, 0xe0, 0x07, 0xe0, 0x07, 
0xe0, 0x07, 0xe0, 0x07, 0xe0, 0x07, 0xe0, 0x07, 0xe0, 0x07, 0xe0, 0x07, 0xe0, 0x07, 0xe0, 0x07, 
0xe0, 0x07, 0xe0, 0x07, 0xe0, 0x07, 0xe0, 0x07, 0xe0, 0x07, 0xe0, 0x07, 0x6c, 0x2a, 0x4d, 0x2a, 
0x4c, 0x2a, 0x4d, 0x2a, 0x4c, 0x2a, 0x8d, 0xe2, 0x8d, 0xf2, 0x8d, 0xf2, 0x8d, 0xf2, 0x8d, 0xf2, 
0x8d, 0xf2, 0x8d, 0xf2, 0x8d, 0xf2, 0x8d, 0xf2, 0x8d, 0xf2, 0x8d, 0xf2, 0x8d, 0xf2, 0x8d, 0xf2, 
0x8d, 0xf2, 0x6d, 0x52, 0x4c, 0x2a, 0x4d, 0x2a, 0x4c, 0x2a, 0x4d, 0x2a, 0x36, 0x95, 0xe0, 0x07, 
0xe0, 0x07, 0xe0, 0x07, 0xe0, 0x07, 0xe0, 0x07, 0xe0, 0x07, 0xe0, 0x07, 0xe0, 0x07, 0xe0, 0x07, 
0xe0, 0x07, 0xe0, 0x07, 0xe0, 0x07, 0xe0, 0x07, 0xe0, 0x07, 0xe0, 0x07, 0xe0, 0x07, 0xe0, 0x07, 
0xe0, 0x07, 0xe0, 0x07, 0xe0, 0x07, 0xe0, 0x07, 0xe0, 0x07, 0xe0, 0x07, 0xe0, 0x07, 0xe0, 0x07, 
0xe0, 0x07, 0xe0, 0x07, 0xe0, 0x07, 0xe0, 0x07, 0xe0, 0x07, 0xe0, 0x07, 0xe0, 0x07, 0xe0, 0x07, 
0xe0, 0x07, 0xe0, 0x07, 0xe0, 0x07, 0xe0, 0x07, 0xe0, 0x07, 0xe0, 0x07, 0xe0, 0x07, 0xe0, 0x07, 
0xe0, 0x07, 0xe0, 0x07, 0xe0, 0x07, 0xe0, 0x07, 0xe0, 0x07, 0xe0, 0x07, 0xe0, 0x07, 0xe0, 0x07, 
0xe0, 0x07, 0xe0, 0x07, 0xe0, 0x07, 0xe0, 0x07, 0xe0, 0x07, 0xe0, 0x07, 0xe0, 0x07, 0xe0, 0x07, 
0xe0, 0x07, 0xe0, 0x07, 0xe0, 0x07, 0xe0, 0x07, 0xe0, 0x07, 0xe0, 0x07, 0xe0, 0x07, 0xe0, 0x07, 
0xe0, 0x07, 0xe0, 0x07, 0xe0, 0x07, 0xe0, 0x07, 0xe0, 0x07, 0xe0, 0x07, 0xe0, 0x07, 0xe0, 0x07, 
0xe0, 0x07, 0xe0, 0x07, 0xe0, 0x07, 0x90, 0x5b, 0x6d, 0x32, 0x4c, 0x2a, 0x6d, 0x32, 0x4c, 0x2a, 
0x6d, 0x72, 0x8d, 0xf2, 0xad, 0xfa, 0x8d, 0xf2, 0xad, 0xfa, 0x8d, 0xf2, 0xad, 0xfa, 0x8d, 0xf2, 
0xad, 0xfa, 0x8d, 0xf2, 0xad, 0xfa, 0x8d, 0xf2, 0x6d, 0x32, 0x4c, 0x2a, 0x6d, 0x32, 0x4c, 0x2a, 
0x6d, 0x32, 0xe0, 0x07, 0xe0, 0x07, 0xe0, 0x07, 0xe0, 0x07, 0xe0, 0x07, 0xe0, 0x07, 0xe0, 0x07, 
0xe0, 0x07, 0xe0, 0x07, 0xe0, 0x07, 0xe0, 0x07, 0xe0, 0x07, 0xe0, 0x07, 0xe0, 0x07, 0xe0, 0x07, 
0xe0, 0x07, 0xe0, 0x07, 0xe0, 0x07, 0xe0, 0x07, 0xe0, 0x07, 0xe0, 0x07, 0xe0, 0x07, 0xe0, 0x07, 
0xe0, 0x07, 0xe0, 0x07, 0xe0, 0x07, 0xe0, 0x07, 0xe0, 0x07, 0xe0, 0x07, 0xe0, 0x07, 0xe0, 0x07, 
0xe0, 0x07, 0xe0, 0x07, 0xe0, 0x07, 0xe0, 0x07, 0xe0, 0x07, 0xe0, 0x07, 0xe0, 0x07, 0xe0, 0x07, 
0xe0, 0x07, 0xe0, 0x07, 0xe0, 0x07, 0xe0, 0x07, 0xe0, 0x07, 0xe0, 0x07, 0xe0, 0x07, 0xe0, 0x07, 
0xe0, 0x07, 0xe0, 0x07, 0xe0, 0x07, 0xe0, 0x07, 0xe0, 0x07, 0xe0, 0x07, 0xe0, 0x07, 0xe0, 0x07, 
0xe0, 0x07, 0xe0, 0x07, 0xe0, 0x07, 0xe0, 0x07, 0xe0, 0x07, 0xe0, 0x07, 0xe0, 0x07, 0xe0, 0x07, 
0xe0, 0x07, 0xe0, 0x07, 0xe0, 0x07, 0xe0, 0x07, 0xe0, 0x07, 0xe0, 0x07, 0xe0, 0x07, 0xe0, 0x07, 
0xe0, 0x07, 0xe0, 0x07, 0xe0, 0x07, 0xe0, 0x07, 0xe0, 0x07, 0xe0, 0x07, 0xe0, 0x07, 0xe0, 0x07, 
0x39, 0xbe, 0x4d, 0x2a, 0x4c, 0x2a, 0x4d, 0x2a, 0x4c, 0x2a, 0x4d, 0x3a, 0x8d, 0xf2, 0x8d, 0xf2, 
0x8d, 0xf2, 0x8d, 0xf2, 0x8d, 0xf2, 0x8d, 0xf2, 0x8d, 0xf2, 0x8d, 0xf2, 0x6c, 0xa2, 0x4d, 0x2a, 
0x4c, 0x2a, 0x4d, 0x2a, 0x4c, 0x2a, 0xce, 0x3a, 0xe0, 0x07, 0xe0, 0x07, 0xe0, 0x07, 0xe0, 0x07, 
0xe0, 0x07, 0xe0, 0x07, 0xe0, 0x07, 0xe0, 0x07, 0xe0, 0x07, 0xe0, 0x07, 0xe0, 0x07, 0xe0, 0x07, 
0xe0, 0x07, 0xe0, 0x07, 0xe0, 0x07, 0xe0, 0x07, 0xe0, 0x07, 0xe0, 0x07, 0xe0, 0x07, 0xe0, 0x07, 
0xe0, 0x07, 0xe0, 0x07, 0xe0, 0x07, 0xe0, 0x07, 0xe0, 0x07, 0xe0, 0x07, 0xe0, 0x07, 0xe0, 0x07, 
0xe0, 0x07, 0xe0, 0x07, 0xe0, 0x07, 0xe0, 0x07, 0xe0, 0x07, 0xe0, 0x07, 0xe0, 0x07, 0xe0, 0x07, 
0xe0, 0x07, 0xe0, 0x07, 0xe0, 0x07, 0xe0, 0x07, 0xe0, 0x07, 0xe0, 0x07, 0xe0, 0x07, 0xe0, 0x07, 
0xe0, 0x07, 0xe0, 0x07, 0xe0, 0x07, 0xe0, 0x07, 0xe0, 0x07, 0xe0, 0x07, 0xe0, 0x07, 0xe0, 0x07, 
0xe0, 0x07, 0xe0, 0x07, 0xe0, 0x07, 0xe0, 0x07, 0xe0, 0x07, 0xe0, 0x07, 0xe0, 0x07, 0xe0, 0x07, 
0xe0, 0x07, 0xe0, 0x07, 0xe0, 0x07, 0xe0, 0x07, 0xe0, 0x07, 0xe0, 0x07, 0xe0, 0x07, 0xe0, 0x07, 
0xe0, 0x07, 0xe0, 0x07, 0xe0, 0x07, 0xe0, 0x07, 0xe0, 0x07, 0xe0, 0x07, 0xe0, 0x07, 0xe0, 0x07, 
0xe0, 0x07, 0xe0, 0x07, 0xe0, 0x07, 0xe0, 0x07, 0xe0, 0x07, 0xe0, 0x07, 0x6d, 0x32, 0x4c, 0x2a, 
0x6d, 0x32, 0x4c, 0x2a, 0x6d, 0x32, 0x4c, 0x52, 0xad, 0xfa, 0x8d, 0xf2, 0xad, 0xfa, 0x8d, 0xf2, 
0x8d, 0xb2, 0x4d, 0x2a, 0x6d, 0x32, 0x4c, 0x2a, 0x6d, 0x32, 0x4c, 0x2a, 0xd5, 0x8c, 0xe0, 0x07, 
0xe0, 0x07, 0xe0, 0x07, 0xe0, 0x07, 0xe0, 0x07, 0xe0, 0x07, 0xe0, 0x07, 0xe0, 0x07, 0xe0, 0x07, 
0xe0, 0x07, 0xe0, 0x07, 0xe0, 0x07, 0xe0, 0x07, 0xe0, 0x07, 0xe0, 0x07, 0xe0, 0x07, 0xe0, 0x07, 
0xe0, 0x07, 0xe0, 0x07, 0xe0, 0x07, 0xe0, 0x07, 0xe0, 0x07, 0xe0, 0x07, 0xe0, 0x07, 0xe0, 0x07, 
0xe0, 0x07, 0xe0, 0x07, 0xe0, 0x07, 0xe0, 0x07, 0xe0, 0x07, 0xe0, 0x07, 0xe0, 0x07, 0xe0, 0x07, 
0xe0, 0x07, 0xe0, 0x07, 0xe0, 0x07, 0xe0, 0x07, 0xe0, 0x07, 0xe0, 0x07, 0xe0, 0x07, 0xe0, 0x07, 
0xe0, 0x07, 0xe0, 0x07, 0xe0, 0x07, 0xe0, 0x07, 0xe0, 0x07, 0xe0, 0x07, 0xe0, 0x07, 0xe0, 0x07, 
0xe0, 0x07, 0xe0, 0x07, 0xe0, 0x07, 0xe0, 0x07, 0xe0, 0x07, 0xe0, 0x07, 0xe0, 0x07, 0xe0, 0x07, 
0xe0, 0x07, 0xe0, 0x07, 0xe0, 0x07, 0xe0, 0x07, 0xe0, 0x07, 0xe0, 0x07, 0xe0, 0x07, 0xe0, 0x07, 
0xe0, 0x07, 0xe0, 0x07, 0xe0, 0x07, 0xe0, 0x07, 0xe0, 0x07, 0xe0, 0x07, 0xe0, 0x07, 0xe0, 0x07, 
0xe0, 0x07, 0xe0, 0x07, 0xe0, 0x07, 0xe0, 0x07, 0xe0, 0x07, 0xe0, 0x07, 0xe0, 0x07, 0xe0, 0x07, 
0xe0, 0x07, 0xe0, 0x07, 0xdf, 0xff, 0xb1, 0x5b, 0x4c, 0x2a, 0x4d, 0x2a, 0x4c, 0x2a, 0x4d, 0x2a, 
0x4c, 0x2a, 0x4d, 0x2a, 0x4c, 0x2a, 0x4d, 0x2a, 0x4c, 0x2a, 0x4d, 0x2a, 0x4c, 0x2a, 0x4d, 0x2a, 
0x4c, 0x2a, 0xe0, 0x07, 0xe0, 0x07, 0xe0, 0x07, 0xe0, 0x07, 0xe0, 0x07, 0xe0, 0x07, 0xe0, 0x07, 
0xe0, 0x07, 0xe0, 0x07, 0xe0, 0x07, 0xe0, 0x07, 0xe0, 0x07, 0xe0, 0x07, 0xe0, 0x07, 0xe0, 0x07, 
0xe0, 0x07, 0xe0, 0x07, 0xe0, 0x07, 0xe0, 0x07, 0xe0, 0x07, 0xe0, 0x07, 0xe0, 0x07, 0xe0, 0x07, 
0xe0, 0x07, 0xe0, 0x07, 0xe0, 0x07, 0xe0, 0x07, 0xe0, 0x07, 0xe0, 0x07, 0xe0, 0x07, 0xe0, 0x07, 
0xe0, 0x07, 0xe0, 0x07, 0xe0, 0x07, 0xe0, 0x07, 0xe0, 0x07, 0xe0, 0x07, 0xe0, 0x07, 0xe0, 0x07, 
0xe0, 0x07, 0xe0, 0x07, 0xe0, 0x07, 0xe0, 0x07, 0xe0, 0x07, 0xe0, 0x07, 0xe0, 0x07, 0xe0, 0x07, 
0xe0, 0x07, 0xe0, 0x07, 0xe0, 0x07, 0xe0, 0x07, 0xe0, 0x07, 0xe0, 0x07, 0xe0, 0x07, 0xe0, 0x07, 
0xe0, 0x07, 0xe0, 0x07, 0xe0, 0x07, 0xe0, 0x07, 0xe0, 0x07, 0xe0, 0x07, 0xe0, 0x07, 0xe0, 0x07, 
0xe0, 0x07, 0xe0, 0x07, 0xe0, 0x07, 0xe0, 0x07, 0xe0, 0x07, 0xe0, 0x07, 0xe0, 0x07, 0xe0, 0x07, 
0xe0, 0x07, 0xe0, 0x07, 0xe0, 0x07, 0xe0, 0x07, 0xe0, 0x07, 0xe0, 0x07, 0xe0, 0x07, 0xe0, 0x07, 
0xe0, 0x07, 0xe0, 0x07, 0xe0, 0x07, 0xe0, 0x07, 0xe0, 0x07, 0xe0, 0x07, 0xe0, 0x07, 0xe0, 0x07, 
0xfc, 0xd6, 0x6c, 0x2a, 0x6d, 0x32, 0x4c, 0x2a, 0x6d, 0x32, 0x4c, 0x2a, 0x6d, 0x32, 0x4c, 0x2a, 
0x6d, 0x32, 0x4c, 0x2a, 0x6d, 0x32, 0x90, 0x5b, 0xe0, 0x07, 0xe0, 0x07, 0xe0, 0x07, 0xe0, 0x07, 
0xe0, 0x07, 0xe0, 0x07, 0xe0, 0x07, 0xe0, 0x07, 0xe0, 0x07, 0xe0, 0x07, 0xe0, 0x07, 0xe0, 0x07, 
0xe0, 0x07, 0xe0, 0x07, 0xe0, 0x07, 0xe0, 0x07, 0xe0, 0x07, 0xe0, 0x07, 0xe0, 0x07, 0xe0, 0x07, 
0xe0, 0x07, 0xe0, 0x07, 0xe0, 0x07, 0xe0, 0x07, 0xe0, 0x07, 0xe0, 0x07, 0xe0, 0x07, 0xe0, 0x07, 
0xe0, 0x07, 0xe0, 0x07, 0xe0, 0x07, 0xe0, 0x07, 0xe0, 0x07, 0xe0, 0x07, 0xe0, 0x07, 0xe0, 0x07, 
0xe0, 0x07, 0xe0, 0x07, 0xe0, 0x07, 0xe0, 0x07, 0xe0, 0x07, 0xe0, 0x07, 0xe0, 0x07, 0xe0, 0x07, 
0xe0, 0x07, 0xe0, 0x07, 0xe0, 0x07, 0xe0, 0x07, 0xe0, 0x07, 0xe0, 0x07, 0xe0, 0x07, 0xe0, 0x07, 
0xe0, 0x07, 0xe0, 0x07, 0xe0, 0x07, 0xe0, 0x07, 0xe0, 0x07, 0xe0, 0x07, 0xe0, 0x07, 0xe0, 0x07, 
0xe0, 0x07, 0xe0, 0x07, 0xe0, 0x07, 0xe0, 0x07, 0xe0, 0x07, 0xe0, 0x07, 0xe0, 0x07, 0xe0, 0x07, 
0xe0, 0x07, 0xe0, 0x07, 0xe0, 0x07, 0xe0, 0x07, 0xe0, 0x07, 0xe0, 0x07, 0xe0, 0x07, 0xe0, 0x07, 
0xe0, 0x07, 0xe0, 0x07, 0xe0, 0x07, 0xe0, 0x07, 0xe0, 0x07, 0xe0, 0x07, 0xe0, 0x07, 0xe0, 0x07, 
0xe0, 0x07, 0xe0, 0x07, 0xe0, 0x07, 0xe0, 0x07, 0xe0, 0x07, 0xe0, 0x07, 0xdb, 0xd6, 0x8d, 0x32, 
0x4c, 0x2a, 0x4d, 0x2a, 0x4c, 0x2a, 0x4d, 0x2a, 0x4c, 0x2a, 0xb1, 0x5b, 0xe0, 0x07, 0xe0, 0x07, 
0xe0, 0x07, 0xe0, 0x07, 0xe0, 0x07, 0xe0, 0x07, 0xe0, 0x07, 0xe0, 0x07, 0xe0, 0x07, 0xe0, 0x07, 
0xe0, 0x07, 0xe0, 0x07, 0xe0, 0x07, 0xe0, 0x07, 0xe0, 0x07, 0xe0, 0x07, 0xe0, 0x07, 0xe0, 0x07, 
0xe0, 0x07, 0xe0, 0x07, 0xe0, 0x07, 0xe0, 0x07, 0xe0, 0x07, 0xe0, 0x07, 0xe0, 0x07, 0xe0, 0x07, 
0xe0, 0x07, 0xe0, 0x07, 0xe0, 0x07, 0xe0, 0x07, 0xe0, 0x07, 0xe0, 0x07, 0xe0, 0x07, 0xe0, 0x07, 
0xe0, 0x07, 0xe0, 0x07, 0xe0, 0x07, 0xe0, 0x07, 0xe0, 0x07, 0xe0, 0x07, 0xe0, 0x07, 0xe0, 0x07, 
0xe0, 0x07, 0xe0, 0x07, 0xe0, 0x07, 0xe0, 0x07, 0xe0, 0x07, 0xe0, 0x07, 0xe0, 0x07, 0xe0, 0x07, 
0xe0, 0x07, 0xe0, 0x07, 0xe0, 0x07, 0xe0, 0x07, 0xe0, 0x07, 0xe0, 0x07, 0xe0, 0x07, 0xe0, 0x07, 
0xe0, 0x07, 0xe0, 0x07, 0xe0, 0x07, 0xe0, 0x07, 0xe0, 0x07, 0xe0, 0x07, 0xe0, 0x07, 0xe0, 0x07, 
0xe0, 0x07, 0xe0, 0x07, 0xe0, 0x07, 0xe0, 0x07, 0xe0, 0x07, 0xe0, 0x07, 0xe0, 0x07, 0xe0, 0x07, 
0xe0, 0x07, 0xe0, 0x07, 0xe0, 0x07, 0xe0, 0x07, 0xe0, 0x07, 0xe0, 0x07, 0xe0, 0x07, 0xe0, 0x07, 
0xe0, 0x07, 0xe0, 0x07, 0xe0, 0x07, 0xe0, 0x07, 0xe0, 0x07, 0xe0, 0x07, 0xe0, 0x07, 0xe0, 0x07, 
0xe0, 0x07, 0xe0, 0x07, 0xe0, 0x07, 0xe0, 0x07, 0xe0, 0x07, 0xe0, 0x07, 0xe0, 0x07, 0xe0, 0x07, 
0xe0, 0x07, 0xe0, 0x07, 0xe0, 0x07, 0xe0, 0x07, 0xe0, 0x07, 0xe0, 0x07, 0xe0, 0x07, 0xe0, 0x07, 
0xe0, 0x07, 0xe0, 0x07, 0xe0, 0x07, 0xe0, 0x07, 0xe0, 0x07, 0xe0, 0x07, 0xe0, 0x07, 0xe0, 0x07, 
0xe0, 0x07, 0xe0, 0x07, 0xe0, 0x07, 0xe0, 0x07, 0xe0, 0x07, 0xe0, 0x07, 0xe0, 0x07, 0xe0, 0x07, 
0xe0, 0x07, 0xe0, 0x07, 0xe0, 0x07, 0xe0, 0x07, 0xe0, 0x07, 0xe0, 0x07, 0xe0, 0x07, 0xe0, 0x07, 
0xe0, 0x07, 0xe0, 0x07, 0xe0, 0x07, 0xe0, 0x07, 0xe0, 0x07, 0xe0, 0x07, 0xe0, 0x07, 0xe0, 0x07, 
0xe0, 0x07, 0xe0, 0x07, 0xe0, 0x07, 0xe0, 0x07, 0xe0, 0x07, 0xe0, 0x07, 0xe0, 0x07, 0xe0, 0x07, 
0xe0, 0x07, 0xe0, 0x07, 0xe0, 0x07, 0xe0, 0x07, 0xe0, 0x07, 0xe0, 0x07, 0xe0, 0x07, 0xe0, 0x07, 
0xe0, 0x07, 0xe0, 0x07, 0xe0, 0x07, 0xe0, 0x07, 0xe0, 0x07, 0xe0, 0x07, 0xe0, 0x07, 0xe0, 0x07, 
0xe0, 0x07, 0xe0, 0x07, 0xe0, 0x07, 0xe0, 0x07, 0xe0, 0x07, 0xe0, 0x07, 0xe0, 0x07, 0xe0, 0x07, 
0xe0, 0x07, 0xe0, 0x07, 0xe0, 0x07, 0xe0, 0x07, 0xe0, 0x07, 0xe0, 0x07, 0xe0, 0x07, 0xe0, 0x07, 
0xe0, 0x07, 0xe0, 0x07, 0xe0, 0x07, 0xe0, 0x07, 0xe0, 0x07, 0xe0, 0x07, 0xe0, 0x07, 0xe0, 0x07, 
0xe0, 0x07, 0xe0, 0x07, 0xe0, 0x07, 0xe0, 0x07, 0xe0, 0x07, 0xe0, 0x07, 0xe0, 0x07, 0xe0, 0x07, 
0xe0, 0x07, 0xe0, 0x07, 0xe0, 0x07, 0xe0, 0x07, 0xe0, 0x07, 0xe0, 0x07, 0xe0, 0x07, 0xe0, 0x07, 
0xe0, 0x07, 0xe0, 0x07, 0xe0, 0x07, 0xe0, 0x07, 0xe0, 0x07, 0xe0, 0x07, 0xe0, 0x07, 0xe0, 0x07, 
0xe0, 0x07, 0xe0, 0x07, 0xe0, 0x07, 0xe0, 0x07, 0xe0, 0x07, 0xe0, 0x07, 0xe0, 0x07, 0xe0, 0x07, 
0xe0, 0x07, 0xe0, 0x07, 0xe0, 0x07, 0xe0, 0x07, 0xe0, 0x07, 0xe0, 0x07, 0xe0, 0x07, 0xe0, 0x07, 
0xe0, 0x07, 0xe0, 0x07, 0xe0, 0x07, 0xe0, 0x07, 0xe0, 0x07, 0xe0, 0x07, 0xe0, 0x07, 0xe0, 0x07, 
0xe0, 0x07, 0xe0, 0x07, 0xe0, 0x07, 0xe0, 0x07, 0xe0, 0x07, 0xe0, 0x07, 0xe0, 0x07, 0xe0, 0x07, 
0xe0, 0x07, 0xe0, 0x07, 0xe0, 0x07, 0xe0, 0x07, 0xe0, 0x07, 0xe0, 0x07, 0xe0, 0x07, 0xe0, 0x07, 
0xe0, 0x07, 0xe0, 0x07, 0xe0, 0x07, 0xe0, 0x07, 0xe0, 0x07, 0xe0, 0x07, 0xe0, 0x07, 0xe0, 0x07, 
0xe0, 0x07, 0xe0, 0x07, 0xe0, 0x07, 0xe0, 0x07, 0xe0, 0x07, 0xe0, 0x07, 0xe0, 0x07, 0xe0, 0x07, 
0xe0, 0x07, 0xe0, 0x07, 0xe0, 0x07, 0xe0, 0x07, 0xe0, 0x07, 0xe0, 0x07, 0xe0, 0x07, 0xe0, 0x07, 
0xe0, 0x07, 0xe0, 0x07, 0xe0, 0x07, 0xe0, 0x07, 0xe0, 0x07, 0xe0, 0x07, 0xe0, 0x07, 0xe0, 0x07, 
0xe0, 0x07, 0xe0, 0x07, 0xe0, 0x07, 0xe0, 0x07, 0xe0, 0x07, 0xe0, 0x07, 0xe0, 0x07, 0xe0, 0x07, 
0xe0, 0x07, 0xe0, 0x07, 0xe0, 0x07, 0xe0, 0x07, 0xe0, 0x07, 0xe0, 0x07, 0xe0, 0x07, 0xe0, 0x07, 
0xe0, 0x07, 0xe0, 0x07, 0xe0, 0x07, 0xe0, 0x07, 0xe0, 0x07, 0xe0, 0x07, 0xe0, 0x07, 0xe0, 0x07, 
0xe0, 0x07, 0xe0, 0x07, 0xe0, 0x07, 0xe0, 0x07, 0xe0, 0x07, 0xe0, 0x07, 0xe0, 0x07, 0xe0, 0x07, 
0xe0, 0x07, 0xe0, 0x07, 0xe0, 0x07, 0xe0, 0x07, 0xe0, 0x07, 0xe0, 0x07, 0xe0, 0x07, 0xe0, 0x07, 
0xe0, 0x07, 0xe0, 0x07, 0xe0, 0x07, 0xe0, 0x07, 0xe0, 0x07, 0xe0, 0x07, 0xe0, 0x07, 0xe0, 0x07, 
0xe0, 0x07, 0xe0, 0x07, 0xe0, 0x07, 0xe0, 0x07, 0xe0, 0x07, 0xe0, 0x07, 0xe0, 0x07, 0xe0, 0x07, 
0xe0, 0x07, 0xe0, 0x07, 0xe0, 0x07, 0xe0, 0x07, 0xe0, 0x07, 0xe0, 0x07, 0xe0, 0x07, 0xe0, 0x07, 
0xe0, 0x07, 0xe0, 0x07, 0xe0, 0x07, 0xe0, 0x07, 0xe0, 0x07, 0xe0, 0x07, 0xe0, 0x07, 0xe0, 0x07, 
0xe0, 0x07, 0xe0, 0x07, 0xe0, 0x07, 0xe0, 0x07, 0xe0, 0x07, 0xe0, 0x07, 0xe0, 0x07, 0xe0, 0x07, 
0xe0, 0x07, 0xe0, 0x07, 0xe0, 0x07, 0xe0, 0x07, 0xe0, 0x07, 0xe0, 0x07, 0xe0, 0x07, 0xe0, 0x07, 
0xe0, 0x07, 0xe0, 0x07, 0xe0, 0x07, 0xe0, 0x07, 0xe0, 0x07, 0xe0, 0x07, 0xe0, 0x07, 0xe0, 0x07, 
0xe0, 0x07, 0xe0, 0x07, 0xe0, 0x07, 0xe0, 0x07, 0xe0, 0x07, 0xe0, 0x07, 0xe0, 0x07, 0xe0, 0x07, 
0xe0, 0x07, 0xe0, 0x07, 0xe0, 0x07, 0xe0, 0x07, 0xe0, 0x07, 0xe0, 0x07, 0xe0, 0x07, 0xe0, 0x07, 
0xe0, 0x07, 0xe0, 0x07, 0xe0, 0x07, 0xe0, 0x07, 0xe0, 0x07, 0xe0, 0x07, 0xe0, 0x07, 0xe0, 0x07, 
0xe0, 0x07, 0xe0, 0x07, 0xe0, 0x07, 0xe0, 0x07, 0xe0, 0x07, 0xe0, 0x07, 0xe0, 0x07, 0xe0, 0x07, 
0xe0, 0x07, 0xe0, 0x07, 0xe0, 0x07, 0xe0, 0x07, 0xe0, 0x07, 0xe0, 0x07, 0xe0, 0x07, 0xe0, 0x07, 
0xe0, 0x07, 0xe0, 0x07, 0xe0, 0x07, 0xe0, 0x07, 0xe0, 0x07, 0xe0, 0x07, 0xe0, 0x07, 0xe0, 0x07, 
0xe0, 0x07, 0xe0, 0x07, 0xe0, 0x07, 0xe0, 0x07, 0xe0, 0x07, 0xe0, 0x07, 0xe0, 0x07, 0xe0, 0x07, 
0xe0, 0x07, 0xe0, 0x07, 0xe0, 0x07, 0xe0, 0x07, 0xe0, 0x07, 0xe0, 0x07, 0xe0, 0x07, 0xe0, 0x07, 
0xe0, 0x07, 0xe0, 0x07, 0xe0, 0x07, 0xe0, 0x07, 0xe0, 0x07, 0xe0, 0x07, 0xe0, 0x07, 0xe0, 0x07, 
0xe0, 0x07, 0xe0, 0x07, 0xe0, 0x07, 0xe0, 0x07, 0xe0, 0x07, 0xe0, 0x07, 0xe0, 0x07, 0xe0, 0x07, 
0xe0, 0x07, 0xe0, 0x07, 0xe0, 0x07, 0xe0, 0x07, 0xe0, 0x07, 0xe0, 0x07, 0xe0, 0x07, 0xe0, 0x07, 
0xe0, 0x07, 0xe0, 0x07, 0xe0, 0x07, 0xe0, 0x07, 0xe0, 0x07, 0xe0, 0x07, 0xe0, 0x07, 0xe0, 0x07, 
0xe0, 0x07, 0xe0, 0x07, 0xe0, 0x07, 0xe0, 0x07, 0xe0, 0x07, 0xe0, 0x07, 0xe0, 0x07, 0xe0, 0x07, 
0xe0, 0x07, 0xe0, 0x07, 0xe0, 0x07, 0xe0, 0x07, 0xe0, 0x07, 0xe0, 0x07, 0xe0, 0x07, 0xe0, 0x07, 
0xe0, 0x07, 0xe0, 0x07, 0xe0, 0x07, 0xe0, 0x07, 0xe0, 0x07, 0xe0, 0x07, 0xe0, 0x07, 0xe0, 0x07, 
0xe0, 0x07, 0xe0, 0x07, 0xe0, 0x07, 0xe0, 0x07, 0xe0, 0x07, 0xe0, 0x07, 0xe0, 0x07, 0xe0, 0x07, 
0xe0, 0x07, 0xe0, 0x07, 0xe0, 0x07, 0xe0, 0x07, 0xe0, 0x07, 0xe0, 0x07, 0xe0, 0x07, 0xe0, 0x07, 
0xe0, 0x07, 0xe0, 0x07, 0xe0, 0x07, 0xe0, 0x07, 0xe0, 0x07, 0xe0, 0x07, 0xe0, 0x07, 0xe0, 0x07, 
0xe0, 0x07, 0xe0, 0x07, 0xe0, 0x07, 0xe0, 0x07, 0xe0, 0x07, 0xe0, 0x07, 0xe0, 0x07, 0xe0, 0x07, 
0xe0, 0x07, 0xe0, 0x07, 0xe0, 0x07, 0xe0, 0x07, 0xe0, 0x07, 0xe0, 0x07, 0xe0, 0x07, 0xe0, 0x07, 
0xe0, 0x07, 0xe0, 0x07, 0xe0, 0x07, 0xe0, 0x07, 0xe0, 0x07, 0xe0, 0x07, 0xe0, 0x07, 0xe0, 0x07, 
0xe0, 0x07, 0xe0, 0x07, 0xe0, 0x07, 0xe0, 0x07, 0xe0, 0x07, 0xe0, 0x07, 0xe0, 0x07, 0xe0, 0x07, 
0xe0, 0x07, 0xe0, 0x07, 0xe0, 0x07, 0xe0, 0x07, 0xe0, 0x07, 0xe0, 0x07, 0xe0, 0x07, 0xe0, 0x07, 
0xe0, 0x07, 0xe0, 0x07, 0xe0, 0x07, 0xe0, 0x07, 0xe0, 0x07, 0xe0, 0x07, 0xe0, 0x07, 0xe0, 0x07, 
0xe0, 0x07, 0xe0, 0x07, 0xe0, 0x07, 0xe0, 0x07, 0xe0, 0x07, 0xe0, 0x07, 0xe0, 0x07, 0xe0, 0x07, 
0xe0, 0x07, 0xe0, 0x07, 0xe0, 0x07, 0xe0, 0x07, 0xe0, 0x07, 0xe0, 0x07, 0xe0, 0x07, 0xe0, 0x07, 
0xe0, 0x07, 0xe0, 0x07, 0xe0, 0x07, 0xe0, 0x07, 0xe0, 0x07, 0xe0, 0x07, 0xe0, 0x07, 0xe0, 0x07, 
0xe0, 0x07, 0xe0, 0x07, 0xe0, 0x07, 0xe0, 0x07, 0xe0, 0x07, 0xe0, 0x07, 0xe0, 0x07, 0xe0, 0x07, 
0xe0, 0x07, 0xe0, 0x07, 0xe0, 0x07, 0xe0, 0x07, 0xe0, 0x07, 0xe0, 0x07, 0xe0, 0x07, 0xe0, 0x07, 
0xe0, 0x07, 0xe0, 0x07, 0xe0, 0x07, 0xe0, 0x07, 0xe0, 0x07, 0xe0, 0x07, 0xe0, 0x07, 0xe0, 0x07, 
0xe0, 0x07, 0xe0, 0x07, 0xe0, 0x07, 0xe0, 0x07, 0xe0, 0x07, 0xe0, 0x07, 0xe0, 0x07, 0xe0, 0x07, 
0xe0, 0x07, 0xe0, 0x07, 0xe0, 0x07, 0xe0, 0x07, 0xe0, 0x07, 0xe0, 0x07, 0xe0, 0x07, 0xe0, 0x07, 
0xe0, 0x07, 0xe0, 0x07, 0xe0, 0x07, 0xe0, 0x07, 0xe0, 0x07, 0xe0, 0x07, 0xe0, 0x07, 0xe0, 0x07, 
0xe0, 0x07, 0xe0, 0x07, 0xe0, 0x07, 0xe0, 0x07, 0xe0, 0x07, 0xe0, 0x07, 0xe0, 0x07, 0xe0, 0x07, 
0xe0, 0x07, 0xe0, 0x07, 0xe0, 0x07, 0xe0, 0x07, 0xe0, 0x07, 0xe0, 0x07, 0xe0, 0x07, 0xe0, 0x07, 
0xe0, 0x07, 0xe0, 0x07, 0xe0, 0x07, 0xe0, 0x07, 0xe0, 0x07, 0xe0, 0x07, 0xe0, 0x07, 0xe0, 0x07, 
0xe0, 0x07, 0xe0, 0x07, 0xe0, 0x07, 0xe0, 0x07, 0xe0, 0x07, 0xe0, 0x07, 0xe0, 0x07, 0xe0, 0x07, 
0xe0, 0x07, 0xe0, 0x07, 0xe0, 0x07, 0xe0, 0x07, 0xe0, 0x07, 0xe0, 0x07, 0xe0, 0x07, 0xe0, 0x07, 
0xe0, 0x07, 0xe0, 0x07, 0xe0, 0x07, 0xe0, 0x07, 0xe0, 0x07, 0xe0, 0x07, 0xe0, 0x07, 0xe0, 0x07, 
0xe0, 0x07, 0xe0, 0x07, 0xe0, 0x07, 0xe0, 0x07, 0xe0, 0x07, 0xe0, 0x07, 0xe0, 0x07, 0xe0, 0x07, 
0xe0, 0x07, 0xe0, 0x07, 0xe0, 0x07, 0xe0, 0x07, 0xe0, 0x07, 0xe0, 0x07, 0xe0, 0x07, 0xe0, 0x07, 
0xe0, 0x07, 0xe0, 0x07, 0xe0, 0x07, 0xe0, 0x07, 0xe0, 0x07, 0xe0, 0x07, 0xe0, 0x07, 0xe0, 0x07, 
0xe0, 0x07, 0xe0, 0x07, 0xe0, 0x07, 0xe0, 0x07, 0xe0, 0x07, 0xe0, 0x07, 0xe0, 0x07, 0xe0, 0x07, 
0xe0, 0x07, 0xe0, 0x07, 0xe0, 0x07, 0xe0, 0x07, 0xe0, 0x07, 0xe0, 0x07, 0xe0, 0x07, 0xe0, 0x07, 
0xe0, 0x07, 0xe0, 0x07, 0xe0, 0x07, 0xe0, 0x07, 0xe0, 0x07, 0xe0, 0x07, 0xe0, 0x07, 0xe0, 0x07, 
0xe0, 0x07, 0xe0, 0x07, 0xe0, 0x07, 0xe0, 0x07, 0xe0, 0x07, 0xe0, 0x07, 0xe0, 0x07, 0xe0, 0x07, 
0xe0, 0x07, 0xe0, 0x07, 0xe0, 0x07, 0xe0, 0x07, 0xe0, 0x07, 0xe0, 0x07, 0xe0, 0x07, 0xe0, 0x07, 
0xe0, 0x07, 0xe0, 0x07, 0xe0, 0x07, 0xe0, 0x07, 0xe0, 0x07, 0xe0, 0x07, 0xe0, 0x07, 0xe0, 0x07, 
0xe0, 0x07, 0xe0, 0x07, 0xe0, 0x07, 0xe0, 0x07, 0xe0, 0x07, 0xe0, 0x07, 0xe0, 0x07, 0xe0, 0x07, 
0xe0, 0x07, 0xe0, 0x07, 0xe0, 0x07, 0xe0, 0x07, 0xe0, 0x07, 0xe0, 0x07, 0xe0, 0x07, 0xe0, 0x07, 
0xe0, 0x07, 0xe0, 0x07, 0xe0, 0x07, 0xe0, 0x07, 0xe0, 0x07, 0xe0, 0x07, 0xe0, 0x07, 0xe0, 0x07, 
0xe0, 0x07, 0xe0, 0x07, 0xe0, 0x07, 0xe0, 0x07, 0xe0, 0x07, 0xe0, 0x07, 0xe0, 0x07, 0xe0, 0x07, 
0xe0, 0x07, 0xe0, 0x07, 0xe0, 0x07, 0xe0, 0x07, 0xe0, 0x07, 0xe0, 0x07, 0xe0, 0x07, 0xe0, 0x07, 
0xe0, 0x07, 0xe0, 0x07, 0xe0, 0x07, 0xe0, 0x07, 0xe0, 0x07, 0xe0, 0x07, 0xe0, 0x07, 0xe0, 0x07, 
0xe0, 0x07, 0xe0, 0x07, 0xe0, 0x07, 0xe0, 0x07, 0xe0, 0x07, 0xe0, 0x07, 0xe0, 0x07, 0xe0, 0x07, 
0xe0, 0x07, 0xe0, 0x07, 0xe0, 0x07, 0xe0, 0x07, 0xe0, 0x07, 0xe0, 0x07, 0xe0, 0x07, 0xe0, 0x07, 
0xe0, 0x07, 0xe0, 0x07, 0xe0, 0x07, 0xe0, 0x07, 0xe0, 0x07, 0xe0, 0x07, 0xe0, 0x07, 0xe0, 0x07, 
0xe0, 0x07, 0xe0, 0x07, 0xe0, 0x07, 0xe0, 0x07, 0xe0, 0x07, 0xe0, 0x07, 0xe0, 0x07, 0xe0, 0x07, 
0xe0, 0x07, 0xe0, 0x07, 0xe0, 0x07, 0xe0, 0x07, 0xe0, 0x07, 0xe0, 0x07, 0xe0, 0x07, 0xe0, 0x07, 
0xe0, 0x07, 0xe0, 0x07, 0xe0, 0x07, 0xe0, 0x07, 0xe0, 0x07, 0xe0, 0x07, 0xe0, 0x07, 0xe0, 0x07, 
0xe0, 0x07, 0xe0, 0x07, 0xe0, 0x07, 0xe0, 0x07, 0xe0, 0x07, 0xe0, 0x07, 0xe0, 0x07, 0xe0, 0x07, 
0xe0, 0x07, 0xe0, 0x07, 0xe0, 0x07, 0xe0, 0x07, 0xe0, 0x07, 0xe0, 0x07, 0xe0, 0x07, 0xe0, 0x07, 
0xe0, 0x07, 0xe0, 0x07, 0xe0, 0x07, 0xe0, 0x07, 0xe0, 0x07, 0xe0, 0x07, 0xe0, 0x07, 0xe0, 0x07, 
0xe0, 0x07, 0xe0, 0x07, 0xe0, 0x07, 0xe0, 0x07, 0xe0, 0x07, 0xe0, 0x07, 0xe0, 0x07, 0xe0, 0x07, 
0xe0, 0x07, 0xe0, 0x07, 0xe0, 0x07, 0xe0, 0x07, 0xe0, 0x07, 0xe0, 0x07, 0xe0, 0x07, 0xe0, 0x07, 
0xe0, 0x07, 0xe0, 0x07, 0xe0, 0x07, 0xe0, 0x07, 0xe0, 0x07, 0xe0, 0x07, 0xe0, 0x07, 0xe0, 0x07, 
0xe0, 0x07, 0xe0, 0x07, 0xe0, 0x07, 0xe0, 0x07, 0xe0, 0x07, 0xe0, 0x07, 0xe0, 0x07, 0xe0, 0x07, 
0xe0, 0x07, 0xe0, 0x07, 0xe0, 0x07, 0xe0, 0x07, 0xe0, 0x07, 0xe0, 0x07, 0xe0, 0x07, 0xe0, 0x07, 
0xe0, 0x07, 0xe0, 0x07, 0xe0, 0x07, 0xe0, 0x07, 0xe0, 0x07, 0xe0, 0x07, 0xe0, 0x07, 0xe0, 0x07, 
0xe0, 0x07, 0xe0, 0x07, 0xe0, 0x07, 0xe0, 0x07, 0xe0, 0x07, 0xe0, 0x07, 0xe0, 0x07, 0xe0, 0x07, 
0xe0, 0x07, 0xe0, 0x07, 0xe0, 0x07, 0xe0, 0x07, 0xe0, 0x07, 0xe0, 0x07, 0xe0, 0x07, 0xe0, 0x07, 
0xe0, 0x07, 0xe0, 0x07, 0xe0, 0x07, 0xe0, 0x07, 0xe0, 0x07, 0xe0, 0x07, 0xe0, 0x07, 0xe0, 0x07, 
0xe0, 0x07, 0xe0, 0x07, 0xe0, 0x07, 0xe0, 0x07, 0xe0, 0x07, 0xe0, 0x07, 0xe0, 0x07, 0xe0, 0x07, 
0xe0, 0x07, 0xe0, 0x07, 0xe0, 0x07, 0xe0, 0x07, 0xe0, 0x07, 0xe0, 0x07, 0xe0, 0x07, 0xe0, 0x07, 
0xe0, 0x07, 0xe0, 0x07, 0xe0, 0x07, 0xe0, 0x07, 0xe0, 0x07, 0xe0, 0x07, 0xe0, 0x07, 0xe0, 0x07, 
0xe0, 0x07, 0xe0, 0x07, 0xe0, 0x07, 0xe0, 0x07, 0xe0, 0x07, 0xe0, 0x07, 0xe0, 0x07, 0xe0, 0x07, 
0xe0, 0x07, 0xe0, 0x07, 0xe0, 0x07, 0xe0, 0x07, 0xe0, 0x07, 0xe0, 0x07, 0xe0, 0x07, 0xe0, 0x07, 
0xe0, 0x07, 0xe0, 0x07, 0xe0, 0x07, 0xe0, 0x07, 0xe0, 0x07, 0xe0, 0x07, 0xe0, 0x07, 0xe0, 0x07, 
0xe0, 0x07, 0xe0, 0x07, 0xe0, 0x07, 0xe0, 0x07, 0xe0, 0x07, 0xe0, 0x07, 0xe0, 0x07, 0xe0, 0x07, 
0xe0, 0x07, 0xe0, 0x07, 0xe0, 0x07, 0xe0, 0x07, 0xe0, 0x07, 0xe0, 0x07, 0xe0, 0x07, 0xe0, 0x07, 
0xe0, 0x07, 0xe0, 0x07, 0xe0, 0x07, 0xe0, 0x07, 0xe0, 0x07, 0xe0, 0x07, 0xe0, 0x07, 0xe0, 0x07, 
0xe0, 0x07, 0xe0, 0x07, 0xe0, 0x07, 0xe0, 0x07, 0xe0, 0x07, 0xe0, 0x07, 0xe0, 0x07, 0xe0, 0x07, 
0xe0, 0x07, 0xe0, 0x07, 0xe0, 0x07, 0xe0, 0x07, 0xe0, 0x07, 0xe0, 0x07, 0xe0, 0x07, 0xe0, 0x07, 
0xe0, 0x07, 0xe0, 0x07, 0xe0, 0x07, 0xe0, 0x07, 0xe0, 0x07, 0xe0, 0x07, 0xe0, 0x07, 0xe0, 0x07, 
0xe0, 0x07, 0xe0, 0x07, 0xe0, 0x07, 0xe0, 0x07, 0xe0, 0x07, 0xe0, 0x07, 0xe0, 0x07, 0xe0, 0x07, 
0xe0, 0x07, 0xe0, 0x07, 0xe0, 0x07, 0xe0, 0x07, 0xe0, 0x07, 0xe0, 0x07, 0xe0, 0x07, 0xe0, 0x07, 
0xe0, 0x07, 0xe0, 0x07, 0xe0, 0x07, 0xe0, 0x07, 0xe0, 0x07, 0xe0, 0x07, 0xe0, 0x07, 0xe0, 0x07, 
0xe0, 0x07, 0xe0, 0x07, 0xe0, 0x07, 0xe0, 0x07, 0xe0, 0x07, 0xe0, 0x07, 0xe0, 0x07, 0xe0, 0x07, 
0xe0, 0x07, 0xe0, 0x07, 0xe0, 0x07, 0xe0, 0x07, 0xe0, 0x07, 0xe0, 0x07, 0xe0, 0x07, 0xe0, 0x07, 
0xe0, 0x07, 0xe0, 0x07, 0xe0, 0x07, 0xe0, 0x07, 0xe0, 0x07, 0xe0, 0x07, 0xe0, 0x07, 0xe0, 0x07, 
0xe0, 0x07, 0xe0, 0x07, 0xe0, 0x07, 0xe0, 0x07, 0xe0, 0x07, 0xe0, 0x07, 0xe0, 0x07, 0xe0, 0x07, 
0xe0, 0x07, 0xe0, 0x07, 0xe0, 0x07, 0xe0, 0x07, 0xe0, 0x07, 0xe0, 0x07, 0xe0, 0x07, 0xe0, 0x07, 
0xe0, 0x07, 0xe0, 0x07, 0xe0, 0x07, 0xe0, 0x07, 0xe0, 0x07, 0xe0, 0x07, 0xe0, 0x07, 0xe0, 0x07, 
0xe0, 0x07, 0xe0, 0x07, 0xe0, 0x07, 0xe0, 0x07, 0xe0, 0x07, 0xe0, 0x07, 0xe0, 0x07, 0xe0, 0x07, 
0xe0, 0x07, 0xe0, 0x07, 0xe0, 0x07, 0xe0, 0x07, 0xe0, 0x07, 0xe0, 0x07, 0xe0, 0x07, 0xe0, 0x07, 
0xe0, 0x07, 0xe0, 0x07, 0xe0, 0x07, 0xe0, 0x07, 0xe0, 0x07, 0xe0, 0x07, 0xe0, 0x07, 0xe0, 0x07, 
0xe0, 0x07, 0xe0, 0x07, 0xe0, 0x07, 0xe0, 0x07, 0xe0, 0x07, 0xe0, 0x07, 0xe0, 0x07, 0xe0, 0x07, 
0xe0, 0x07, 0xe0, 0x07, 0xe0, 0x07, 0xe0, 0x07, 0xe0, 0x07, 0xe0, 0x07, 0xe0, 0x07, 0xe0, 0x07, 
0xe0, 0x07, 0xe0, 0x07, 0xe0, 0x07, 0xe0, 0x07, 0xe0, 0x07, 0xe0, 0x07, 0xe0, 0x07, 0xe0, 0x07, 
0xe0, 0x07, 0xe0, 0x07, 0xe0, 0x07, 0xe0, 0x07, 0xe0, 0x07, 0xe0, 0x07, 0xe0, 0x07, 0xe0, 0x07, 
0xe0, 0x07, 0xe0, 0x07, 0xe0, 0x07, 0xe0, 0x07, 0xe0, 0x07, 0xe0, 0x07, 0xe0, 0x07, 0xe0, 0x07, 
0xe0, 0x07, 0xe0, 0x07, 0xe0, 0x07, 0xe0, 0x07, 0xe0, 0x07, 0xe0, 0x07, 0xe0, 0x07, 0xe0, 0x07, 
0xe0, 0x07, 0xe0, 0x07, 0xe0, 0x07, 0xe0, 0x07, 0xe0, 0x07, 0xe0, 0x07, 0xe0, 0x07, 0xe0, 0x07, 
0xe0, 0x07, 0xe0, 0x07, 0xe0, 0x07, 0xe0, 0x07, 0xe0, 0x07, 0xe0, 0x07, 0xe0, 0x07, 0xe0, 0x07, 
0xe0, 0x07, 0xe0, 0x07, 0xe0, 0x07, 0xe0, 0x07, 0xe0, 0x07, 0xe0, 0x07, 0xe0, 0x07, 0xe0, 0x07, 
0xe0, 0x07, 0xe0, 0x07, 0xe0, 0x07, 0xe0, 0x07, 0xe0, 0x07, 0xe0, 0x07, 0xe0, 0x07, 0xe0, 0x07, 
0xe0, 0x07, 0xe0, 0x07, 0xe0, 0x07, 0xe0, 0x07, 0xe0, 0x07, 0xe0, 0x07, 0xe0, 0x07, 0xe0, 0x07, 
0xe0, 0x07, 0xe0, 0x07, 0xe0, 0x07, 0xe0, 0x07, 0xe0, 0x07, 0xe0, 0x07, 0xe0, 0x07, 0xe0, 0x07, 
0xe0, 0x07, 0xe0, 0x07, 0xe0, 0x07, 0xe0, 0x07, 0xe0, 0x07, 0xe0, 0x07, 0xe0, 0x07, 0xe0, 0x07, 
0xe0, 0x07, 0xe0, 0x07, 0xe0, 0x07, 0xe0, 0x07, 0xe0, 0x07, 0xe0, 0x07, 0xe0, 0x07, 0xe0, 0x07, 
0xe0, 0x07, 0xe0, 0x07, 0xe0, 0x07, 0xe0, 0x07, 0xe0, 0x07, 0xe0, 0x07, 0xe0, 0x07, 0xe0, 0x07, 
0xe0, 0x07, 0xe0, 0x07, 0xe0, 0x07, 0xe0, 0x07, 0xe0, 0x07, 0xe0, 0x07, 0xe0, 0x07, 0xe0, 0x07, 
0xe0, 0x07, 0xe0, 0x07, 0xe0, 0x07, 0xe0, 0x07, 0xe0, 0x07, 0xe0, 0x07, 0xe0, 0x07, 0xe0, 0x07, 
0xe0, 0x07, 0xe0, 0x07, 0xe0, 0x07, 0xe0, 0x07, 0xe0, 0x07, 0xe0, 0x07, 0xe0, 0x07, 0xe0, 0x07, 
0xe0, 0x07, 0xe0, 0x07, 0xe0, 0x07, 0xe0, 0x07, 0xe0, 0x07, 0xe0, 0x07, 0xe0, 0x07, 0xe0, 0x07, 
0xe0, 0x07, 0xe0, 0x07, 0xe0, 0x07, 0xe0, 0x07, 0xe0, 0x07, 0xe0, 0x07, 0xe0, 0x07, 0xe0, 0x07, 
0xe0, 0x07, 0xe0, 0x07, 0xe0, 0x07, 0xe0, 0x07, 0xe0, 0x07, 0xe0, 0x07, 0xe0, 0x07, 0xe0, 0x07, 
0xe0, 0x07, 0xe0, 0x07, 0xe0, 0x07, 0xe0, 0x07, 0xe0, 0x07, 0xe0, 0x07, 0xe0, 0x07, 0xe0, 0x07, 
0xe0, 0x07, 0xe0, 0x07, 0xe0, 0x07, 0xe0, 0x07, 0xe0, 0x07, 0xe0, 0x07, 0xe0, 0x07, 0xe0, 0x07, 
0xe0, 0x07, 0xe0, 0x07, 0xe0, 0x07, 0xe0, 0x07, 0xe0, 0x07, 0xe0, 0x07, 0xe0, 0x07, 0xe0, 0x07, 
0xe0, 0x07, 0xe0, 0x07, 0xe0, 0x07, 0xe0, 0x07, 0xe0, 0x07, 0xe0, 0x07, 0xe0, 0x07, 0xe0, 0x07, 
};

const lv_img_dsc_t image_heart_rate = {
  .header.cf = LV_IMG_CF_TRUE_COLOR_CHROMA_KEYED,
  .header.always_zero = 0,
  .header.reserved = 0,
  .header.w = 100,
  .header.h = 100,
  .data_size = sizeof(img_heart_rate_map),
  .data = img_heart_rate_map,
};
