// 当前导出的C代码适配LVGL8
// 像素点格式：RGB565 
#ifdef __has_include
    #if __has_include("lvgl.h")
        #ifndef LV_LVGL_H_INCLUDE_SIMPLE
            #define LV_LVGL_H_INCLUDE_SIMPLE
        #endif
    #endif
#endif

#if defined(LV_LVGL_H_INCLUDE_SIMPLE)
    #include "lvgl.h"
#else
    #include "lvgl/lvgl.h"
#endif

#ifndef LV_ATTRIBUTE_MEM_ALIGN
#define LV_ATTRIBUTE_MEM_ALIGN
#endif

#ifndef LV_ATTRIBUTE_IMG_PHONE
#define LV_ATTRIBUTE_IMG_PHONE
#endif

const LV_ATTRIBUTE_MEM_ALIGN LV_ATTRIBUTE_LARGE_CONST LV_ATTRIBUTE_IMG_PHONE uint8_t img_phone_map[ ] = {
0xff, 0xff, 0xff, 0xff, 0xff, 0xff, 0xff, 0xff, 0xff, 0xff, 0xff, 0xff, 0xff, 0xff, 0xff, 0xff, 
0xff, 0xff, 0xff, 0xff, 0xff, 0xff, 0xff, 0xff, 0xff, 0xff, 0xff, 0xff, 0xff, 0xff, 0xff, 0xff, 
0xff, 0xff, 0xff, 0xff, 0xff, 0xff, 0xff, 0xff, 0xff, 0xff, 0xff, 0xff, 0xff, 0xff, 0xff, 0xff, 
0xff, 0xff, 0xff, 0xff, 0xff, 0xff, 0xff, 0xff, 0xff, 0xff, 0xff, 0xff, 0xff, 0xff, 0xff, 0xff, 
0xff, 0xff, 0xff, 0xff, 0xff, 0xff, 0xff, 0xff, 0xff, 0xff, 0xff, 0xff, 0xff, 0xff, 0xff, 0xff, 
0xff, 0xff, 0xff, 0xff, 0xff, 0xff, 0xff, 0xff, 0xff, 0xff, 0xff, 0xff, 0xff, 0xff, 0xff, 0xff, 
0xff, 0xff, 0xff, 0xff, 0xff, 0xff, 0xff, 0xff, 0xff, 0xff, 0xff, 0xff, 0xff, 0xff, 0xff, 0xff, 
0xff, 0xff, 0xff, 0xff, 0xff, 0xff, 0xff, 0xff, 0xff, 0xff, 0xff, 0xff, 0xff, 0xff, 0xff, 0xff, 
0xff, 0xff, 0xff, 0xff, 0xff, 0xff, 0xff, 0xff, 0xff, 0xff, 0xff, 0xff, 0xff, 0xff, 0xff, 0xff, 
0xff, 0xff, 0xff, 0xff, 0xff, 0xff, 0xff, 0xff, 0xff, 0xff, 0xff, 0xff, 0xff, 0xff, 0xff, 0xff, 
0xff, 0xff, 0xff, 0xff, 0xff, 0xff, 0xff, 0xff, 0xff, 0xff, 0xff, 0xff, 0xff, 0xff, 0xff, 0xff, 
0xff, 0xff, 0xff, 0xff, 0xff, 0xff, 0xff, 0xff, 0xff, 0xff, 0xff, 0xff, 0xff, 0xff, 0xff, 0xff, 
0xff, 0xff, 0xff, 0xff, 0xff, 0xff, 0xff, 0xff, 0xff, 0xff, 0xff, 0xff, 0xff, 0xff, 0xff, 0xff, 
0xff, 0xff, 0xff, 0xff, 0xff, 0xff, 0xff, 0xff, 0xff, 0xff, 0xff, 0xff, 0xff, 0xff, 0xff, 0xff, 
0xff, 0xff, 0xff, 0xff, 0xff, 0xff, 0xff, 0xff, 0xff, 0xff, 0xff, 0xff, 0xff, 0xff, 0xff, 0xff, 
0xff, 0xff, 0xff, 0xff, 0xff, 0xff, 0xff, 0xff, 0xff, 0xff, 0xff, 0xff, 0xff, 0xff, 0xff, 0xff, 
0xff, 0xff, 0xff, 0xff, 0xff, 0xff, 0xff, 0xff, 0xff, 0xff, 0xff, 0xff, 0xff, 0xff, 0xff, 0xff, 
0xff, 0xff, 0xff, 0xff, 0xff, 0xff, 0xff, 0xff, 0xff, 0xff, 0xff, 0xff, 0xff, 0xff, 0xff, 0xff, 
0xff, 0xff, 0xff, 0xff, 0xff, 0xff, 0xff, 0xff, 0xff, 0xff, 0xff, 0xff, 0xff, 0xff, 0xff, 0xff, 
0xff, 0xff, 0xff, 0xff, 0xff, 0xff, 0xff, 0xff, 0xff, 0xff, 0xff, 0xff, 0xff, 0xff, 0xff, 0xff, 
0xff, 0xff, 0xff, 0xff, 0xff, 0xff, 0xff, 0xff, 0xff, 0xff, 0xff, 0xff, 0xff, 0xff, 0xff, 0xff, 
0xff, 0xff, 0xff, 0xff, 0xff, 0xff, 0xff, 0xff, 0xff, 0xff, 0xff, 0xff, 0xff, 0xff, 0xff, 0xff, 
0xff, 0xff, 0xff, 0xff, 0xff, 0xff, 0xff, 0xff, 0xff, 0xff, 0xff, 0xff, 0xff, 0xff, 0xff, 0xff, 
0xff, 0xff, 0xff, 0xff, 0xff, 0xff, 0xff, 0xff, 0xff, 0xff, 0xff, 0xff, 0xff, 0xff, 0xff, 0xff, 
0xff, 0xff, 0xff, 0xff, 0xff, 0xff, 0xff, 0xff, 0xff, 0xff, 0xff, 0xff, 0xff, 0xff, 0xff, 0xff, 
0xff, 0xff, 0xff, 0xff, 0xff, 0xff, 0xff, 0xff, 0xff, 0xff, 0xff, 0xff, 0xff, 0xff, 0xff, 0xff, 
0xff, 0xff, 0xff, 0xff, 0xff, 0xff, 0xff, 0xff, 0xff, 0xff, 0xff, 0xff, 0xff, 0xff, 0xff, 0xff, 
0xff, 0xff, 0xff, 0xff, 0xff, 0xff, 0xff, 0xff, 0xff, 0xff, 0xff, 0xff, 0xff, 0xff, 0xff, 0xff, 
0xff, 0xff, 0xff, 0xff, 0xff, 0xff, 0xff, 0xff, 0xff, 0xff, 0xff, 0xff, 0xff, 0xff, 0xff, 0xff, 
0xff, 0xff, 0xff, 0xff, 0xff, 0xff, 0xff, 0xff, 0xff, 0xff, 0xff, 0xff, 0xff, 0xff, 0xff, 0xff, 
0xff, 0xff, 0xff, 0xff, 0xff, 0xff, 0xff, 0xff, 0xff, 0xff, 0xff, 0xff, 0xff, 0xff, 0xff, 0xff, 
0xff, 0xff, 0xff, 0xff, 0xff, 0xff, 0xff, 0xff, 0xff, 0xff, 0xff, 0xff, 0xff, 0xff, 0xff, 0xff, 
0xff, 0xff, 0xff, 0xff, 0xff, 0xff, 0xff, 0xff, 0xff, 0xff, 0xff, 0xff, 0xff, 0xff, 0xff, 0xff, 
0xff, 0xff, 0xff, 0xff, 0xff, 0xff, 0xff, 0xff, 0xff, 0xff, 0xff, 0xff, 0xff, 0xff, 0xff, 0xff, 
0xff, 0xff, 0xff, 0xff, 0xff, 0xff, 0xff, 0xff, 0xff, 0xff, 0xff, 0xff, 0xff, 0xff, 0xff, 0xff, 
0xff, 0xff, 0xff, 0xff, 0xff, 0xff, 0xff, 0xff, 0xff, 0xff, 0xff, 0xff, 0xff, 0xff, 0xff, 0xff, 
0xff, 0xff, 0xff, 0xff, 0xff, 0xff, 0xff, 0xff, 0xff, 0xff, 0xff, 0xff, 0xff, 0xff, 0xff, 0xff, 
0xff, 0xff, 0xff, 0xff, 0xff, 0xff, 0xff, 0xff, 0xff, 0xff, 0xff, 0xff, 0xff, 0xff, 0xff, 0xff, 
0xff, 0xff, 0xff, 0xff, 0xff, 0xff, 0xff, 0xff, 0xff, 0xff, 0xff, 0xff, 0xff, 0xff, 0xff, 0xff, 
0xff, 0xff, 0xff, 0xff, 0xff, 0xff, 0xff, 0xff, 0xff, 0xff, 0xff, 0xff, 0xff, 0xff, 0xff, 0xff, 
0xff, 0xff, 0xff, 0xff, 0xff, 0xff, 0xff, 0xff, 0xff, 0xff, 0xff, 0xff, 0xff, 0xff, 0xff, 0xff, 
0xff, 0xff, 0xff, 0xff, 0xff, 0xff, 0xff, 0xff, 0xff, 0xff, 0xff, 0xff, 0xff, 0xff, 0xff, 0xff, 
0xff, 0xff, 0xff, 0xff, 0xff, 0xff, 0xff, 0xff, 0xff, 0xff, 0xff, 0xff, 0xff, 0xff, 0xff, 0xff, 
0xff, 0xff, 0xff, 0xff, 0xff, 0xff, 0xff, 0xff, 0xff, 0xff, 0xff, 0xff, 0xff, 0xff, 0xff, 0xff, 
0xff, 0xff, 0xff, 0xff, 0xff, 0xff, 0xff, 0xff, 0xff, 0xff, 0xff, 0xff, 0xff, 0xff, 0xff, 0xff, 
0xff, 0xff, 0xff, 0xff, 0xff, 0xff, 0xff, 0xff, 0xff, 0xff, 0xff, 0xff, 0xff, 0xff, 0xff, 0xff, 
0xff, 0xff, 0xff, 0xff, 0xff, 0xff, 0xff, 0xff, 0xff, 0xff, 0xff, 0xff, 0xff, 0xff, 0xff, 0xff, 
0xff, 0xff, 0xff, 0xff, 0xff, 0xff, 0xff, 0xff, 0xff, 0xff, 0xff, 0xff, 0xff, 0xff, 0xff, 0xff, 
0xff, 0xff, 0xff, 0xff, 0xff, 0xff, 0xff, 0xff, 0xff, 0xff, 0xff, 0xff, 0xff, 0xff, 0xff, 0xff, 
0xff, 0xff, 0xff, 0xff, 0xff, 0xff, 0xff, 0xff, 0xff, 0xff, 0xff, 0xff, 0xff, 0xff, 0xff, 0xff, 
0xff, 0xff, 0xff, 0xff, 0xff, 0xff, 0xff, 0xff, 0xff, 0xff, 0xff, 0xff, 0xff, 0xff, 0xff, 0xff, 
0xff, 0xff, 0xff, 0xff, 0xff, 0xff, 0xff, 0xff, 0xff, 0xff, 0xff, 0xff, 0xff, 0xff, 0xff, 0xff, 
0xff, 0xff, 0xff, 0xff, 0xff, 0xff, 0xff, 0xff, 0xff, 0xff, 0xff, 0xff, 0xff, 0xff, 0xff, 0xff, 
0xff, 0xff, 0xff, 0xff, 0xff, 0xff, 0xff, 0xff, 0xff, 0xff, 0xff, 0xff, 0xff, 0xff, 0xff, 0xff, 
0xff, 0xff, 0xff, 0xff, 0xff, 0xff, 0xff, 0xff, 0xff, 0xff, 0xff, 0xff, 0xff, 0xff, 0xff, 0xff, 
0xff, 0xff, 0xff, 0xff, 0xff, 0xff, 0xff, 0xff, 0xff, 0xff, 0xff, 0xff, 0xff, 0xff, 0xff, 0xff, 
0xff, 0xff, 0xff, 0xff, 0xff, 0xff, 0xff, 0xff, 0xff, 0xff, 0xff, 0xff, 0xff, 0xff, 0xff, 0xff, 
0xff, 0xff, 0xff, 0xff, 0xff, 0xff, 0xff, 0xff, 0xff, 0xff, 0xff, 0xff, 0xff, 0xff, 0xff, 0xff, 
0xff, 0xff, 0xff, 0xff, 0xff, 0xff, 0xff, 0xff, 0xff, 0xff, 0xff, 0xff, 0xff, 0xff, 0xff, 0xff, 
0xff, 0xff, 0xff, 0xff, 0xff, 0xff, 0xff, 0xff, 0xff, 0xff, 0xff, 0xff, 0xff, 0xff, 0xff, 0xff, 
0xff, 0xff, 0xff, 0xff, 0xff, 0xff, 0xff, 0xff, 0xff, 0xff, 0xff, 0xff, 0xff, 0xff, 0xff, 0xff, 
0xff, 0xff, 0xff, 0xff, 0xff, 0xff, 0xff, 0xff, 0xff, 0xff, 0xff, 0xff, 0xff, 0xff, 0xff, 0xff, 
0xff, 0xff, 0xff, 0xff, 0xff, 0xff, 0xff, 0xff, 0xff, 0xff, 0xff, 0xff, 0xff, 0xff, 0xff, 0xff, 
0xff, 0xff, 0xff, 0xff, 0xff, 0xff, 0xff, 0xff, 0xff, 0xff, 0xff, 0xff, 0xff, 0xff, 0xff, 0xff, 
0xff, 0xff, 0xff, 0xff, 0xff, 0xff, 0xff, 0xff, 0xff, 0xff, 0xff, 0xff, 0xff, 0xff, 0xff, 0xff, 
0xff, 0xff, 0xff, 0xff, 0xff, 0xff, 0xff, 0xff, 0xff, 0xff, 0xff, 0xff, 0xff, 0xff, 0xff, 0xff, 
0xff, 0xff, 0xff, 0xff, 0xff, 0xff, 0xff, 0xff, 0xff, 0xff, 0xff, 0xff, 0xff, 0xff, 0xff, 0xff, 
0xff, 0xff, 0xff, 0xff, 0xff, 0xff, 0xff, 0xff, 0xff, 0xff, 0xff, 0xff, 0xff, 0xff, 0xff, 0xff, 
0xff, 0xff, 0xff, 0xff, 0xff, 0xff, 0xff, 0xff, 0xff, 0xff, 0xff, 0xff, 0xff, 0xff, 0xff, 0xff, 
0xff, 0xff, 0xff, 0xff, 0xff, 0xff, 0xff, 0xff, 0xff, 0xff, 0xff, 0xff, 0xff, 0xff, 0xff, 0xff, 
0xff, 0xff, 0xff, 0xff, 0xff, 0xff, 0xff, 0xff, 0xff, 0xff, 0xff, 0xff, 0xff, 0xff, 0xff, 0xff, 
0xff, 0xff, 0xff, 0xff, 0xff, 0xff, 0xff, 0xff, 0xff, 0xff, 0xff, 0xff, 0xff, 0xff, 0xff, 0xff, 
0xff, 0xff, 0xff, 0xff, 0xff, 0xff, 0xff, 0xff, 0xff, 0xff, 0xff, 0xff, 0xff, 0xff, 0xff, 0xff, 
0xff, 0xff, 0xff, 0xff, 0xff, 0xff, 0xff, 0xff, 0xff, 0xff, 0xff, 0xff, 0xff, 0xff, 0xff, 0xff, 
0xff, 0xff, 0xff, 0xff, 0xff, 0xff, 0xff, 0xff, 0xff, 0xff, 0xff, 0xff, 0xff, 0xff, 0xff, 0xff, 
0xff, 0xff, 0xff, 0xff, 0xff, 0xff, 0xff, 0xff, 0xff, 0xff, 0xff, 0xff, 0xff, 0xff, 0xff, 0xff, 
0xff, 0xff, 0xff, 0xff, 0xff, 0xff, 0xff, 0xff, 0xff, 0xff, 0xff, 0xff, 0xff, 0xff, 0xff, 0xff, 
0xff, 0xff, 0xff, 0xff, 0xff, 0xff, 0xff, 0xff, 0xff, 0xff, 0xff, 0xff, 0xff, 0xff, 0xff, 0xff, 
0xff, 0xff, 0xff, 0xff, 0xff, 0xff, 0xff, 0xff, 0xff, 0xff, 0xff, 0xff, 0xff, 0xff, 0xff, 0xff, 
0xff, 0xff, 0xff, 0xff, 0xff, 0xff, 0xff, 0xff, 0xff, 0xff, 0xff, 0xff, 0xff, 0xff, 0xff, 0xff, 
0xff, 0xff, 0xff, 0xff, 0xff, 0xff, 0xff, 0xff, 0xff, 0xff, 0xff, 0xff, 0xff, 0xff, 0xff, 0xff, 
0xff, 0xff, 0xff, 0xff, 0xff, 0xff, 0xff, 0xff, 0xff, 0xff, 0xff, 0xff, 0xff, 0xff, 0xff, 0xff, 
0xff, 0xff, 0xff, 0xff, 0xff, 0xff, 0xff, 0xff, 0xff, 0xff, 0xff, 0xff, 0xff, 0xff, 0xff, 0xff, 
0xff, 0xff, 0xff, 0xff, 0xff, 0xff, 0xff, 0xff, 0xff, 0xff, 0xff, 0xff, 0xff, 0xff, 0xff, 0xff, 
0xff, 0xff, 0xff, 0xff, 0xff, 0xff, 0xff, 0xff, 0xff, 0xff, 0xff, 0xff, 0xff, 0xff, 0xff, 0xff, 
0xff, 0xff, 0xff, 0xff, 0xff, 0xff, 0xff, 0xff, 0xff, 0xff, 0xff, 0xff, 0xff, 0xff, 0xff, 0xff, 
0xff, 0xff, 0xff, 0xff, 0xff, 0xff, 0xff, 0xff, 0xff, 0xff, 0xff, 0xff, 0xff, 0xff, 0xff, 0xff, 
0xff, 0xff, 0xff, 0xff, 0xff, 0xff, 0xff, 0xff, 0xff, 0xff, 0xff, 0xff, 0xff, 0xff, 0xff, 0xff, 
0xff, 0xff, 0xff, 0xff, 0xff, 0xff, 0xff, 0xff, 0xff, 0xff, 0xff, 0xff, 0xff, 0xff, 0xff, 0xff, 
0xff, 0xff, 0xff, 0xff, 0xff, 0xff, 0xff, 0xff, 0xff, 0xff, 0xff, 0xff, 0xff, 0xff, 0xff, 0xff, 
0xff, 0xff, 0xff, 0xff, 0xff, 0xff, 0xff, 0xff, 0xff, 0xff, 0xff, 0xff, 0xff, 0xff, 0xff, 0xff, 
0xff, 0xff, 0xff, 0xff, 0xff, 0xff, 0xff, 0xff, 0xff, 0xff, 0xff, 0xff, 0xff, 0xff, 0xff, 0xff, 
0xff, 0xff, 0xff, 0xff, 0xff, 0xff, 0xff, 0xff, 0xff, 0xff, 0xff, 0xff, 0xff, 0xff, 0xff, 0xff, 
0xff, 0xff, 0xff, 0xff, 0xff, 0xff, 0xff, 0xff, 0xff, 0xff, 0xff, 0xff, 0xff, 0xff, 0xff, 0xff, 
0xff, 0xff, 0xff, 0xff, 0xff, 0xff, 0xff, 0xff, 0xff, 0xff, 0xff, 0xff, 0xff, 0xff, 0xff, 0xff, 
0xff, 0xff, 0xff, 0xff, 0xff, 0xff, 0xff, 0xff, 0xff, 0xff, 0xff, 0xff, 0xff, 0xff, 0xff, 0xff, 
0xff, 0xff, 0xff, 0xff, 0xff, 0xff, 0xff, 0xff, 0xff, 0xff, 0xff, 0xff, 0xff, 0xff, 0xff, 0xff, 
0xff, 0xff, 0xff, 0xff, 0xff, 0xff, 0xff, 0xff, 0xff, 0xff, 0xff, 0xff, 0xff, 0xff, 0xff, 0xff, 
0xff, 0xff, 0xff, 0xff, 0xff, 0xff, 0xff, 0xff, 0xff, 0xff, 0xff, 0xff, 0xff, 0xff, 0xff, 0xff, 
0xff, 0xff, 0xff, 0xff, 0xff, 0xff, 0xff, 0xff, 0xff, 0xff, 0xff, 0xff, 0xff, 0xff, 0xff, 0xff, 
0xff, 0xff, 0xff, 0xff, 0xff, 0xff, 0xff, 0xff, 0xff, 0xff, 0xff, 0xff, 0xff, 0xff, 0xff, 0xff, 
0xff, 0xff, 0xff, 0xff, 0xff, 0xff, 0xff, 0xff, 0xff, 0xff, 0xff, 0xff, 0xff, 0xff, 0xff, 0xff, 
0xff, 0xff, 0xff, 0xff, 0xff, 0xff, 0xff, 0xff, 0xff, 0xff, 0xff, 0xff, 0xff, 0xff, 0xff, 0xff, 
0xff, 0xff, 0xff, 0xff, 0xff, 0xff, 0xff, 0xff, 0xff, 0xff, 0xff, 0xff, 0xff, 0xff, 0xff, 0xff, 
0xff, 0xff, 0xff, 0xff, 0xff, 0xff, 0xff, 0xff, 0xff, 0xff, 0xff, 0xff, 0xff, 0xff, 0xff, 0xff, 
0xff, 0xff, 0xff, 0xff, 0xff, 0xff, 0xff, 0xff, 0xff, 0xff, 0xff, 0xff, 0xff, 0xff, 0xff, 0xff, 
0xff, 0xff, 0xff, 0xff, 0xff, 0xff, 0xff, 0xff, 0xff, 0xff, 0xff, 0xff, 0xff, 0xff, 0xff, 0xff, 
0xff, 0xff, 0xff, 0xff, 0xff, 0xff, 0xff, 0xff, 0xff, 0xff, 0xff, 0xff, 0xff, 0xff, 0xff, 0xff, 
0xff, 0xff, 0xff, 0xff, 0xff, 0xff, 0xff, 0xff, 0xff, 0xff, 0xff, 0xff, 0xff, 0xff, 0xff, 0xff, 
0xff, 0xff, 0xff, 0xff, 0xff, 0xff, 0xff, 0xff, 0xff, 0xff, 0xff, 0xff, 0xff, 0xff, 0xff, 0xff, 
0xff, 0xff, 0xff, 0xff, 0xff, 0xff, 0xff, 0xff, 0xff, 0xff, 0xff, 0xff, 0xff, 0xff, 0xff, 0xff, 
0xff, 0xff, 0xff, 0xff, 0xff, 0xff, 0xff, 0xff, 0xff, 0xff, 0xff, 0xff, 0xff, 0xff, 0xff, 0xff, 
0xff, 0xff, 0xff, 0xff, 0xff, 0xff, 0xff, 0xff, 0xff, 0xff, 0xff, 0xff, 0xff, 0xff, 0xff, 0xff, 
0xff, 0xff, 0xff, 0xff, 0xff, 0xff, 0xff, 0xff, 0xff, 0xff, 0xff, 0xff, 0xff, 0xff, 0xff, 0xff, 
0xff, 0xff, 0xff, 0xff, 0xff, 0xff, 0xff, 0xff, 0xff, 0xff, 0xff, 0xff, 0xff, 0xff, 0xff, 0xff, 
0xff, 0xff, 0xff, 0xff, 0xff, 0xff, 0xff, 0xff, 0xff, 0xff, 0xff, 0xff, 0xff, 0xff, 0xff, 0xff, 
0xff, 0xff, 0xff, 0xff, 0xff, 0xff, 0xff, 0xff, 0xff, 0xff, 0xff, 0xff, 0xff, 0xff, 0xff, 0xff, 
0xff, 0xff, 0xff, 0xff, 0xff, 0xff, 0xff, 0xff, 0xff, 0xff, 0xff, 0xff, 0xff, 0xff, 0xff, 0xff, 
0xff, 0xff, 0xff, 0xff, 0xff, 0xff, 0xff, 0xff, 0xff, 0xff, 0xff, 0xff, 0xff, 0xff, 0xff, 0xff, 
0xff, 0xff, 0xff, 0xff, 0xff, 0xff, 0xff, 0xff, 0xff, 0xff, 0xff, 0xff, 0xff, 0xff, 0xff, 0xff, 
0xff, 0xff, 0xff, 0xff, 0xff, 0xff, 0xff, 0xff, 0xff, 0xff, 0xff, 0xff, 0xff, 0xff, 0xff, 0xff, 
0xff, 0xff, 0xff, 0xff, 0xff, 0xff, 0xff, 0xff, 0xff, 0xff, 0xff, 0xff, 0xff, 0xff, 0xff, 0xff, 
0xff, 0xff, 0xff, 0xff, 0xff, 0xff, 0xff, 0xff, 0xff, 0xff, 0xff, 0xff, 0xff, 0xff, 0xff, 0xff, 
0xff, 0xff, 0xff, 0xff, 0xff, 0xff, 0xff, 0xff, 0xff, 0xff, 0xff, 0xff, 0xff, 0xff, 0xff, 0xff, 
0xff, 0xff, 0xff, 0xff, 0xff, 0xff, 0xff, 0xff, 0xff, 0xff, 0xff, 0xff, 0xff, 0xff, 0xff, 0xff, 
0xff, 0xff, 0xff, 0xff, 0xff, 0xff, 0xff, 0xff, 0xff, 0xff, 0xff, 0xff, 0xff, 0xff, 0xff, 0xff, 
0xff, 0xff, 0xff, 0xff, 0xff, 0xff, 0xff, 0xff, 0xff, 0xff, 0xff, 0xff, 0xff, 0xff, 0xff, 0xff, 
0xff, 0xff, 0xff, 0xff, 0xff, 0xff, 0xff, 0xff, 0xff, 0xff, 0xff, 0xff, 0xff, 0xff, 0xff, 0xff, 
0xff, 0xff, 0xff, 0xff, 0xff, 0xff, 0xff, 0xff, 0xff, 0xff, 0xff, 0xff, 0xff, 0xff, 0xff, 0xff, 
0xff, 0xff, 0xff, 0xff, 0xff, 0xff, 0xff, 0xff, 0xff, 0xff, 0xff, 0xff, 0xff, 0xff, 0xff, 0xff, 
0xff, 0xff, 0xff, 0xff, 0xff, 0xff, 0xff, 0xff, 0xff, 0xff, 0xff, 0xff, 0xff, 0xff, 0xff, 0xff, 
0xff, 0xff, 0xff, 0xff, 0xff, 0xff, 0xff, 0xff, 0xff, 0xff, 0xff, 0xff, 0xff, 0xff, 0xff, 0xff, 
0xff, 0xff, 0xff, 0xff, 0xff, 0xff, 0xff, 0xff, 0xff, 0xff, 0xff, 0xff, 0xff, 0xff, 0xff, 0xff, 
0xff, 0xff, 0xff, 0xff, 0xff, 0xff, 0xff, 0xff, 0xff, 0xff, 0xff, 0xff, 0xff, 0xff, 0xff, 0xff, 
0xff, 0xff, 0xff, 0xff, 0xff, 0xff, 0xff, 0xff, 0xff, 0xff, 0xff, 0xff, 0xff, 0xff, 0xff, 0xff, 
0xff, 0xff, 0xff, 0xff, 0xff, 0xff, 0xff, 0xff, 0xff, 0xff, 0xff, 0xff, 0xff, 0xff, 0xff, 0xff, 
0xff, 0xff, 0xff, 0xff, 0xff, 0xff, 0xff, 0xff, 0xff, 0xff, 0xff, 0xff, 0xff, 0xff, 0xff, 0xff, 
0xff, 0xff, 0xff, 0xff, 0xff, 0xff, 0xff, 0xff, 0xff, 0xff, 0xff, 0xff, 0xff, 0xff, 0xff, 0xff, 
0xff, 0xff, 0xff, 0xff, 0xff, 0xff, 0xff, 0xff, 0xff, 0xff, 0xff, 0xff, 0xff, 0xff, 0xff, 0xff, 
0xff, 0xff, 0xff, 0xff, 0xff, 0xff, 0xff, 0xff, 0xff, 0xff, 0xff, 0xff, 0xff, 0xff, 0xff, 0xff, 
0xff, 0xff, 0xff, 0xff, 0x1e, 0xc7, 0x5c, 0x45, 0xdc, 0x1c, 0xbb, 0x14, 0xdc, 0x1c, 0xbb, 0x14, 
0xdc, 0x1c, 0xbb, 0x14, 0xdc, 0x1c, 0xbb, 0x14, 0xbe, 0x9e, 0xff, 0xff, 0xff, 0xff, 0xff, 0xff, 
0xff, 0xff, 0xff, 0xff, 0xff, 0xff, 0xff, 0xff, 0xff, 0xff, 0xff, 0xff, 0xff, 0xff, 0xff, 0xff, 
0xff, 0xff, 0xff, 0xff, 0xff, 0xff, 0xff, 0xff, 0xff, 0xff, 0xff, 0xff, 0xff, 0xff, 0xff, 0xff, 
0xff, 0xff, 0xff, 0xff, 0xff, 0xff, 0xff, 0xff, 0xff, 0xff, 0xff, 0xff, 0xff, 0xff, 0xff, 0xff, 
0xff, 0xff, 0xff, 0xff, 0xff, 0xff, 0xff, 0xff, 0xff, 0xff, 0xff, 0xff, 0xff, 0xff, 0xff, 0xff, 
0xff, 0xff, 0xff, 0xff, 0xff, 0xff, 0xff, 0xff, 0xff, 0xff, 0xff, 0xff, 0xff, 0xff, 0xff, 0xff, 
0xff, 0xff, 0xff, 0xff, 0xff, 0xff, 0xff, 0xff, 0xff, 0xff, 0xff, 0xff, 0xff, 0xff, 0xff, 0xff, 
0xff, 0xff, 0xff, 0xff, 0xff, 0xff, 0xff, 0xff, 0xff, 0xff, 0xff, 0xff, 0xff, 0xff, 0xff, 0xff, 
0xff, 0xff, 0xff, 0xff, 0xff, 0xff, 0xff, 0xff, 0xff, 0xff, 0xff, 0xff, 0xff, 0xff, 0xff, 0xff, 
0xff, 0xff, 0xff, 0xff, 0xff, 0xff, 0xff, 0xff, 0xff, 0xff, 0xff, 0xff, 0xff, 0xff, 0xff, 0xff, 
0xff, 0xff, 0xff, 0xff, 0xff, 0xff, 0xff, 0xff, 0xff, 0xff, 0xff, 0xff, 0xff, 0xff, 0xff, 0xff, 
0xff, 0xff, 0xff, 0xff, 0xdf, 0xff, 0xfe, 0xbe, 0xbb, 0x14, 0xdb, 0x14, 0xbb, 0x14, 0xdc, 0x14, 
0xbb, 0x14, 0xdb, 0x14, 0xbb, 0x14, 0xdc, 0x14, 0xbb, 0x14, 0xdb, 0x14, 0xbb, 0x14, 0xdc, 0x14, 
0xbb, 0x14, 0xdb, 0x14, 0xbb, 0x14, 0xbe, 0xa6, 0xff, 0xff, 0xff, 0xff, 0xff, 0xff, 0xff, 0xff, 
0xff, 0xff, 0xff, 0xff, 0xff, 0xff, 0xff, 0xff, 0xff, 0xff, 0xff, 0xff, 0xff, 0xff, 0xff, 0xff, 
0xff, 0xff, 0xff, 0xff, 0xff, 0xff, 0xff, 0xff, 0xff, 0xff, 0xff, 0xff, 0xff, 0xff, 0xff, 0xff, 
0xff, 0xff, 0xff, 0xff, 0xff, 0xff, 0xff, 0xff, 0xff, 0xff, 0xff, 0xff, 0xff, 0xff, 0xff, 0xff, 
0xff, 0xff, 0xff, 0xff, 0xff, 0xff, 0xff, 0xff, 0xff, 0xff, 0xff, 0xff, 0xff, 0xff, 0xff, 0xff, 
0xff, 0xff, 0xff, 0xff, 0xff, 0xff, 0xff, 0xff, 0xff, 0xff, 0xff, 0xff, 0xff, 0xff, 0xff, 0xff, 
0xff, 0xff, 0xff, 0xff, 0xff, 0xff, 0xff, 0xff, 0xff, 0xff, 0xff, 0xff, 0xff, 0xff, 0xff, 0xff, 
0xff, 0xff, 0xff, 0xff, 0xff, 0xff, 0xff, 0xff, 0xff, 0xff, 0xff, 0xff, 0xff, 0xff, 0xff, 0xff, 
0xff, 0xff, 0xff, 0xff, 0xff, 0xff, 0xff, 0xff, 0xff, 0xff, 0xff, 0xff, 0xff, 0xff, 0xff, 0xff, 
0xff, 0xff, 0xff, 0xff, 0xff, 0xff, 0xff, 0xff, 0xff, 0xff, 0xff, 0xff, 0xff, 0xff, 0xff, 0xff, 
0xff, 0xff, 0xff, 0xff, 0xff, 0xff, 0xff, 0xff, 0xff, 0xff, 0xfe, 0xb6, 0xdc, 0x1c, 0xbb, 0x14, 
0xdc, 0x1c, 0xbb, 0x14, 0xdc, 0x1c, 0xbb, 0x14, 0xdc, 0x1c, 0xbb, 0x14, 0xdc, 0x1c, 0xbb, 0x14, 
0xdc, 0x1c, 0xbb, 0x14, 0xdc, 0x1c, 0xbb, 0x14, 0xdc, 0x1c, 0xbb, 0x14, 0xdc, 0x1c, 0xbb, 0x14, 
0xdc, 0x1c, 0x1e, 0xbf, 0xff, 0xff, 0xff, 0xff, 0xff, 0xff, 0xff, 0xff, 0xff, 0xff, 0xff, 0xff, 
0xff, 0xff, 0xff, 0xff, 0xff, 0xff, 0xff, 0xff, 0xff, 0xff, 0xff, 0xff, 0xff, 0xff, 0xff, 0xff, 
0xff, 0xff, 0xff, 0xff, 0xff, 0xff, 0xff, 0xff, 0xff, 0xff, 0xff, 0xff, 0xff, 0xff, 0xff, 0xff, 
0xff, 0xff, 0xff, 0xff, 0xff, 0xff, 0xff, 0xff, 0xff, 0xff, 0xff, 0xff, 0xff, 0xff, 0xff, 0xff, 
0xff, 0xff, 0xff, 0xff, 0xff, 0xff, 0xff, 0xff, 0xff, 0xff, 0xff, 0xff, 0xff, 0xff, 0xff, 0xff, 
0xff, 0xff, 0xff, 0xff, 0xff, 0xff, 0xff, 0xff, 0xff, 0xff, 0xff, 0xff, 0xff, 0xff, 0xff, 0xff, 
0xff, 0xff, 0xff, 0xff, 0xff, 0xff, 0xff, 0xff, 0xff, 0xff, 0xff, 0xff, 0xff, 0xff, 0xff, 0xff, 
0xff, 0xff, 0xff, 0xff, 0xff, 0xff, 0xff, 0xff, 0xff, 0xff, 0xff, 0xff, 0xff, 0xff, 0xff, 0xff, 
0xff, 0xff, 0xff, 0xff, 0xff, 0xff, 0xff, 0xff, 0xff, 0xff, 0xff, 0xff, 0xff, 0xff, 0xff, 0xff, 
0xff, 0xff, 0xff, 0xff, 0xff, 0xff, 0xff, 0xff, 0xff, 0xff, 0xff, 0xff, 0xff, 0xff, 0xff, 0xff, 
0x9c, 0x55, 0xdc, 0x14, 0xbb, 0x14, 0xdb, 0x14, 0xbb, 0x14, 0xdc, 0x14, 0xbb, 0x14, 0xdb, 0x14, 
0xbb, 0x14, 0xdc, 0x14, 0xbb, 0x14, 0xdb, 0x14, 0xbb, 0x14, 0xdc, 0x14, 0xbb, 0x14, 0xdb, 0x14, 
0xbb, 0x14, 0xdc, 0x14, 0xbb, 0x14, 0xdb, 0x14, 0xbb, 0x14, 0xdc, 0x14, 0xfb, 0x24, 0xff, 0xff, 
0xff, 0xff, 0xff, 0xff, 0xff, 0xff, 0xff, 0xff, 0xff, 0xff, 0xff, 0xff, 0xff, 0xff, 0xff, 0xff, 
0xff, 0xff, 0xff, 0xff, 0xff, 0xff, 0xff, 0xff, 0xff, 0xff, 0xff, 0xff, 0xff, 0xff, 0xff, 0xff, 
0xff, 0xff, 0xff, 0xff, 0xff, 0xff, 0xff, 0xff, 0xff, 0xff, 0xff, 0xff, 0xff, 0xff, 0xff, 0xff, 
0xff, 0xff, 0xff, 0xff, 0xff, 0xff, 0xff, 0xff, 0xff, 0xff, 0xff, 0xff, 0xff, 0xff, 0xff, 0xff, 
0xff, 0xff, 0xff, 0xff, 0xff, 0xff, 0xff, 0xff, 0xff, 0xff, 0xff, 0xff, 0xff, 0xff, 0xff, 0xff, 
0xff, 0xff, 0xff, 0xff, 0xff, 0xff, 0xff, 0xff, 0xff, 0xff, 0xff, 0xff, 0xff, 0xff, 0xff, 0xff, 
0xff, 0xff, 0xff, 0xff, 0xff, 0xff, 0xff, 0xff, 0xff, 0xff, 0xff, 0xff, 0xff, 0xff, 0xff, 0xff, 
0xff, 0xff, 0xff, 0xff, 0xff, 0xff, 0xff, 0xff, 0xff, 0xff, 0xff, 0xff, 0xff, 0xff, 0xff, 0xff, 
0xff, 0xff, 0xff, 0xff, 0xff, 0xff, 0xff, 0xff, 0xff, 0xff, 0xff, 0xff, 0xff, 0xff, 0xff, 0xff, 
0xff, 0xff, 0xff, 0xff, 0xff, 0xff, 0xbb, 0x14, 0xdc, 0x1c, 0xbb, 0x14, 0xdc, 0x1c, 0xbb, 0x14, 
0xdc, 0x1c, 0xbb, 0x14, 0xdc, 0x1c, 0xbb, 0x14, 0xdc, 0x1c, 0xbb, 0x14, 0xdc, 0x1c, 0xbb, 0x14, 
0xdc, 0x1c, 0xbb, 0x14, 0xdc, 0x1c, 0xbb, 0x14, 0xdc, 0x1c, 0xbb, 0x14, 0xdc, 0x1c, 0xbb, 0x14, 
0xdc, 0x1c, 0xbb, 0x14, 0xdc, 0x1c, 0xbb, 0x14, 0xff, 0xff, 0xff, 0xff, 0xff, 0xff, 0xff, 0xff, 
0xff, 0xff, 0xff, 0xff, 0xff, 0xff, 0xff, 0xff, 0xff, 0xff, 0xff, 0xff, 0xff, 0xff, 0xff, 0xff, 
0xff, 0xff, 0xff, 0xff, 0xff, 0xff, 0xff, 0xff, 0xff, 0xff, 0xff, 0xff, 0xff, 0xff, 0xff, 0xff, 
0xff, 0xff, 0xff, 0xff, 0xff, 0xff, 0xff, 0xff, 0xff, 0xff, 0xff, 0xff, 0xff, 0xff, 0xff, 0xff, 
0xff, 0xff, 0xff, 0xff, 0xff, 0xff, 0xff, 0xff, 0xff, 0xff, 0xff, 0xff, 0xff, 0xff, 0xff, 0xff, 
0xff, 0xff, 0xff, 0xff, 0xff, 0xff, 0xff, 0xff, 0xff, 0xff, 0xff, 0xff, 0xff, 0xff, 0xff, 0xff, 
0xff, 0xff, 0xff, 0xff, 0xff, 0xff, 0xff, 0xff, 0xff, 0xff, 0xff, 0xff, 0xff, 0xff, 0xff, 0xff, 
0xff, 0xff, 0xff, 0xff, 0xff, 0xff, 0xff, 0xff, 0xff, 0xff, 0xff, 0xff, 0xff, 0xff, 0xff, 0xff, 
0xff, 0xff, 0xff, 0xff, 0xff, 0xff, 0xff, 0xff, 0xff, 0xff, 0xff, 0xff, 0xff, 0xff, 0xff, 0xff, 
0xff, 0xff, 0xff, 0xff, 0xff, 0xff, 0xff, 0xff, 0xff, 0xff, 0xff, 0xff, 0xbb, 0x14, 0xdc, 0x14, 
0xbb, 0x14, 0xdb, 0x14, 0xbb, 0x14, 0xdc, 0x14, 0xbb, 0x14, 0xdb, 0x14, 0xbb, 0x14, 0xdc, 0x14, 
0xbb, 0x14, 0xdb, 0x14, 0xbb, 0x14, 0xdc, 0x14, 0xbb, 0x14, 0xdb, 0x14, 0xbb, 0x14, 0xdc, 0x14, 
0xbb, 0x14, 0xdb, 0x14, 0xbb, 0x14, 0xdc, 0x14, 0xbb, 0x14, 0xdb, 0x14, 0xbb, 0x14, 0xdc, 0x14, 
0xbb, 0x14, 0x9e, 0xdf, 0xff, 0xff, 0xff, 0xff, 0xff, 0xff, 0xff, 0xff, 0xff, 0xff, 0xff, 0xff, 
0xff, 0xff, 0xff, 0xff, 0xff, 0xff, 0xff, 0xff, 0xff, 0xff, 0xff, 0xff, 0xff, 0xff, 0xff, 0xff, 
0xff, 0xff, 0xff, 0xff, 0xff, 0xff, 0xff, 0xff, 0xff, 0xff, 0xff, 0xff, 0xff, 0xff, 0xff, 0xff, 
0xff, 0xff, 0xff, 0xff, 0xff, 0xff, 0xff, 0xff, 0xff, 0xff, 0xff, 0xff, 0xff, 0xff, 0xff, 0xff, 
0xff, 0xff, 0xff, 0xff, 0xff, 0xff, 0xff, 0xff, 0xff, 0xff, 0xff, 0xff, 0xff, 0xff, 0xff, 0xff, 
0xff, 0xff, 0xff, 0xff, 0xff, 0xff, 0xff, 0xff, 0xff, 0xff, 0xff, 0xff, 0xff, 0xff, 0xff, 0xff, 
0xff, 0xff, 0xff, 0xff, 0xff, 0xff, 0xff, 0xff, 0xff, 0xff, 0xff, 0xff, 0xff, 0xff, 0xff, 0xff, 
0xff, 0xff, 0xff, 0xff, 0xff, 0xff, 0xff, 0xff, 0xff, 0xff, 0xff, 0xff, 0xff, 0xff, 0xff, 0xff, 
0xff, 0xff, 0xff, 0xff, 0xff, 0xff, 0xff, 0xff, 0xff, 0xff, 0xff, 0xff, 0xff, 0xff, 0xff, 0xff, 
0xff, 0xff, 0xbb, 0x14, 0xdc, 0x1c, 0xbb, 0x14, 0xdc, 0x1c, 0xbb, 0x14, 0xdc, 0x1c, 0xbb, 0x14, 
0xdc, 0x1c, 0xbb, 0x14, 0xdc, 0x1c, 0xbb, 0x14, 0xdc, 0x1c, 0xbb, 0x14, 0xdc, 0x1c, 0xbb, 0x14, 
0xdc, 0x1c, 0xbb, 0x14, 0xdc, 0x1c, 0xbb, 0x14, 0xdc, 0x1c, 0xbb, 0x14, 0xdc, 0x1c, 0xbb, 0x14, 
0xdc, 0x1c, 0xbb, 0x14, 0xdc, 0x1c, 0xbb, 0x14, 0xdc, 0x1c, 0xbb, 0x14, 0xff, 0xff, 0xff, 0xff, 
0xff, 0xff, 0xff, 0xff, 0xff, 0xff, 0xff, 0xff, 0xff, 0xff, 0xff, 0xff, 0xff, 0xff, 0xff, 0xff, 
0xff, 0xff, 0xff, 0xff, 0xff, 0xff, 0xff, 0xff, 0xff, 0xff, 0xff, 0xff, 0xff, 0xff, 0xff, 0xff, 
0xff, 0xff, 0xff, 0xff, 0xff, 0xff, 0xff, 0xff, 0xff, 0xff, 0xff, 0xff, 0xff, 0xff, 0xff, 0xff, 
0xff, 0xff, 0xff, 0xff, 0xff, 0xff, 0xff, 0xff, 0xff, 0xff, 0xff, 0xff, 0xff, 0xff, 0xff, 0xff, 
0xff, 0xff, 0xff, 0xff, 0xff, 0xff, 0xff, 0xff, 0xff, 0xff, 0xff, 0xff, 0xff, 0xff, 0xff, 0xff, 
0xff, 0xff, 0xff, 0xff, 0xff, 0xff, 0xff, 0xff, 0xff, 0xff, 0xff, 0xff, 0xff, 0xff, 0xff, 0xff, 
0xff, 0xff, 0xff, 0xff, 0xff, 0xff, 0xff, 0xff, 0xff, 0xff, 0xff, 0xff, 0xff, 0xff, 0xff, 0xff, 
0xff, 0xff, 0xff, 0xff, 0xff, 0xff, 0xff, 0xff, 0xff, 0xff, 0xff, 0xff, 0xff, 0xff, 0xff, 0xff, 
0xff, 0xff, 0xff, 0xff, 0xff, 0xff, 0xff, 0xff, 0x5c, 0x3d, 0xdc, 0x14, 0xbb, 0x14, 0xdb, 0x14, 
0xbb, 0x14, 0xdc, 0x14, 0xbb, 0x14, 0xdb, 0x14, 0xbb, 0x14, 0xdc, 0x14, 0xbb, 0x14, 0xdb, 0x14, 
0xbb, 0x14, 0xdc, 0x14, 0xbb, 0x14, 0xdb, 0x14, 0xbb, 0x14, 0xdc, 0x14, 0xbb, 0x14, 0xdb, 0x14, 
0xbb, 0x14, 0xdc, 0x14, 0xbb, 0x14, 0xdb, 0x14, 0xbb, 0x14, 0xdc, 0x14, 0xbb, 0x14, 0xdb, 0x14, 
0xbb, 0x14, 0xdc, 0x14, 0xbb, 0x14, 0xff, 0xff, 0xff, 0xff, 0xff, 0xff, 0xff, 0xff, 0xff, 0xff, 
0xff, 0xff, 0xff, 0xff, 0xff, 0xff, 0xff, 0xff, 0xff, 0xff, 0xff, 0xff, 0xff, 0xff, 0xff, 0xff, 
0xff, 0xff, 0xff, 0xff, 0xff, 0xff, 0xff, 0xff, 0xff, 0xff, 0xff, 0xff, 0xff, 0xff, 0xff, 0xff, 
0xff, 0xff, 0xff, 0xff, 0xff, 0xff, 0xff, 0xff, 0xff, 0xff, 0xff, 0xff, 0xff, 0xff, 0xff, 0xff, 
0xff, 0xff, 0xff, 0xff, 0xff, 0xff, 0xff, 0xff, 0xff, 0xff, 0xff, 0xff, 0xff, 0xff, 0xff, 0xff, 
0xff, 0xff, 0xff, 0xff, 0xff, 0xff, 0xff, 0xff, 0xff, 0xff, 0xff, 0xff, 0xff, 0xff, 0xff, 0xff, 
0xff, 0xff, 0xff, 0xff, 0xff, 0xff, 0xff, 0xff, 0xff, 0xff, 0xff, 0xff, 0xff, 0xff, 0xff, 0xff, 
0xff, 0xff, 0xff, 0xff, 0xff, 0xff, 0xff, 0xff, 0xff, 0xff, 0xff, 0xff, 0xff, 0xff, 0xff, 0xff, 
0xff, 0xff, 0xff, 0xff, 0xff, 0xff, 0xff, 0xff, 0xff, 0xff, 0xff, 0xff, 0xff, 0xff, 0xfe, 0xb6, 
0xdc, 0x1c, 0xbb, 0x14, 0xdc, 0x1c, 0xbb, 0x14, 0xdc, 0x1c, 0xbb, 0x14, 0xdc, 0x1c, 0xbb, 0x14, 
0xdc, 0x1c, 0xbb, 0x14, 0xdc, 0x1c, 0xbb, 0x14, 0xdc, 0x1c, 0xbb, 0x14, 0xdc, 0x1c, 0xbb, 0x14, 
0xdc, 0x1c, 0xbb, 0x14, 0xdc, 0x1c, 0xbb, 0x14, 0xdc, 0x1c, 0xbb, 0x14, 0xdc, 0x1c, 0xbb, 0x14, 
0xdc, 0x1c, 0xbb, 0x14, 0xdc, 0x1c, 0xbb, 0x14, 0xdc, 0x1c, 0xbb, 0x14, 0xdc, 0x1c, 0xbc, 0x55, 
0xff, 0xff, 0xff, 0xff, 0xff, 0xff, 0xff, 0xff, 0xff, 0xff, 0xff, 0xff, 0xff, 0xff, 0xff, 0xff, 
0xff, 0xff, 0xff, 0xff, 0xff, 0xff, 0xff, 0xff, 0xff, 0xff, 0xff, 0xff, 0xff, 0xff, 0xff, 0xff, 
0xff, 0xff, 0xff, 0xff, 0xff, 0xff, 0xff, 0xff, 0xff, 0xff, 0xff, 0xff, 0xff, 0xff, 0xff, 0xff, 
0xff, 0xff, 0xff, 0xff, 0xff, 0xff, 0xff, 0xff, 0xff, 0xff, 0xff, 0xff, 0xff, 0xff, 0xff, 0xff, 
0xff, 0xff, 0xff, 0xff, 0xff, 0xff, 0xff, 0xff, 0xff, 0xff, 0xff, 0xff, 0xff, 0xff, 0xff, 0xff, 
0xff, 0xff, 0xff, 0xff, 0xff, 0xff, 0xff, 0xff, 0xff, 0xff, 0xff, 0xff, 0xff, 0xff, 0xff, 0xff, 
0xff, 0xff, 0xff, 0xff, 0xff, 0xff, 0xff, 0xff, 0xff, 0xff, 0xff, 0xff, 0xff, 0xff, 0xff, 0xff, 
0xff, 0xff, 0xff, 0xff, 0xff, 0xff, 0xff, 0xff, 0xff, 0xff, 0xff, 0xff, 0xff, 0xff, 0xff, 0xff, 
0xff, 0xff, 0xff, 0xff, 0xff, 0xff, 0xdc, 0x14, 0xbb, 0x14, 0xdb, 0x14, 0xbb, 0x14, 0xdc, 0x14, 
0xbb, 0x14, 0xdb, 0x14, 0xbb, 0x14, 0xdc, 0x14, 0xbb, 0x14, 0xdb, 0x14, 0xbb, 0x14, 0xdc, 0x14, 
0xbb, 0x14, 0xdb, 0x14, 0xbb, 0x14, 0xdc, 0x14, 0xbb, 0x14, 0xdb, 0x14, 0xbb, 0x14, 0xdc, 0x14, 
0xbb, 0x14, 0xdb, 0x14, 0xbb, 0x14, 0xdc, 0x14, 0xbb, 0x14, 0xdb, 0x14, 0xbb, 0x14, 0xdc, 0x14, 
0xbb, 0x14, 0xdb, 0x14, 0xbb, 0x14, 0xdc, 0x14, 0xff, 0xff, 0xff, 0xff, 0xff, 0xff, 0xff, 0xff, 
0xff, 0xff, 0xff, 0xff, 0xff, 0xff, 0xff, 0xff, 0xff, 0xff, 0xff, 0xff, 0xff, 0xff, 0xff, 0xff, 
0xff, 0xff, 0xff, 0xff, 0xff, 0xff, 0xff, 0xff, 0xff, 0xff, 0xff, 0xff, 0xff, 0xff, 0xff, 0xff, 
0xff, 0xff, 0xff, 0xff, 0xff, 0xff, 0xff, 0xff, 0xff, 0xff, 0xff, 0xff, 0xff, 0xff, 0xff, 0xff, 
0xff, 0xff, 0xff, 0xff, 0xff, 0xff, 0xff, 0xff, 0xff, 0xff, 0xff, 0xff, 0xff, 0xff, 0xff, 0xff, 
0xff, 0xff, 0xff, 0xff, 0xff, 0xff, 0xff, 0xff, 0xff, 0xff, 0xff, 0xff, 0xff, 0xff, 0xff, 0xff, 
0xff, 0xff, 0xff, 0xff, 0xff, 0xff, 0xff, 0xff, 0xff, 0xff, 0xff, 0xff, 0xff, 0xff, 0xff, 0xff, 
0xff, 0xff, 0xff, 0xff, 0xff, 0xff, 0xff, 0xff, 0xff, 0xff, 0xff, 0xff, 0xff, 0xff, 0xff, 0xff, 
0xff, 0xff, 0xff, 0xff, 0xff, 0xff, 0xff, 0xff, 0xff, 0xff, 0xff, 0xff, 0x1e, 0xbf, 0xbb, 0x14, 
0xdc, 0x1c, 0xbb, 0x14, 0xdc, 0x1c, 0xbb, 0x14, 0xdc, 0x1c, 0xbb, 0x14, 0xdc, 0x1c, 0xbb, 0x14, 
0xdc, 0x1c, 0xbb, 0x14, 0xdc, 0x1c, 0xbb, 0x14, 0xdc, 0x1c, 0xbb, 0x14, 0xdc, 0x1c, 0xbb, 0x14, 
0xdc, 0x1c, 0xbb, 0x14, 0xdc, 0x1c, 0xbb, 0x14, 0xdc, 0x1c, 0xbb, 0x14, 0xdc, 0x1c, 0xbb, 0x14, 
0xdc, 0x1c, 0xbb, 0x14, 0xdc, 0x1c, 0xbb, 0x14, 0xdc, 0x1c, 0xbb, 0x14, 0xdc, 0x1c, 0xbb, 0x14, 
0x5c, 0x3d, 0xff, 0xff, 0xff, 0xff, 0xff, 0xff, 0xff, 0xff, 0xff, 0xff, 0xff, 0xff, 0xff, 0xff, 
0xff, 0xff, 0xff, 0xff, 0xff, 0xff, 0xff, 0xff, 0xff, 0xff, 0xff, 0xff, 0xff, 0xff, 0xff, 0xff, 
0xff, 0xff, 0xff, 0xff, 0xff, 0xff, 0xff, 0xff, 0xff, 0xff, 0xff, 0xff, 0xff, 0xff, 0xff, 0xff, 
0xff, 0xff, 0xff, 0xff, 0xff, 0xff, 0xff, 0xff, 0xff, 0xff, 0xff, 0xff, 0xff, 0xff, 0xff, 0xff, 
0xff, 0xff, 0xff, 0xff, 0xff, 0xff, 0xff, 0xff, 0xff, 0xff, 0xff, 0xff, 0xff, 0xff, 0xff, 0xff, 
0xff, 0xff, 0xff, 0xff, 0xff, 0xff, 0xff, 0xff, 0xff, 0xff, 0xff, 0xff, 0xff, 0xff, 0xff, 0xff, 
0xff, 0xff, 0xff, 0xff, 0xff, 0xff, 0xff, 0xff, 0xff, 0xff, 0xff, 0xff, 0xff, 0xff, 0xff, 0xff, 
0xff, 0xff, 0xff, 0xff, 0xff, 0xff, 0xff, 0xff, 0xff, 0xff, 0xff, 0xff, 0xff, 0xff, 0xff, 0xff, 
0xff, 0xff, 0xff, 0xff, 0xbb, 0x14, 0xdb, 0x14, 0xbb, 0x14, 0xdc, 0x14, 0xbb, 0x14, 0xdb, 0x14, 
0xbb, 0x14, 0xdc, 0x14, 0xbb, 0x14, 0xdb, 0x14, 0xbb, 0x14, 0xdc, 0x14, 0xbb, 0x14, 0xdb, 0x14, 
0xbb, 0x14, 0xdc, 0x14, 0xbb, 0x14, 0xdb, 0x14, 0xbb, 0x14, 0xdc, 0x14, 0xbb, 0x14, 0xdb, 0x14, 
0xbb, 0x14, 0xdc, 0x14, 0xbb, 0x14, 0xdb, 0x14, 0xbb, 0x14, 0xdc, 0x14, 0xbb, 0x14, 0xdb, 0x14, 
0xbb, 0x14, 0xdc, 0x14, 0xbb, 0x14, 0xdb, 0x14, 0xbb, 0x14, 0xbf, 0xef, 0xff, 0xff, 0xff, 0xff, 
0xff, 0xff, 0xff, 0xff, 0xff, 0xff, 0xff, 0xff, 0xff, 0xff, 0xff, 0xff, 0xff, 0xff, 0xff, 0xff, 
0xff, 0xff, 0xff, 0xff, 0xff, 0xff, 0xff, 0xff, 0xff, 0xff, 0xff, 0xff, 0xff, 0xff, 0xff, 0xff, 
0xff, 0xff, 0xff, 0xff, 0xff, 0xff, 0xff, 0xff, 0xff, 0xff, 0xff, 0xff, 0xff, 0xff, 0xff, 0xff, 
0xff, 0xff, 0xff, 0xff, 0xff, 0xff, 0xff, 0xff, 0xff, 0xff, 0xff, 0xff, 0xff, 0xff, 0xff, 0xff, 
0xff, 0xff, 0xff, 0xff, 0xff, 0xff, 0xff, 0xff, 0xff, 0xff, 0xff, 0xff, 0xff, 0xff, 0xff, 0xff, 
0xff, 0xff, 0xff, 0xff, 0xff, 0xff, 0xff, 0xff, 0xff, 0xff, 0xff, 0xff, 0xff, 0xff, 0xff, 0xff, 
0xff, 0xff, 0xff, 0xff, 0xff, 0xff, 0xff, 0xff, 0xff, 0xff, 0xff, 0xff, 0xff, 0xff, 0xff, 0xff, 
0xff, 0xff, 0xff, 0xff, 0xff, 0xff, 0xff, 0xff, 0xff, 0xff, 0xff, 0xff, 0xdc, 0x1c, 0xbb, 0x14, 
0xdc, 0x1c, 0xbb, 0x14, 0xdc, 0x1c, 0xbb, 0x14, 0xdc, 0x1c, 0xbb, 0x14, 0xdc, 0x1c, 0xbb, 0x14, 
0xdc, 0x1c, 0xbb, 0x14, 0xdc, 0x1c, 0xbb, 0x14, 0xdc, 0x1c, 0xbb, 0x14, 0xdc, 0x1c, 0xbb, 0x14, 
0xdc, 0x1c, 0xbb, 0x14, 0xdc, 0x1c, 0xbb, 0x14, 0xdc, 0x1c, 0xbb, 0x14, 0xdc, 0x1c, 0xbb, 0x14, 
0xdc, 0x1c, 0xbb, 0x14, 0xdc, 0x1c, 0xbb, 0x14, 0xdc, 0x1c, 0xbb, 0x14, 0xdc, 0x1c, 0xbb, 0x14, 
0xdc, 0x1c, 0xfd, 0x6d, 0xff, 0xff, 0xff, 0xff, 0xff, 0xff, 0xff, 0xff, 0xff, 0xff, 0xff, 0xff, 
0xff, 0xff, 0xff, 0xff, 0xff, 0xff, 0xff, 0xff, 0xff, 0xff, 0xff, 0xff, 0xff, 0xff, 0xff, 0xff, 
0xff, 0xff, 0xff, 0xff, 0xff, 0xff, 0xff, 0xff, 0xff, 0xff, 0xff, 0xff, 0xff, 0xff, 0xff, 0xff, 
0xff, 0xff, 0xff, 0xff, 0xff, 0xff, 0xff, 0xff, 0xff, 0xff, 0xff, 0xff, 0xff, 0xff, 0xff, 0xff, 
0xff, 0xff, 0xff, 0xff, 0xff, 0xff, 0xff, 0xff, 0xff, 0xff, 0xff, 0xff, 0xff, 0xff, 0xff, 0xff, 
0xff, 0xff, 0xff, 0xff, 0xff, 0xff, 0xff, 0xff, 0xff, 0xff, 0xff, 0xff, 0xff, 0xff, 0xff, 0xff, 
0xff, 0xff, 0xff, 0xff, 0xff, 0xff, 0xff, 0xff, 0xff, 0xff, 0xff, 0xff, 0xff, 0xff, 0xff, 0xff, 
0xff, 0xff, 0xff, 0xff, 0xff, 0xff, 0xff, 0xff, 0xff, 0xff, 0xff, 0xff, 0xff, 0xff, 0xff, 0xff, 
0xde, 0xf7, 0xde, 0xa6, 0xbb, 0x14, 0xdc, 0x14, 0xbb, 0x14, 0xdb, 0x14, 0xbb, 0x14, 0xdc, 0x14, 
0xbb, 0x14, 0xdb, 0x14, 0xbb, 0x14, 0xdc, 0x14, 0xbb, 0x14, 0xdb, 0x14, 0xbb, 0x14, 0xdc, 0x14, 
0xbb, 0x14, 0xdb, 0x14, 0xbb, 0x14, 0xdc, 0x14, 0xbb, 0x14, 0xdb, 0x14, 0xbb, 0x14, 0xdc, 0x14, 
0xbb, 0x14, 0xdb, 0x14, 0xbb, 0x14, 0xdc, 0x14, 0xbb, 0x14, 0xdb, 0x14, 0xbb, 0x14, 0xdc, 0x14, 
0xbb, 0x14, 0xdb, 0x14, 0xbb, 0x14, 0xdc, 0x14, 0xbb, 0x14, 0xdb, 0x14, 0xff, 0xff, 0xff, 0xff, 
0xff, 0xff, 0xff, 0xff, 0xff, 0xff, 0xff, 0xff, 0xff, 0xff, 0xff, 0xff, 0xff, 0xff, 0xff, 0xff, 
0xff, 0xff, 0xff, 0xff, 0xff, 0xff, 0xff, 0xff, 0xff, 0xff, 0xff, 0xff, 0xff, 0xff, 0xff, 0xff, 
0xff, 0xff, 0xff, 0xff, 0xff, 0xff, 0xff, 0xff, 0xff, 0xff, 0xff, 0xff, 0xff, 0xff, 0xff, 0xff, 
0xff, 0xff, 0xff, 0xff, 0xff, 0xff, 0xff, 0xff, 0xff, 0xff, 0xff, 0xff, 0xff, 0xff, 0xff, 0xff, 
0xff, 0xff, 0xff, 0xff, 0xff, 0xff, 0xff, 0xff, 0xff, 0xff, 0xff, 0xff, 0xff, 0xff, 0xff, 0xff, 
0xff, 0xff, 0xff, 0xff, 0xff, 0xff, 0xff, 0xff, 0xff, 0xff, 0xff, 0xff, 0xff, 0xff, 0xff, 0xff, 
0xff, 0xff, 0xff, 0xff, 0xff, 0xff, 0xff, 0xff, 0xff, 0xff, 0xff, 0xff, 0xff, 0xff, 0xff, 0xff, 
0xff, 0xff, 0xff, 0xff, 0xff, 0xff, 0xff, 0xff, 0xff, 0xff, 0xbb, 0x14, 0xdc, 0x1c, 0xbb, 0x14, 
0xdc, 0x1c, 0xbb, 0x14, 0xdc, 0x1c, 0xbb, 0x14, 0xdc, 0x1c, 0xbb, 0x14, 0xdc, 0x1c, 0xbb, 0x14, 
0xdc, 0x1c, 0xbb, 0x14, 0xdc, 0x1c, 0xbb, 0x14, 0xdc, 0x1c, 0xbb, 0x14, 0xdc, 0x1c, 0xbb, 0x14, 
0xdc, 0x1c, 0xbb, 0x14, 0xdc, 0x1c, 0xbb, 0x14, 0xdc, 0x1c, 0xbb, 0x14, 0xdc, 0x1c, 0xbb, 0x14, 
0xdc, 0x1c, 0xbb, 0x14, 0xdc, 0x1c, 0xbb, 0x14, 0xdc, 0x1c, 0xbb, 0x14, 0xdc, 0x1c, 0xbb, 0x14, 
0xdc, 0x1c, 0xbb, 0x14, 0xff, 0xff, 0xff, 0xff, 0xff, 0xff, 0xff, 0xff, 0xff, 0xff, 0xff, 0xff, 
0xff, 0xff, 0xff, 0xff, 0xff, 0xff, 0xff, 0xff, 0xff, 0xff, 0xff, 0xff, 0xff, 0xff, 0xff, 0xff, 
0xff, 0xff, 0xff, 0xff, 0xff, 0xff, 0xff, 0xff, 0xff, 0xff, 0xff, 0xff, 0xff, 0xff, 0xff, 0xff, 
0xff, 0xff, 0xff, 0xff, 0xff, 0xff, 0xff, 0xff, 0xff, 0xff, 0xff, 0xff, 0xff, 0xff, 0xff, 0xff, 
0xff, 0xff, 0xff, 0xff, 0xff, 0xff, 0xff, 0xff, 0xff, 0xff, 0xff, 0xff, 0xff, 0xff, 0xff, 0xff, 
0xff, 0xff, 0xff, 0xff, 0xff, 0xff, 0xff, 0xff, 0xff, 0xff, 0xff, 0xff, 0xff, 0xff, 0xff, 0xff, 
0xff, 0xff, 0xff, 0xff, 0xff, 0xff, 0xff, 0xff, 0xff, 0xff, 0xff, 0xff, 0xff, 0xff, 0xff, 0xff, 
0xff, 0xff, 0xff, 0xff, 0xff, 0xff, 0xff, 0xff, 0xff, 0xff, 0xff, 0xff, 0xff, 0xff, 0xff, 0xff, 
0xff, 0xff, 0xdc, 0x14, 0xbb, 0x14, 0xdb, 0x14, 0xbb, 0x14, 0xdc, 0x14, 0xbb, 0x14, 0xdb, 0x14, 
0xbb, 0x14, 0xdc, 0x14, 0xbb, 0x14, 0xdb, 0x14, 0xbb, 0x14, 0xdc, 0x14, 0xbb, 0x14, 0xdb, 0x14, 
0xbb, 0x14, 0xdc, 0x14, 0xbb, 0x14, 0xdb, 0x14, 0xbb, 0x14, 0xdc, 0x14, 0xbb, 0x14, 0xdb, 0x14, 
0xbb, 0x14, 0xdc, 0x14, 0xbb, 0x14, 0xdb, 0x14, 0xbb, 0x14, 0xdc, 0x14, 0xbb, 0x14, 0xdb, 0x14, 
0xbb, 0x14, 0xdc, 0x14, 0xbb, 0x14, 0xdb, 0x14, 0xbb, 0x14, 0xdc, 0x14, 0xdd, 0xae, 0xff, 0xff, 
0xff, 0xff, 0xff, 0xff, 0xff, 0xff, 0xff, 0xff, 0xff, 0xff, 0xff, 0xff, 0xff, 0xff, 0xff, 0xff, 
0xff, 0xff, 0xff, 0xff, 0xff, 0xff, 0xff, 0xff, 0xff, 0xff, 0xff, 0xff, 0xff, 0xff, 0xff, 0xff, 
0xff, 0xff, 0xff, 0xff, 0xff, 0xff, 0xff, 0xff, 0xff, 0xff, 0xff, 0xff, 0xff, 0xff, 0xff, 0xff, 
0xff, 0xff, 0xff, 0xff, 0xff, 0xff, 0xff, 0xff, 0xff, 0xff, 0xff, 0xff, 0xff, 0xff, 0xff, 0xff, 
0xff, 0xff, 0xff, 0xff, 0xff, 0xff, 0xff, 0xff, 0xff, 0xff, 0xff, 0xff, 0xff, 0xff, 0xff, 0xff, 
0xff, 0xff, 0xff, 0xff, 0xff, 0xff, 0xff, 0xff, 0xff, 0xff, 0xff, 0xff, 0xff, 0xff, 0xff, 0xff, 
0xff, 0xff, 0xff, 0xff, 0xff, 0xff, 0xff, 0xff, 0xff, 0xff, 0xff, 0xff, 0xff, 0xff, 0xff, 0xff, 
0xff, 0xff, 0xff, 0xff, 0xff, 0xff, 0xff, 0xff, 0xff, 0xff, 0xbb, 0x14, 0xdc, 0x1c, 0xbb, 0x14, 
0xdc, 0x1c, 0xbb, 0x14, 0xdc, 0x1c, 0xbb, 0x14, 0xdc, 0x1c, 0xbb, 0x14, 0xdc, 0x1c, 0xbb, 0x14, 
0xdc, 0x1c, 0xbb, 0x14, 0xdc, 0x1c, 0xbb, 0x14, 0xdc, 0x1c, 0xbb, 0x14, 0xdc, 0x1c, 0xbb, 0x14, 
0xdc, 0x1c, 0xbb, 0x14, 0xdc, 0x1c, 0xbb, 0x14, 0xdc, 0x1c, 0xbb, 0x14, 0xdc, 0x1c, 0xbb, 0x14, 
0xdc, 0x1c, 0xbb, 0x14, 0xdc, 0x1c, 0xbb, 0x14, 0xdc, 0x1c, 0xbb, 0x14, 0xdc, 0x1c, 0xbb, 0x14, 
0xdc, 0x1c, 0xbb, 0x14, 0x5d, 0x86, 0xff, 0xff, 0xff, 0xff, 0xff, 0xff, 0xff, 0xff, 0xff, 0xff, 
0xff, 0xff, 0xff, 0xff, 0xff, 0xff, 0xff, 0xff, 0xff, 0xff, 0xff, 0xff, 0xff, 0xff, 0xff, 0xff, 
0xff, 0xff, 0xff, 0xff, 0xff, 0xff, 0xff, 0xff, 0xff, 0xff, 0xff, 0xff, 0xff, 0xff, 0xff, 0xff, 
0xff, 0xff, 0xff, 0xff, 0xff, 0xff, 0xff, 0xff, 0xff, 0xff, 0xff, 0xff, 0xff, 0xff, 0xff, 0xff, 
0xff, 0xff, 0xff, 0xff, 0xff, 0xff, 0xff, 0xff, 0xff, 0xff, 0xff, 0xff, 0xff, 0xff, 0xff, 0xff, 
0xff, 0xff, 0xff, 0xff, 0xff, 0xff, 0xff, 0xff, 0xff, 0xff, 0xff, 0xff, 0xff, 0xff, 0xff, 0xff, 
0xff, 0xff, 0xff, 0xff, 0xff, 0xff, 0xff, 0xff, 0xff, 0xff, 0xff, 0xff, 0xff, 0xff, 0xff, 0xff, 
0xff, 0xff, 0xff, 0xff, 0xff, 0xff, 0xff, 0xff, 0xff, 0xff, 0xff, 0xff, 0xff, 0xff, 0xff, 0xff, 
0xff, 0xff, 0xdb, 0x14, 0xbb, 0x14, 0xdc, 0x14, 0xbb, 0x14, 0xdb, 0x14, 0xbb, 0x14, 0xdc, 0x14, 
0xbb, 0x14, 0xdb, 0x14, 0xbb, 0x14, 0xdc, 0x14, 0xbb, 0x14, 0xdb, 0x14, 0xbb, 0x14, 0xdc, 0x14, 
0xbb, 0x14, 0xdb, 0x14, 0xbb, 0x14, 0xdc, 0x14, 0xbb, 0x14, 0xdb, 0x14, 0xbb, 0x14, 0xdc, 0x14, 
0xbb, 0x14, 0xdb, 0x14, 0xbb, 0x14, 0xdc, 0x14, 0xbb, 0x14, 0xdb, 0x14, 0xbb, 0x14, 0xdc, 0x14, 
0xbb, 0x14, 0xdb, 0x14, 0xbb, 0x14, 0xdc, 0x14, 0xbb, 0x14, 0xdb, 0x14, 0x9c, 0x55, 0xff, 0xff, 
0xff, 0xff, 0xff, 0xff, 0xff, 0xff, 0xff, 0xff, 0xff, 0xff, 0xff, 0xff, 0xff, 0xff, 0xff, 0xff, 
0xff, 0xff, 0xff, 0xff, 0xff, 0xff, 0xff, 0xff, 0xff, 0xff, 0xff, 0xff, 0xff, 0xff, 0xff, 0xff, 
0xff, 0xff, 0xff, 0xff, 0xff, 0xff, 0xff, 0xff, 0xff, 0xff, 0xff, 0xff, 0xff, 0xff, 0xff, 0xff, 
0xff, 0xff, 0xff, 0xff, 0xff, 0xff, 0xff, 0xff, 0xff, 0xff, 0xff, 0xff, 0xff, 0xff, 0xff, 0xff, 
0xff, 0xff, 0xff, 0xff, 0xff, 0xff, 0xff, 0xff, 0xff, 0xff, 0xff, 0xff, 0xff, 0xff, 0xff, 0xff, 
0xff, 0xff, 0xff, 0xff, 0xff, 0xff, 0xff, 0xff, 0xff, 0xff, 0xff, 0xff, 0xff, 0xff, 0xff, 0xff, 
0xff, 0xff, 0xff, 0xff, 0xff, 0xff, 0xff, 0xff, 0xff, 0xff, 0xff, 0xff, 0xff, 0xff, 0xff, 0xff, 
0xff, 0xff, 0xff, 0xff, 0xff, 0xff, 0xff, 0xff, 0xff, 0xff, 0xbb, 0x14, 0xdc, 0x1c, 0xbb, 0x14, 
0xdc, 0x1c, 0xbb, 0x14, 0xdc, 0x1c, 0xbb, 0x14, 0xdc, 0x1c, 0xbb, 0x14, 0xdc, 0x1c, 0xbb, 0x14, 
0xdc, 0x1c, 0xbb, 0x14, 0xdc, 0x1c, 0xbb, 0x14, 0xdc, 0x1c, 0xbb, 0x14, 0xdc, 0x1c, 0xbb, 0x14, 
0xdc, 0x1c, 0xbb, 0x14, 0xdc, 0x1c, 0xbb, 0x14, 0xdc, 0x1c, 0xbb, 0x14, 0xdc, 0x1c, 0xbb, 0x14, 
0xdc, 0x1c, 0xbb, 0x14, 0xdc, 0x1c, 0xbb, 0x14, 0xdc, 0x1c, 0xbb, 0x14, 0xdc, 0x1c, 0xbb, 0x14, 
0xdc, 0x1c, 0xbb, 0x14, 0x1c, 0x2d, 0xff, 0xff, 0xff, 0xff, 0xff, 0xff, 0xff, 0xff, 0xff, 0xff, 
0xff, 0xff, 0xff, 0xff, 0xff, 0xff, 0xff, 0xff, 0xff, 0xff, 0xff, 0xff, 0xff, 0xff, 0xff, 0xff, 
0xff, 0xff, 0xff, 0xff, 0xff, 0xff, 0xff, 0xff, 0xff, 0xff, 0xff, 0xff, 0xff, 0xff, 0xff, 0xff, 
0xff, 0xff, 0xff, 0xff, 0xff, 0xff, 0xff, 0xff, 0xff, 0xff, 0xff, 0xff, 0xff, 0xff, 0xff, 0xff, 
0xff, 0xff, 0xff, 0xff, 0xff, 0xff, 0xff, 0xff, 0xff, 0xff, 0xff, 0xff, 0xff, 0xff, 0xff, 0xff, 
0xff, 0xff, 0xff, 0xff, 0xff, 0xff, 0xff, 0xff, 0xff, 0xff, 0xff, 0xff, 0xff, 0xff, 0xff, 0xff, 
0xff, 0xff, 0xff, 0xff, 0xff, 0xff, 0xff, 0xff, 0xff, 0xff, 0xff, 0xff, 0xff, 0xff, 0xff, 0xff, 
0xff, 0xff, 0xff, 0xff, 0xff, 0xff, 0xff, 0xff, 0xff, 0xff, 0xff, 0xff, 0xff, 0xff, 0xff, 0xff, 
0xff, 0xff, 0xdc, 0x14, 0xbb, 0x14, 0xdb, 0x14, 0xbb, 0x14, 0xdc, 0x14, 0xbb, 0x14, 0xdb, 0x14, 
0xbb, 0x14, 0xdc, 0x14, 0xbb, 0x14, 0xdb, 0x14, 0xbb, 0x14, 0xdc, 0x14, 0xbb, 0x14, 0xdb, 0x14, 
0xbb, 0x14, 0xdc, 0x14, 0xbb, 0x14, 0xdb, 0x14, 0xbb, 0x14, 0xdc, 0x14, 0xbb, 0x14, 0xdb, 0x14, 
0xbb, 0x14, 0xdc, 0x14, 0xbb, 0x14, 0xdb, 0x14, 0xbb, 0x14, 0xdc, 0x14, 0xbb, 0x14, 0xdb, 0x14, 
0xbb, 0x14, 0xdc, 0x14, 0xbb, 0x14, 0xdb, 0x14, 0xbb, 0x14, 0xdc, 0x14, 0xdb, 0x1c, 0xff, 0xff, 
0xff, 0xff, 0xff, 0xff, 0xff, 0xff, 0xff, 0xff, 0xff, 0xff, 0xff, 0xff, 0xff, 0xff, 0xff, 0xff, 
0xff, 0xff, 0xff, 0xff, 0xff, 0xff, 0xff, 0xff, 0xff, 0xff, 0xff, 0xff, 0xff, 0xff, 0xff, 0xff, 
0xff, 0xff, 0xff, 0xff, 0xff, 0xff, 0xff, 0xff, 0xff, 0xff, 0xff, 0xff, 0xff, 0xff, 0xff, 0xff, 
0xff, 0xff, 0xff, 0xff, 0xff, 0xff, 0xff, 0xff, 0xff, 0xff, 0xff, 0xff, 0xff, 0xff, 0xff, 0xff, 
0xff, 0xff, 0xff, 0xff, 0xff, 0xff, 0xff, 0xff, 0xff, 0xff, 0xff, 0xff, 0xff, 0xff, 0xff, 0xff, 
0xff, 0xff, 0xff, 0xff, 0xff, 0xff, 0xff, 0xff, 0xff, 0xff, 0xff, 0xff, 0xff, 0xff, 0xff, 0xff, 
0xff, 0xff, 0xff, 0xff, 0xff, 0xff, 0xff, 0xff, 0xff, 0xff, 0xff, 0xff, 0xff, 0xff, 0xff, 0xff, 
0xff, 0xff, 0xff, 0xff, 0xff, 0xff, 0xff, 0xff, 0xff, 0xff, 0xbb, 0x14, 0xdc, 0x1c, 0xbb, 0x14, 
0xdc, 0x1c, 0xbb, 0x14, 0xdc, 0x1c, 0xbb, 0x14, 0xdc, 0x1c, 0xbb, 0x14, 0xdc, 0x1c, 0xbb, 0x14, 
0xdc, 0x1c, 0xbb, 0x14, 0xdc, 0x1c, 0xbb, 0x14, 0xdc, 0x1c, 0xbb, 0x14, 0xdc, 0x1c, 0xbb, 0x14, 
0xdc, 0x1c, 0xbb, 0x14, 0xdc, 0x1c, 0xbb, 0x14, 0xdc, 0x1c, 0xbb, 0x14, 0xdc, 0x1c, 0xbb, 0x14, 
0xdc, 0x1c, 0xbb, 0x14, 0xdc, 0x1c, 0xbb, 0x14, 0xdc, 0x1c, 0xbb, 0x14, 0xdc, 0x1c, 0xbb, 0x14, 
0xdc, 0x1c, 0xbb, 0x14, 0x5c, 0x3d, 0xff, 0xff, 0xff, 0xff, 0xff, 0xff, 0xff, 0xff, 0xff, 0xff, 
0xff, 0xff, 0xff, 0xff, 0xff, 0xff, 0xff, 0xff, 0xff, 0xff, 0xff, 0xff, 0xff, 0xff, 0xff, 0xff, 
0xff, 0xff, 0xff, 0xff, 0xff, 0xff, 0xff, 0xff, 0xff, 0xff, 0xff, 0xff, 0xff, 0xff, 0xff, 0xff, 
0xff, 0xff, 0xff, 0xff, 0xff, 0xff, 0xff, 0xff, 0xff, 0xff, 0xff, 0xff, 0xff, 0xff, 0xff, 0xff, 
0xff, 0xff, 0xff, 0xff, 0xff, 0xff, 0xff, 0xff, 0xff, 0xff, 0xff, 0xff, 0xff, 0xff, 0xff, 0xff, 
0xff, 0xff, 0xff, 0xff, 0xff, 0xff, 0xff, 0xff, 0xff, 0xff, 0xff, 0xff, 0xff, 0xff, 0xff, 0xff, 
0xff, 0xff, 0xff, 0xff, 0xff, 0xff, 0xff, 0xff, 0xff, 0xff, 0xff, 0xff, 0xff, 0xff, 0xff, 0xff, 
0xff, 0xff, 0xff, 0xff, 0xff, 0xff, 0xff, 0xff, 0xff, 0xff, 0xff, 0xff, 0xff, 0xff, 0xff, 0xff, 
0xff, 0xff, 0xdb, 0x14, 0xbb, 0x14, 0xdc, 0x14, 0xbb, 0x14, 0xdb, 0x14, 0xbb, 0x14, 0xdc, 0x14, 
0xbb, 0x14, 0xdb, 0x14, 0xbb, 0x14, 0xdc, 0x14, 0xbb, 0x14, 0xdb, 0x14, 0xbb, 0x14, 0xdc, 0x14, 
0xbb, 0x14, 0xdb, 0x14, 0xbb, 0x14, 0xdc, 0x14, 0xbb, 0x14, 0xdb, 0x14, 0xbb, 0x14, 0xdc, 0x14, 
0xbb, 0x14, 0xdb, 0x14, 0xbb, 0x14, 0xdc, 0x14, 0xbb, 0x14, 0xdb, 0x14, 0xbb, 0x14, 0xdc, 0x14, 
0xbb, 0x14, 0xdb, 0x14, 0xbb, 0x14, 0xdc, 0x14, 0xbb, 0x14, 0xdb, 0x14, 0x7c, 0x4d, 0xff, 0xff, 
0xff, 0xff, 0xff, 0xff, 0xff, 0xff, 0xff, 0xff, 0xff, 0xff, 0xff, 0xff, 0xff, 0xff, 0xff, 0xff, 
0xff, 0xff, 0xff, 0xff, 0xff, 0xff, 0xff, 0xff, 0xff, 0xff, 0xff, 0xff, 0xff, 0xff, 0xff, 0xff, 
0xff, 0xff, 0xff, 0xff, 0xff, 0xff, 0xff, 0xff, 0xff, 0xff, 0xff, 0xff, 0xff, 0xff, 0xff, 0xff, 
0xff, 0xff, 0xff, 0xff, 0xff, 0xff, 0xff, 0xff, 0xff, 0xff, 0xff, 0xff, 0xff, 0xff, 0xff, 0xff, 
0xff, 0xff, 0xff, 0xff, 0xff, 0xff, 0xff, 0xff, 0xff, 0xff, 0xff, 0xff, 0xff, 0xff, 0xff, 0xff, 
0xff, 0xff, 0xff, 0xff, 0xff, 0xff, 0xff, 0xff, 0xff, 0xff, 0xff, 0xff, 0xff, 0xff, 0xff, 0xff, 
0xff, 0xff, 0xff, 0xff, 0xff, 0xff, 0xff, 0xff, 0xff, 0xff, 0xff, 0xff, 0xff, 0xff, 0xff, 0xff, 
0xff, 0xff, 0xff, 0xff, 0xff, 0xff, 0xff, 0xff, 0xff, 0xff, 0xbb, 0x14, 0xdc, 0x1c, 0xbb, 0x14, 
0xdc, 0x1c, 0xbb, 0x14, 0xdc, 0x1c, 0xbb, 0x14, 0xdc, 0x1c, 0xbb, 0x14, 0xdc, 0x1c, 0xbb, 0x14, 
0xdc, 0x1c, 0xbb, 0x14, 0xdc, 0x1c, 0xbb, 0x14, 0xdc, 0x1c, 0xbb, 0x14, 0xdc, 0x1c, 0xbb, 0x14, 
0xdc, 0x1c, 0xbb, 0x14, 0xdc, 0x1c, 0xbb, 0x14, 0xdc, 0x1c, 0xbb, 0x14, 0xdc, 0x1c, 0xbb, 0x14, 
0xdc, 0x1c, 0xbb, 0x14, 0xdc, 0x1c, 0xbb, 0x14, 0xdc, 0x1c, 0xbb, 0x14, 0xdc, 0x1c, 0xbb, 0x14, 
0xdc, 0x1c, 0xbb, 0x14, 0xde, 0xae, 0xff, 0xff, 0xff, 0xff, 0xff, 0xff, 0xff, 0xff, 0xff, 0xff, 
0xff, 0xff, 0xff, 0xff, 0xff, 0xff, 0xff, 0xff, 0xff, 0xff, 0xff, 0xff, 0xff, 0xff, 0xff, 0xff, 
0xff, 0xff, 0xff, 0xff, 0xff, 0xff, 0xff, 0xff, 0xff, 0xff, 0xff, 0xff, 0xff, 0xff, 0xff, 0xff, 
0xff, 0xff, 0xff, 0xff, 0xff, 0xff, 0xff, 0xff, 0xff, 0xff, 0xff, 0xff, 0xff, 0xff, 0xff, 0xff, 
0xff, 0xff, 0xff, 0xff, 0xff, 0xff, 0xff, 0xff, 0xff, 0xff, 0xff, 0xff, 0xff, 0xff, 0xff, 0xff, 
0xff, 0xff, 0xff, 0xff, 0xff, 0xff, 0xff, 0xff, 0xff, 0xff, 0xff, 0xff, 0xff, 0xff, 0xff, 0xff, 
0xff, 0xff, 0xff, 0xff, 0xff, 0xff, 0xff, 0xff, 0xff, 0xff, 0xff, 0xff, 0xff, 0xff, 0xff, 0xff, 
0xff, 0xff, 0xff, 0xff, 0xff, 0xff, 0xff, 0xff, 0xff, 0xff, 0xff, 0xff, 0xff, 0xff, 0xff, 0xff, 
0xff, 0xff, 0xdc, 0x14, 0xbb, 0x14, 0xdb, 0x14, 0xbb, 0x14, 0xdc, 0x14, 0xbb, 0x14, 0xdb, 0x14, 
0xbb, 0x14, 0xdc, 0x14, 0xbb, 0x14, 0xdb, 0x14, 0xbb, 0x14, 0xdc, 0x14, 0xbb, 0x14, 0xdb, 0x14, 
0xbb, 0x14, 0xdc, 0x14, 0xbb, 0x14, 0xdb, 0x14, 0xbb, 0x14, 0xdc, 0x14, 0xbb, 0x14, 0xdb, 0x14, 
0xbb, 0x14, 0xdc, 0x14, 0xbb, 0x14, 0xdb, 0x14, 0xbb, 0x14, 0xdc, 0x14, 0xbb, 0x14, 0xdb, 0x14, 
0xbb, 0x14, 0xdc, 0x14, 0xbb, 0x14, 0xdb, 0x14, 0xbb, 0x14, 0xdc, 0x14, 0xff, 0xff, 0xff, 0xff, 
0xff, 0xff, 0xff, 0xff, 0xff, 0xff, 0xff, 0xff, 0xff, 0xff, 0xff, 0xff, 0xff, 0xff, 0xff, 0xff, 
0xff, 0xff, 0xff, 0xff, 0xff, 0xff, 0xff, 0xff, 0xff, 0xff, 0xff, 0xff, 0xff, 0xff, 0xff, 0xff, 
0xff, 0xff, 0xff, 0xff, 0xff, 0xff, 0xff, 0xff, 0xff, 0xff, 0xff, 0xff, 0xff, 0xff, 0xff, 0xff, 
0xff, 0xff, 0xff, 0xff, 0xff, 0xff, 0xff, 0xff, 0xff, 0xff, 0xff, 0xff, 0xff, 0xff, 0xff, 0xff, 
0xff, 0xff, 0xff, 0xff, 0xff, 0xff, 0xff, 0xff, 0xff, 0xff, 0xff, 0xff, 0xff, 0xff, 0xff, 0xff, 
0xff, 0xff, 0xff, 0xff, 0xff, 0xff, 0xff, 0xff, 0xff, 0xff, 0xff, 0xff, 0xff, 0xff, 0xff, 0xff, 
0xff, 0xff, 0xff, 0xff, 0xff, 0xff, 0xff, 0xff, 0xff, 0xff, 0xff, 0xff, 0xff, 0xff, 0xff, 0xff, 
0xff, 0xff, 0xff, 0xff, 0xff, 0xff, 0xff, 0xff, 0xff, 0xff, 0xbb, 0x14, 0xdc, 0x1c, 0xbb, 0x14, 
0xdc, 0x1c, 0xbb, 0x14, 0xdc, 0x1c, 0xbb, 0x14, 0xdc, 0x1c, 0xbb, 0x14, 0xdc, 0x1c, 0xbb, 0x14, 
0xdc, 0x1c, 0xbb, 0x14, 0xdc, 0x1c, 0xbb, 0x14, 0xdc, 0x1c, 0xbb, 0x14, 0xdc, 0x1c, 0xbb, 0x14, 
0xdc, 0x1c, 0xbb, 0x14, 0xdc, 0x1c, 0xbb, 0x14, 0xdc, 0x1c, 0xbb, 0x14, 0xdc, 0x1c, 0xbb, 0x14, 
0xdc, 0x1c, 0xbb, 0x14, 0xdc, 0x1c, 0xbb, 0x14, 0xdc, 0x1c, 0xbb, 0x14, 0xdc, 0x1c, 0xbb, 0x14, 
0xdc, 0x1c, 0xbb, 0x14, 0xff, 0xff, 0xff, 0xff, 0xff, 0xff, 0xff, 0xff, 0xff, 0xff, 0xff, 0xff, 
0xff, 0xff, 0xff, 0xff, 0xff, 0xff, 0xff, 0xff, 0xff, 0xff, 0xff, 0xff, 0xff, 0xff, 0xff, 0xff, 
0xff, 0xff, 0xff, 0xff, 0xff, 0xff, 0xff, 0xff, 0xff, 0xff, 0xff, 0xff, 0xff, 0xff, 0xff, 0xff, 
0xff, 0xff, 0xff, 0xff, 0xff, 0xff, 0xff, 0xff, 0xff, 0xff, 0xff, 0xff, 0xff, 0xff, 0xff, 0xff, 
0xff, 0xff, 0xff, 0xff, 0xff, 0xff, 0xff, 0xff, 0xff, 0xff, 0xff, 0xff, 0xff, 0xff, 0xff, 0xff, 
0xff, 0xff, 0xff, 0xff, 0xff, 0xff, 0xff, 0xff, 0xff, 0xff, 0xff, 0xff, 0xff, 0xff, 0xff, 0xff, 
0xff, 0xff, 0xff, 0xff, 0xff, 0xff, 0xff, 0xff, 0xff, 0xff, 0xff, 0xff, 0xff, 0xff, 0xff, 0xff, 
0xff, 0xff, 0xff, 0xff, 0xff, 0xff, 0xff, 0xff, 0xff, 0xff, 0xff, 0xff, 0xff, 0xff, 0xff, 0xff, 
0xde, 0xf7, 0xbb, 0x14, 0xbb, 0x14, 0xdc, 0x14, 0xbb, 0x14, 0xdb, 0x14, 0xbb, 0x14, 0xdc, 0x14, 
0xbb, 0x14, 0xdb, 0x14, 0xbb, 0x14, 0xdc, 0x14, 0xbb, 0x14, 0xdb, 0x14, 0xbb, 0x14, 0xdc, 0x14, 
0xbb, 0x14, 0xdb, 0x14, 0xbb, 0x14, 0xdc, 0x14, 0xbb, 0x14, 0xdb, 0x14, 0xbb, 0x14, 0xdc, 0x14, 
0xbb, 0x14, 0xdb, 0x14, 0xbb, 0x14, 0xdc, 0x14, 0xbb, 0x14, 0xdb, 0x14, 0xbb, 0x14, 0xdc, 0x14, 
0xbb, 0x14, 0xdb, 0x14, 0xbb, 0x14, 0xdc, 0x14, 0xbb, 0x14, 0x3d, 0x7e, 0xff, 0xff, 0xff, 0xff, 
0xff, 0xff, 0xff, 0xff, 0xff, 0xff, 0xff, 0xff, 0xff, 0xff, 0xff, 0xff, 0xff, 0xff, 0xff, 0xff, 
0xff, 0xff, 0xff, 0xff, 0xff, 0xff, 0xff, 0xff, 0xff, 0xff, 0xff, 0xff, 0xff, 0xff, 0xff, 0xff, 
0xff, 0xff, 0xff, 0xff, 0xff, 0xff, 0xff, 0xff, 0xff, 0xff, 0xff, 0xff, 0xff, 0xff, 0xff, 0xff, 
0xff, 0xff, 0xff, 0xff, 0xff, 0xff, 0xff, 0xff, 0xff, 0xff, 0xff, 0xff, 0xff, 0xff, 0xff, 0xff, 
0xff, 0xff, 0xff, 0xff, 0xff, 0xff, 0xff, 0xff, 0xff, 0xff, 0xff, 0xff, 0xff, 0xff, 0xff, 0xff, 
0xff, 0xff, 0xff, 0xff, 0xff, 0xff, 0xff, 0xff, 0xff, 0xff, 0xff, 0xff, 0xff, 0xff, 0xff, 0xff, 
0xff, 0xff, 0xff, 0xff, 0xff, 0xff, 0xff, 0xff, 0xff, 0xff, 0xff, 0xff, 0xff, 0xff, 0xff, 0xff, 
0xff, 0xff, 0xff, 0xff, 0xff, 0xff, 0xff, 0xff, 0xff, 0xff, 0xdc, 0x65, 0xdc, 0x1c, 0xbb, 0x14, 
0xdc, 0x1c, 0xbb, 0x14, 0xdc, 0x1c, 0xbb, 0x14, 0xdc, 0x1c, 0xbb, 0x14, 0xdc, 0x1c, 0xbb, 0x14, 
0xdc, 0x1c, 0xbb, 0x14, 0xdc, 0x1c, 0xbb, 0x14, 0xdc, 0x1c, 0xbb, 0x14, 0xdc, 0x1c, 0xbb, 0x14, 
0xdc, 0x1c, 0xbb, 0x14, 0xdc, 0x1c, 0xbb, 0x14, 0xdc, 0x1c, 0xbb, 0x14, 0xdc, 0x1c, 0xbb, 0x14, 
0xdc, 0x1c, 0xbb, 0x14, 0xdc, 0x1c, 0xbb, 0x14, 0xdc, 0x1c, 0xbb, 0x14, 0xdc, 0x1c, 0xbb, 0x14, 
0xdc, 0x1c, 0xff, 0xff, 0xff, 0xff, 0xff, 0xff, 0xff, 0xff, 0xff, 0xff, 0xff, 0xff, 0xff, 0xff, 
0xff, 0xff, 0xff, 0xff, 0xff, 0xff, 0xff, 0xff, 0xff, 0xff, 0xff, 0xff, 0xff, 0xff, 0xff, 0xff, 
0xff, 0xff, 0xff, 0xff, 0xff, 0xff, 0xff, 0xff, 0xff, 0xff, 0xff, 0xff, 0xff, 0xff, 0xff, 0xff, 
0xff, 0xff, 0xff, 0xff, 0xff, 0xff, 0xff, 0xff, 0xff, 0xff, 0xff, 0xff, 0xff, 0xff, 0xff, 0xff, 
0xff, 0xff, 0xff, 0xff, 0xff, 0xff, 0xff, 0xff, 0xff, 0xff, 0xff, 0xff, 0xff, 0xff, 0xff, 0xff, 
0xff, 0xff, 0xff, 0xff, 0xff, 0xff, 0xff, 0xff, 0xff, 0xff, 0xff, 0xff, 0xff, 0xff, 0xff, 0xff, 
0xff, 0xff, 0xff, 0xff, 0xff, 0xff, 0xff, 0xff, 0xff, 0xff, 0xff, 0xff, 0xff, 0xff, 0xff, 0xff, 
0xff, 0xff, 0xff, 0xff, 0xff, 0xff, 0xff, 0xff, 0xff, 0xff, 0xff, 0xff, 0xff, 0xff, 0xff, 0xff, 
0xdf, 0xff, 0xfe, 0xb6, 0xbb, 0x14, 0xdb, 0x14, 0xbb, 0x14, 0xdc, 0x14, 0xbb, 0x14, 0xdb, 0x14, 
0xbb, 0x14, 0xdc, 0x14, 0xbb, 0x14, 0xdb, 0x14, 0xbb, 0x14, 0xdc, 0x14, 0xbb, 0x14, 0xdb, 0x14, 
0xbb, 0x14, 0xdc, 0x14, 0xbb, 0x14, 0xdb, 0x14, 0xbb, 0x14, 0xdc, 0x14, 0xbb, 0x14, 0xdb, 0x14, 
0xbb, 0x14, 0xdc, 0x14, 0xbb, 0x14, 0xdb, 0x14, 0xbb, 0x14, 0xdc, 0x14, 0xbb, 0x14, 0xdb, 0x14, 
0xbb, 0x14, 0xdc, 0x14, 0xbb, 0x14, 0xdb, 0x14, 0x9c, 0x55, 0xff, 0xff, 0xff, 0xff, 0xff, 0xff, 
0xff, 0xff, 0xff, 0xff, 0xff, 0xff, 0xff, 0xff, 0xff, 0xff, 0xff, 0xff, 0xff, 0xff, 0xff, 0xff, 
0xff, 0xff, 0xff, 0xff, 0xff, 0xff, 0xff, 0xff, 0xff, 0xff, 0xff, 0xff, 0xff, 0xff, 0xff, 0xff, 
0xff, 0xff, 0xff, 0xff, 0xff, 0xff, 0xff, 0xff, 0xff, 0xff, 0xff, 0xff, 0xff, 0xff, 0xff, 0xff, 
0xff, 0xff, 0xff, 0xff, 0xff, 0xff, 0xff, 0xff, 0xff, 0xff, 0xff, 0xff, 0xff, 0xff, 0xff, 0xff, 
0xff, 0xff, 0xff, 0xff, 0xff, 0xff, 0xff, 0xff, 0xff, 0xff, 0xff, 0xff, 0xff, 0xff, 0xff, 0xff, 
0xff, 0xff, 0xff, 0xff, 0xff, 0xff, 0xff, 0xff, 0xff, 0xff, 0xff, 0xff, 0xff, 0xff, 0xff, 0xff, 
0xff, 0xff, 0xff, 0xff, 0xff, 0xff, 0xff, 0xff, 0xff, 0xff, 0xff, 0xff, 0xff, 0xff, 0xff, 0xff, 
0xff, 0xff, 0xff, 0xff, 0xff, 0xff, 0xff, 0xff, 0xff, 0xff, 0xff, 0xff, 0xdc, 0x1c, 0xbb, 0x14, 
0xdc, 0x1c, 0xbb, 0x14, 0xdc, 0x1c, 0xbb, 0x14, 0xdc, 0x1c, 0xbb, 0x14, 0xdc, 0x1c, 0xbb, 0x14, 
0xdc, 0x1c, 0xbb, 0x14, 0xdc, 0x1c, 0xbb, 0x14, 0xdc, 0x1c, 0xbb, 0x14, 0xdc, 0x1c, 0xbb, 0x14, 
0xdc, 0x1c, 0xbb, 0x14, 0xdc, 0x1c, 0xbb, 0x14, 0xdc, 0x1c, 0xbb, 0x14, 0xdc, 0x1c, 0xbb, 0x14, 
0xdc, 0x1c, 0xbb, 0x14, 0xdc, 0x1c, 0xbb, 0x14, 0xdc, 0x1c, 0xbb, 0x14, 0xdc, 0x1c, 0xbb, 0x14, 
0xff, 0xff, 0xff, 0xff, 0xff, 0xff, 0xff, 0xff, 0xff, 0xff, 0xff, 0xff, 0xff, 0xff, 0xff, 0xff, 
0xff, 0xff, 0xff, 0xff, 0xff, 0xff, 0xff, 0xff, 0xff, 0xff, 0xff, 0xff, 0xff, 0xff, 0xff, 0xff, 
0xff, 0xff, 0xff, 0xff, 0xff, 0xff, 0xff, 0xff, 0xff, 0xff, 0xff, 0xff, 0xff, 0xff, 0xff, 0xff, 
0xff, 0xff, 0xff, 0xff, 0xff, 0xff, 0xff, 0xff, 0xff, 0xff, 0xff, 0xff, 0xff, 0xff, 0xff, 0xff, 
0xff, 0xff, 0xff, 0xff, 0xff, 0xff, 0xff, 0xff, 0xff, 0xff, 0xff, 0xff, 0xff, 0xff, 0xff, 0xff, 
0xff, 0xff, 0xff, 0xff, 0xff, 0xff, 0xff, 0xff, 0xff, 0xff, 0xff, 0xff, 0xff, 0xff, 0xff, 0xff, 
0xff, 0xff, 0xff, 0xff, 0xff, 0xff, 0xff, 0xff, 0xff, 0xff, 0xff, 0xff, 0xff, 0xff, 0xff, 0xff, 
0xff, 0xff, 0xff, 0xff, 0xff, 0xff, 0xff, 0xff, 0xff, 0xff, 0xff, 0xff, 0xff, 0xff, 0xff, 0xff, 
0xff, 0xff, 0xff, 0xff, 0xbb, 0x14, 0xdc, 0x14, 0xbb, 0x14, 0xdb, 0x14, 0xbb, 0x14, 0xdc, 0x14, 
0xbb, 0x14, 0xdb, 0x14, 0xbb, 0x14, 0xdc, 0x14, 0xbb, 0x14, 0xdb, 0x14, 0xbb, 0x14, 0xdc, 0x14, 
0xbb, 0x14, 0xdb, 0x14, 0xbb, 0x14, 0xdc, 0x14, 0xbb, 0x14, 0xdb, 0x14, 0xbb, 0x14, 0xdc, 0x14, 
0xbb, 0x14, 0xdb, 0x14, 0xbb, 0x14, 0xdc, 0x14, 0xbb, 0x14, 0xdb, 0x14, 0xbb, 0x14, 0xdc, 0x14, 
0xbb, 0x14, 0xdb, 0x14, 0xbb, 0x14, 0x1e, 0xc7, 0xff, 0xff, 0xff, 0xff, 0xff, 0xff, 0xff, 0xff, 
0xff, 0xff, 0xff, 0xff, 0xff, 0xff, 0xff, 0xff, 0xff, 0xff, 0xff, 0xff, 0xff, 0xff, 0xff, 0xff, 
0xff, 0xff, 0xff, 0xff, 0xff, 0xff, 0xff, 0xff, 0xff, 0xff, 0xff, 0xff, 0xff, 0xff, 0xff, 0xff, 
0xff, 0xff, 0xff, 0xff, 0xff, 0xff, 0xff, 0xff, 0xff, 0xff, 0xff, 0xff, 0xff, 0xff, 0xff, 0xff, 
0xff, 0xff, 0xff, 0xff, 0xff, 0xff, 0xff, 0xff, 0xff, 0xff, 0xff, 0xff, 0xff, 0xff, 0xff, 0xff, 
0xff, 0xff, 0xff, 0xff, 0xff, 0xff, 0xff, 0xff, 0xff, 0xff, 0xff, 0xff, 0xff, 0xff, 0xff, 0xff, 
0xff, 0xff, 0xff, 0xff, 0xff, 0xff, 0xff, 0xff, 0xff, 0xff, 0xff, 0xff, 0xff, 0xff, 0xff, 0xff, 
0xff, 0xff, 0xff, 0xff, 0xff, 0xff, 0xff, 0xff, 0xff, 0xff, 0xff, 0xff, 0xff, 0xff, 0xff, 0xff, 
0xff, 0xff, 0xff, 0xff, 0xff, 0xff, 0xff, 0xff, 0xff, 0xff, 0xff, 0xff, 0xdc, 0x1c, 0xbb, 0x14, 
0xdc, 0x1c, 0xbb, 0x14, 0xdc, 0x1c, 0xbb, 0x14, 0xdc, 0x1c, 0xbb, 0x14, 0xdc, 0x1c, 0xbb, 0x14, 
0xdc, 0x1c, 0xbb, 0x14, 0xdc, 0x1c, 0xbb, 0x14, 0xdc, 0x1c, 0xbb, 0x14, 0xdc, 0x1c, 0xbb, 0x14, 
0xdc, 0x1c, 0xbb, 0x14, 0xdc, 0x1c, 0xbb, 0x14, 0xdc, 0x1c, 0xbb, 0x14, 0xdc, 0x1c, 0xbb, 0x14, 
0xdc, 0x1c, 0xbb, 0x14, 0xdc, 0x1c, 0xbb, 0x14, 0xdc, 0x1c, 0xbb, 0x14, 0x3d, 0x7e, 0xff, 0xff, 
0xff, 0xff, 0xff, 0xff, 0xff, 0xff, 0xff, 0xff, 0xff, 0xff, 0xff, 0xff, 0xff, 0xff, 0xff, 0xff, 
0xff, 0xff, 0xff, 0xff, 0xff, 0xff, 0xff, 0xff, 0xff, 0xff, 0xff, 0xff, 0xff, 0xff, 0xff, 0xff, 
0xff, 0xff, 0xff, 0xff, 0xff, 0xff, 0xff, 0xff, 0xff, 0xff, 0xff, 0xff, 0xff, 0xff, 0xff, 0xff, 
0xff, 0xff, 0xff, 0xff, 0xff, 0xff, 0xff, 0xff, 0xff, 0xff, 0xff, 0xff, 0xff, 0xff, 0xff, 0xff, 
0xff, 0xff, 0xff, 0xff, 0xff, 0xff, 0xff, 0xff, 0xff, 0xff, 0xff, 0xff, 0xff, 0xff, 0xff, 0xff, 
0xff, 0xff, 0xff, 0xff, 0xff, 0xff, 0xff, 0xff, 0xff, 0xff, 0xff, 0xff, 0xff, 0xff, 0xff, 0xff, 
0xff, 0xff, 0xff, 0xff, 0xff, 0xff, 0xff, 0xff, 0xff, 0xff, 0xff, 0xff, 0xff, 0xff, 0xff, 0xff, 
0xff, 0xff, 0xff, 0xff, 0xff, 0xff, 0xff, 0xff, 0xff, 0xff, 0xff, 0xff, 0xff, 0xff, 0xff, 0xff, 
0xff, 0xff, 0xff, 0xff, 0xbc, 0x55, 0xdb, 0x14, 0xbb, 0x14, 0xdc, 0x14, 0xbb, 0x14, 0xdb, 0x14, 
0xbb, 0x14, 0xdc, 0x14, 0xbb, 0x14, 0xdb, 0x14, 0xbb, 0x14, 0xdc, 0x14, 0xbb, 0x14, 0xdb, 0x14, 
0xbb, 0x14, 0xdc, 0x14, 0xbb, 0x14, 0xdb, 0x14, 0xbb, 0x14, 0xdc, 0x14, 0xbb, 0x14, 0xdb, 0x14, 
0xbb, 0x14, 0xdc, 0x14, 0xbb, 0x14, 0xdb, 0x14, 0xbb, 0x14, 0xdc, 0x14, 0xbb, 0x14, 0xdb, 0x14, 
0xbb, 0x14, 0xbc, 0x5d, 0xff, 0xff, 0xff, 0xff, 0xff, 0xff, 0xff, 0xff, 0xff, 0xff, 0xff, 0xff, 
0xff, 0xff, 0xff, 0xff, 0xff, 0xff, 0xff, 0xff, 0xff, 0xff, 0xff, 0xff, 0xff, 0xff, 0xff, 0xff, 
0xff, 0xff, 0xff, 0xff, 0xff, 0xff, 0xff, 0xff, 0xff, 0xff, 0xff, 0xff, 0xff, 0xff, 0xff, 0xff, 
0xff, 0xff, 0xff, 0xff, 0xff, 0xff, 0xff, 0xff, 0xff, 0xff, 0xff, 0xff, 0xff, 0xff, 0xff, 0xff, 
0xff, 0xff, 0xff, 0xff, 0xff, 0xff, 0xff, 0xff, 0xff, 0xff, 0xff, 0xff, 0xff, 0xff, 0xff, 0xff, 
0xff, 0xff, 0xff, 0xff, 0xff, 0xff, 0xff, 0xff, 0xff, 0xff, 0xff, 0xff, 0xff, 0xff, 0xff, 0xff, 
0xff, 0xff, 0xff, 0xff, 0xff, 0xff, 0xff, 0xff, 0xff, 0xff, 0xff, 0xff, 0xff, 0xff, 0xff, 0xff, 
0xff, 0xff, 0xff, 0xff, 0xff, 0xff, 0xff, 0xff, 0xff, 0xff, 0xff, 0xff, 0xff, 0xff, 0xff, 0xff, 
0xff, 0xff, 0xff, 0xff, 0xff, 0xff, 0xff, 0xff, 0xff, 0xff, 0xff, 0xff, 0x9f, 0xe7, 0xbb, 0x14, 
0xdc, 0x1c, 0xbb, 0x14, 0xdc, 0x1c, 0xbb, 0x14, 0xdc, 0x1c, 0xbb, 0x14, 0xdc, 0x1c, 0xbb, 0x14, 
0xdc, 0x1c, 0xbb, 0x14, 0xdc, 0x1c, 0xbb, 0x14, 0xdc, 0x1c, 0xbb, 0x14, 0xdc, 0x1c, 0xbb, 0x14, 
0xdc, 0x1c, 0xbb, 0x14, 0xdc, 0x1c, 0xbb, 0x14, 0xdc, 0x1c, 0xbb, 0x14, 0xdc, 0x1c, 0xbb, 0x14, 
0xdc, 0x1c, 0xbb, 0x14, 0xdc, 0x1c, 0xbb, 0x14, 0x5e, 0x86, 0xff, 0xff, 0xff, 0xff, 0xff, 0xff, 
0xff, 0xff, 0xff, 0xff, 0xff, 0xff, 0xff, 0xff, 0xff, 0xff, 0xff, 0xff, 0xff, 0xff, 0xff, 0xff, 
0xff, 0xff, 0xff, 0xff, 0xff, 0xff, 0xff, 0xff, 0xff, 0xff, 0xff, 0xff, 0xff, 0xff, 0xff, 0xff, 
0xff, 0xff, 0xff, 0xff, 0xff, 0xff, 0xff, 0xff, 0xff, 0xff, 0xff, 0xff, 0xff, 0xff, 0xff, 0xff, 
0xff, 0xff, 0xff, 0xff, 0xff, 0xff, 0xff, 0xff, 0xff, 0xff, 0xff, 0xff, 0xff, 0xff, 0xff, 0xff, 
0xff, 0xff, 0xff, 0xff, 0xff, 0xff, 0xff, 0xff, 0xff, 0xff, 0xff, 0xff, 0xff, 0xff, 0xff, 0xff, 
0xff, 0xff, 0xff, 0xff, 0xff, 0xff, 0xff, 0xff, 0xff, 0xff, 0xff, 0xff, 0xff, 0xff, 0xff, 0xff, 
0xff, 0xff, 0xff, 0xff, 0xff, 0xff, 0xff, 0xff, 0xff, 0xff, 0xff, 0xff, 0xff, 0xff, 0xff, 0xff, 
0xff, 0xff, 0xff, 0xff, 0xff, 0xff, 0xff, 0xff, 0xff, 0xff, 0xff, 0xff, 0xff, 0xff, 0xff, 0xff, 
0xff, 0xff, 0xff, 0xff, 0xff, 0xff, 0xdc, 0x14, 0xbb, 0x14, 0xdb, 0x14, 0xbb, 0x14, 0xdc, 0x14, 
0xbb, 0x14, 0xdb, 0x14, 0xbb, 0x14, 0xdc, 0x14, 0xbb, 0x14, 0xdb, 0x14, 0xbb, 0x14, 0xdc, 0x14, 
0xbb, 0x14, 0xdb, 0x14, 0xbb, 0x14, 0xdc, 0x14, 0xbb, 0x14, 0xdb, 0x14, 0xbb, 0x14, 0xdc, 0x14, 
0xbb, 0x14, 0xdb, 0x14, 0xbb, 0x14, 0xdc, 0x14, 0xbb, 0x14, 0xdb, 0x14, 0xbb, 0x14, 0x9f, 0xe7, 
0xff, 0xff, 0xff, 0xff, 0xff, 0xff, 0xff, 0xff, 0xff, 0xff, 0xff, 0xff, 0xff, 0xff, 0xff, 0xff, 
0xff, 0xff, 0xff, 0xff, 0xff, 0xff, 0xff, 0xff, 0xff, 0xff, 0xff, 0xff, 0xff, 0xff, 0xff, 0xff, 
0xff, 0xff, 0xff, 0xff, 0xff, 0xff, 0xff, 0xff, 0xff, 0xff, 0xff, 0xff, 0xff, 0xff, 0xff, 0xff, 
0xff, 0xff, 0xff, 0xff, 0xff, 0xff, 0xff, 0xff, 0xff, 0xff, 0xff, 0xff, 0xff, 0xff, 0xff, 0xff, 
0xff, 0xff, 0xff, 0xff, 0xff, 0xff, 0xff, 0xff, 0xff, 0xff, 0xff, 0xff, 0xff, 0xff, 0xff, 0xff, 
0xff, 0xff, 0xff, 0xff, 0xff, 0xff, 0xff, 0xff, 0xff, 0xff, 0xff, 0xff, 0xff, 0xff, 0xff, 0xff, 
0xff, 0xff, 0xff, 0xff, 0xff, 0xff, 0xff, 0xff, 0xff, 0xff, 0xff, 0xff, 0xff, 0xff, 0xff, 0xff, 
0xff, 0xff, 0xff, 0xff, 0xff, 0xff, 0xff, 0xff, 0xff, 0xff, 0xff, 0xff, 0xff, 0xff, 0xff, 0xff, 
0xff, 0xff, 0xff, 0xff, 0xff, 0xff, 0xff, 0xff, 0xff, 0xff, 0xff, 0xff, 0xff, 0xff, 0x3c, 0x3d, 
0xdc, 0x1c, 0xbb, 0x14, 0xdc, 0x1c, 0xbb, 0x14, 0xdc, 0x1c, 0xbb, 0x14, 0xdc, 0x1c, 0xbb, 0x14, 
0xdc, 0x1c, 0xbb, 0x14, 0xdc, 0x1c, 0xbb, 0x14, 0xdc, 0x1c, 0xbb, 0x14, 0xdc, 0x1c, 0xbb, 0x14, 
0xdc, 0x1c, 0xbb, 0x14, 0xdc, 0x1c, 0xbb, 0x14, 0xdc, 0x1c, 0xbb, 0x14, 0xdc, 0x1c, 0xbb, 0x14, 
0xdc, 0x1c, 0x3d, 0x7e, 0xff, 0xff, 0xff, 0xff, 0xff, 0xff, 0xff, 0xff, 0xff, 0xff, 0xff, 0xff, 
0xff, 0xff, 0xff, 0xff, 0xff, 0xff, 0xff, 0xff, 0xff, 0xff, 0xff, 0xff, 0xff, 0xff, 0xff, 0xff, 
0xff, 0xff, 0xff, 0xff, 0xff, 0xff, 0xff, 0xff, 0xff, 0xff, 0xff, 0xff, 0xff, 0xff, 0xff, 0xff, 
0xff, 0xff, 0xff, 0xff, 0xff, 0xff, 0xff, 0xff, 0xff, 0xff, 0xff, 0xff, 0xff, 0xff, 0xff, 0xff, 
0xff, 0xff, 0xff, 0xff, 0xff, 0xff, 0xff, 0xff, 0xff, 0xff, 0xff, 0xff, 0xff, 0xff, 0xff, 0xff, 
0xff, 0xff, 0xff, 0xff, 0xff, 0xff, 0xff, 0xff, 0xff, 0xff, 0xff, 0xff, 0xff, 0xff, 0xff, 0xff, 
0xff, 0xff, 0xff, 0xff, 0xff, 0xff, 0xff, 0xff, 0xff, 0xff, 0xff, 0xff, 0xff, 0xff, 0xff, 0xff, 
0xff, 0xff, 0xff, 0xff, 0xff, 0xff, 0xff, 0xff, 0xff, 0xff, 0xff, 0xff, 0xff, 0xff, 0xff, 0xff, 
0xff, 0xff, 0xff, 0xff, 0xff, 0xff, 0xff, 0xff, 0xff, 0xff, 0xff, 0xff, 0xff, 0xff, 0xff, 0xff, 
0xff, 0xff, 0xff, 0xff, 0xde, 0xf7, 0xfe, 0xb6, 0xbb, 0x14, 0xdc, 0x14, 0xbb, 0x14, 0xdb, 0x14, 
0xbb, 0x14, 0xdc, 0x14, 0xbb, 0x14, 0xdb, 0x14, 0xbb, 0x14, 0xdc, 0x14, 0xbb, 0x14, 0xdb, 0x14, 
0xbb, 0x14, 0xdc, 0x14, 0xbb, 0x14, 0xdb, 0x14, 0xbb, 0x14, 0xdc, 0x14, 0xbb, 0x14, 0xdb, 0x14, 
0xbb, 0x14, 0xdc, 0x14, 0xbb, 0x14, 0xdb, 0x14, 0xff, 0xff, 0xff, 0xff, 0xff, 0xff, 0xff, 0xff, 
0xff, 0xff, 0xff, 0xff, 0xff, 0xff, 0xff, 0xff, 0xff, 0xff, 0xff, 0xff, 0xff, 0xff, 0xff, 0xff, 
0xff, 0xff, 0xff, 0xff, 0xff, 0xff, 0xff, 0xff, 0xff, 0xff, 0xff, 0xff, 0xff, 0xff, 0xff, 0xff, 
0xff, 0xff, 0xff, 0xff, 0xff, 0xff, 0xff, 0xff, 0xff, 0xff, 0xff, 0xff, 0xff, 0xff, 0xff, 0xff, 
0xff, 0xff, 0xff, 0xff, 0xff, 0xff, 0xff, 0xff, 0xff, 0xff, 0xff, 0xff, 0xff, 0xff, 0xff, 0xff, 
0xff, 0xff, 0xff, 0xff, 0xff, 0xff, 0xff, 0xff, 0xff, 0xff, 0xff, 0xff, 0xff, 0xff, 0xff, 0xff, 
0xff, 0xff, 0xff, 0xff, 0xff, 0xff, 0xff, 0xff, 0xff, 0xff, 0xff, 0xff, 0xff, 0xff, 0xff, 0xff, 
0xff, 0xff, 0xff, 0xff, 0xff, 0xff, 0xff, 0xff, 0xff, 0xff, 0xff, 0xff, 0xff, 0xff, 0xff, 0xff, 
0xff, 0xff, 0xff, 0xff, 0xff, 0xff, 0xff, 0xff, 0xff, 0xff, 0xff, 0xff, 0xff, 0xff, 0xff, 0xff, 
0xff, 0xff, 0xff, 0xff, 0xff, 0xff, 0xff, 0xff, 0xff, 0xff, 0xff, 0xff, 0xff, 0xff, 0xff, 0xff, 
0xdc, 0x1c, 0xbb, 0x14, 0xdc, 0x1c, 0xbb, 0x14, 0xdc, 0x1c, 0xbb, 0x14, 0xdc, 0x1c, 0xbb, 0x14, 
0xdc, 0x1c, 0xbb, 0x14, 0xdc, 0x1c, 0xbb, 0x14, 0xdc, 0x1c, 0xbb, 0x14, 0xdc, 0x1c, 0xbb, 0x14, 
0xdc, 0x1c, 0xbb, 0x14, 0xdc, 0x1c, 0xbb, 0x14, 0xdc, 0x1c, 0xbb, 0x14, 0xdc, 0x1c, 0xbb, 0x14, 
0x9d, 0x55, 0xff, 0xff, 0xff, 0xff, 0xff, 0xff, 0xff, 0xff, 0xff, 0xff, 0xff, 0xff, 0xff, 0xff, 
0xff, 0xff, 0xff, 0xff, 0xff, 0xff, 0xff, 0xff, 0xff, 0xff, 0xff, 0xff, 0xff, 0xff, 0xff, 0xff, 
0xff, 0xff, 0xff, 0xff, 0xff, 0xff, 0xff, 0xff, 0xff, 0xff, 0xff, 0xff, 0xff, 0xff, 0xff, 0xff, 
0xff, 0xff, 0xff, 0xff, 0xff, 0xff, 0xff, 0xff, 0xff, 0xff, 0xff, 0xff, 0xff, 0xff, 0xff, 0xff, 
0xff, 0xff, 0xff, 0xff, 0xff, 0xff, 0xff, 0xff, 0xff, 0xff, 0xff, 0xff, 0xff, 0xff, 0xff, 0xff, 
0xff, 0xff, 0xff, 0xff, 0xff, 0xff, 0xff, 0xff, 0xff, 0xff, 0xff, 0xff, 0xff, 0xff, 0xff, 0xff, 
0xff, 0xff, 0xff, 0xff, 0xff, 0xff, 0xff, 0xff, 0xff, 0xff, 0xff, 0xff, 0xff, 0xff, 0xff, 0xff, 
0xff, 0xff, 0xff, 0xff, 0xff, 0xff, 0xff, 0xff, 0xff, 0xff, 0xff, 0xff, 0xff, 0xff, 0xff, 0xff, 
0xff, 0xff, 0xff, 0xff, 0xff, 0xff, 0xff, 0xff, 0xff, 0xff, 0xff, 0xff, 0xff, 0xff, 0xff, 0xff, 
0xff, 0xff, 0xff, 0xff, 0xff, 0xff, 0xff, 0xff, 0x7c, 0x4d, 0xdb, 0x14, 0xbb, 0x14, 0xdc, 0x14, 
0xbb, 0x14, 0xdb, 0x14, 0xbb, 0x14, 0xdc, 0x14, 0xbb, 0x14, 0xdb, 0x14, 0xbb, 0x14, 0xdc, 0x14, 
0xbb, 0x14, 0xdb, 0x14, 0xbb, 0x14, 0xdc, 0x14, 0xbb, 0x14, 0xdb, 0x14, 0xbb, 0x14, 0xdc, 0x14, 
0xbb, 0x14, 0xdb, 0x14, 0xbb, 0x14, 0xdc, 0x14, 0xbb, 0x14, 0x3e, 0xcf, 0xff, 0xff, 0xff, 0xff, 
0xff, 0xff, 0xff, 0xff, 0xff, 0xff, 0xff, 0xff, 0xff, 0xff, 0xff, 0xff, 0xff, 0xff, 0xff, 0xff, 
0xff, 0xff, 0xff, 0xff, 0xff, 0xff, 0xff, 0xff, 0xff, 0xff, 0xff, 0xff, 0xff, 0xff, 0xff, 0xff, 
0xff, 0xff, 0xff, 0xff, 0xff, 0xff, 0xff, 0xff, 0xff, 0xff, 0xff, 0xff, 0xff, 0xff, 0xff, 0xff, 
0xff, 0xff, 0xff, 0xff, 0xff, 0xff, 0xff, 0xff, 0xff, 0xff, 0xff, 0xff, 0xff, 0xff, 0xff, 0xff, 
0xff, 0xff, 0xff, 0xff, 0xff, 0xff, 0xff, 0xff, 0xff, 0xff, 0xff, 0xff, 0xff, 0xff, 0xff, 0xff, 
0xff, 0xff, 0xff, 0xff, 0xff, 0xff, 0xff, 0xff, 0xff, 0xff, 0xff, 0xff, 0xff, 0xff, 0xff, 0xff, 
0xff, 0xff, 0xff, 0xff, 0xff, 0xff, 0xff, 0xff, 0xff, 0xff, 0xff, 0xff, 0xff, 0xff, 0xff, 0xff, 
0xff, 0xff, 0xff, 0xff, 0xff, 0xff, 0xff, 0xff, 0xff, 0xff, 0xff, 0xff, 0xff, 0xff, 0xff, 0xff, 
0xff, 0xff, 0xff, 0xff, 0xff, 0xff, 0xff, 0xff, 0xff, 0xff, 0xff, 0xff, 0xff, 0xff, 0xff, 0xff, 
0xdf, 0xf7, 0xbb, 0x14, 0xdc, 0x1c, 0xbb, 0x14, 0xdc, 0x1c, 0xbb, 0x14, 0xdc, 0x1c, 0xbb, 0x14, 
0xdc, 0x1c, 0xbb, 0x14, 0xdc, 0x1c, 0xbb, 0x14, 0xdc, 0x1c, 0xbb, 0x14, 0xdc, 0x1c, 0xbb, 0x14, 
0xdc, 0x1c, 0xbb, 0x14, 0xdc, 0x1c, 0xbb, 0x14, 0xdc, 0x1c, 0xbb, 0x14, 0xdc, 0x1c, 0xbb, 0x14, 
0xdc, 0x1c, 0xbb, 0x14, 0xff, 0xff, 0xff, 0xff, 0xff, 0xff, 0xff, 0xff, 0xff, 0xff, 0xff, 0xff, 
0xff, 0xff, 0xff, 0xff, 0xff, 0xff, 0xff, 0xff, 0xff, 0xff, 0xff, 0xff, 0xff, 0xff, 0xff, 0xff, 
0xff, 0xff, 0xff, 0xff, 0xff, 0xff, 0xff, 0xff, 0xff, 0xff, 0xff, 0xff, 0xff, 0xff, 0xff, 0xff, 
0xff, 0xff, 0xff, 0xff, 0xff, 0xff, 0xff, 0xff, 0xff, 0xff, 0xff, 0xff, 0xff, 0xff, 0xff, 0xff, 
0xff, 0xff, 0xff, 0xff, 0xff, 0xff, 0xff, 0xff, 0xff, 0xff, 0xff, 0xff, 0xff, 0xff, 0xff, 0xff, 
0xff, 0xff, 0xff, 0xff, 0xff, 0xff, 0xff, 0xff, 0xff, 0xff, 0xff, 0xff, 0xff, 0xff, 0xff, 0xff, 
0xff, 0xff, 0xff, 0xff, 0xff, 0xff, 0xff, 0xff, 0xff, 0xff, 0xff, 0xff, 0xff, 0xff, 0xff, 0xff, 
0xff, 0xff, 0xff, 0xff, 0xff, 0xff, 0xff, 0xff, 0xff, 0xff, 0xff, 0xff, 0xff, 0xff, 0xff, 0xff, 
0xff, 0xff, 0xff, 0xff, 0xff, 0xff, 0xff, 0xff, 0xff, 0xff, 0xff, 0xff, 0xff, 0xff, 0xff, 0xff, 
0xff, 0xff, 0xff, 0xff, 0xff, 0xff, 0xff, 0xff, 0xff, 0xff, 0xdc, 0x14, 0xbb, 0x14, 0xdb, 0x14, 
0xbb, 0x14, 0xdc, 0x14, 0xbb, 0x14, 0xdb, 0x14, 0xbb, 0x14, 0xdc, 0x14, 0xbb, 0x14, 0xdb, 0x14, 
0xbb, 0x14, 0xdc, 0x14, 0xbb, 0x14, 0xdb, 0x14, 0xbb, 0x14, 0xdc, 0x14, 0xbb, 0x14, 0xdb, 0x14, 
0xbb, 0x14, 0xdc, 0x14, 0xbb, 0x14, 0xdb, 0x14, 0xbb, 0x14, 0xdc, 0x14, 0x5b, 0x3d, 0xff, 0xff, 
0xff, 0xff, 0xff, 0xff, 0xff, 0xff, 0xff, 0xff, 0xff, 0xff, 0xff, 0xff, 0xff, 0xff, 0xff, 0xff, 
0xff, 0xff, 0xff, 0xff, 0xff, 0xff, 0xff, 0xff, 0xff, 0xff, 0xff, 0xff, 0xff, 0xff, 0xff, 0xff, 
0xff, 0xff, 0xff, 0xff, 0xff, 0xff, 0xff, 0xff, 0xff, 0xff, 0xff, 0xff, 0xff, 0xff, 0xff, 0xff, 
0xff, 0xff, 0xff, 0xff, 0xff, 0xff, 0xff, 0xff, 0xff, 0xff, 0xff, 0xff, 0xff, 0xff, 0xff, 0xff, 
0xff, 0xff, 0xff, 0xff, 0xff, 0xff, 0xff, 0xff, 0xff, 0xff, 0xff, 0xff, 0xff, 0xff, 0xff, 0xff, 
0xff, 0xff, 0xff, 0xff, 0xff, 0xff, 0xff, 0xff, 0xff, 0xff, 0xff, 0xff, 0xff, 0xff, 0xff, 0xff, 
0xff, 0xff, 0xff, 0xff, 0xff, 0xff, 0xff, 0xff, 0xff, 0xff, 0xff, 0xff, 0xff, 0xff, 0xff, 0xff, 
0xff, 0xff, 0xff, 0xff, 0xff, 0xff, 0xff, 0xff, 0xff, 0xff, 0xff, 0xff, 0xff, 0xff, 0xff, 0xff, 
0xff, 0xff, 0xff, 0xff, 0xff, 0xff, 0xff, 0xff, 0xff, 0xff, 0xff, 0xff, 0xff, 0xff, 0xff, 0xff, 
0xff, 0xff, 0xfe, 0xb6, 0xdc, 0x1c, 0xbb, 0x14, 0xdc, 0x1c, 0xbb, 0x14, 0xdc, 0x1c, 0xbb, 0x14, 
0xdc, 0x1c, 0xbb, 0x14, 0xdc, 0x1c, 0xbb, 0x14, 0xdc, 0x1c, 0xbb, 0x14, 0xdc, 0x1c, 0xbb, 0x14, 
0xdc, 0x1c, 0xbb, 0x14, 0xdc, 0x1c, 0xbb, 0x14, 0xdc, 0x1c, 0xbb, 0x14, 0xdc, 0x1c, 0xbb, 0x14, 
0xdc, 0x1c, 0xbb, 0x14, 0xdc, 0x1c, 0xdd, 0xa6, 0xff, 0xff, 0xff, 0xff, 0xff, 0xff, 0xff, 0xff, 
0xff, 0xff, 0xff, 0xff, 0xff, 0xff, 0xff, 0xff, 0xff, 0xff, 0xff, 0xff, 0xff, 0xff, 0xff, 0xff, 
0xff, 0xff, 0xff, 0xff, 0xff, 0xff, 0xff, 0xff, 0xff, 0xff, 0xff, 0xff, 0xff, 0xff, 0xff, 0xff, 
0xff, 0xff, 0xff, 0xff, 0xff, 0xff, 0xff, 0xff, 0xff, 0xff, 0xff, 0xff, 0xff, 0xff, 0xff, 0xff, 
0xff, 0xff, 0xff, 0xff, 0xff, 0xff, 0xdf, 0xf7, 0x5f, 0xcf, 0xbf, 0xef, 0xff, 0xff, 0xff, 0xff, 
0xff, 0xff, 0xff, 0xff, 0xff, 0xff, 0xff, 0xff, 0xff, 0xff, 0xff, 0xff, 0xff, 0xff, 0xff, 0xff, 
0xff, 0xff, 0xff, 0xff, 0xff, 0xff, 0xff, 0xff, 0xff, 0xff, 0xff, 0xff, 0xff, 0xff, 0xff, 0xff, 
0xff, 0xff, 0xff, 0xff, 0xff, 0xff, 0xff, 0xff, 0xff, 0xff, 0xff, 0xff, 0xff, 0xff, 0xff, 0xff, 
0xff, 0xff, 0xff, 0xff, 0xff, 0xff, 0xff, 0xff, 0xff, 0xff, 0xff, 0xff, 0xff, 0xff, 0xff, 0xff, 
0xff, 0xff, 0xff, 0xff, 0xff, 0xff, 0xff, 0xff, 0xff, 0xff, 0xff, 0xff, 0xbb, 0x14, 0xdc, 0x14, 
0xbb, 0x14, 0xdb, 0x14, 0xbb, 0x14, 0xdc, 0x14, 0xbb, 0x14, 0xdb, 0x14, 0xbb, 0x14, 0xdc, 0x14, 
0xbb, 0x14, 0xdb, 0x14, 0xbb, 0x14, 0xdc, 0x14, 0xbb, 0x14, 0xdb, 0x14, 0xbb, 0x14, 0xdc, 0x14, 
0xbb, 0x14, 0xdb, 0x14, 0xbb, 0x14, 0xdc, 0x14, 0xbb, 0x14, 0xdb, 0x14, 0xbb, 0x14, 0xdc, 0x14, 
0xfe, 0xb6, 0xff, 0xff, 0xff, 0xff, 0xff, 0xff, 0xff, 0xff, 0xff, 0xff, 0xff, 0xff, 0xff, 0xff, 
0xff, 0xff, 0xff, 0xff, 0xff, 0xff, 0xff, 0xff, 0xff, 0xff, 0xff, 0xff, 0xff, 0xff, 0xff, 0xff, 
0xff, 0xff, 0xff, 0xff, 0xff, 0xff, 0xff, 0xff, 0xff, 0xff, 0xff, 0xff, 0xff, 0xff, 0xff, 0xff, 
0xff, 0xff, 0xff, 0xff, 0xdf, 0xff, 0x5d, 0x86, 0xbb, 0x14, 0xdb, 0x14, 0xbb, 0x14, 0xdc, 0x14, 
0xbb, 0x14, 0xdb, 0x14, 0xbb, 0x14, 0xdc, 0x14, 0xbb, 0x14, 0x9c, 0x55, 0x5e, 0xcf, 0xff, 0xff, 
0xff, 0xff, 0xff, 0xff, 0xff, 0xff, 0xff, 0xff, 0xff, 0xff, 0xff, 0xff, 0xff, 0xff, 0xff, 0xff, 
0xff, 0xff, 0xff, 0xff, 0xff, 0xff, 0xff, 0xff, 0xff, 0xff, 0xff, 0xff, 0xff, 0xff, 0xff, 0xff, 
0xff, 0xff, 0xff, 0xff, 0xff, 0xff, 0xff, 0xff, 0xff, 0xff, 0xff, 0xff, 0xff, 0xff, 0xff, 0xff, 
0xff, 0xff, 0xff, 0xff, 0xff, 0xff, 0xff, 0xff, 0xff, 0xff, 0xff, 0xff, 0xff, 0xff, 0xff, 0xff, 
0xff, 0xff, 0xff, 0xff, 0x5d, 0x8e, 0xbb, 0x14, 0xdc, 0x1c, 0xbb, 0x14, 0xdc, 0x1c, 0xbb, 0x14, 
0xdc, 0x1c, 0xbb, 0x14, 0xdc, 0x1c, 0xbb, 0x14, 0xdc, 0x1c, 0xbb, 0x14, 0xdc, 0x1c, 0xbb, 0x14, 
0xdc, 0x1c, 0xbb, 0x14, 0xdc, 0x1c, 0xbb, 0x14, 0xdc, 0x1c, 0xbb, 0x14, 0xdc, 0x1c, 0xbb, 0x14, 
0xdc, 0x1c, 0xbb, 0x14, 0xdc, 0x1c, 0xbb, 0x14, 0xdc, 0x1c, 0x5e, 0xcf, 0xff, 0xff, 0xff, 0xff, 
0xff, 0xff, 0xff, 0xff, 0xff, 0xff, 0xff, 0xff, 0xff, 0xff, 0xff, 0xff, 0xff, 0xff, 0xff, 0xff, 
0xff, 0xff, 0xff, 0xff, 0xff, 0xff, 0xff, 0xff, 0xff, 0xff, 0xff, 0xff, 0xff, 0xff, 0xff, 0xff, 
0xff, 0xff, 0xff, 0xff, 0xff, 0xff, 0xff, 0xff, 0xde, 0xae, 0xbb, 0x14, 0xdc, 0x1c, 0xbb, 0x14, 
0xdc, 0x1c, 0xbb, 0x14, 0xdc, 0x1c, 0xbb, 0x14, 0xdc, 0x1c, 0xbb, 0x14, 0xdc, 0x1c, 0xbb, 0x14, 
0xdc, 0x1c, 0xbb, 0x14, 0xdc, 0x1c, 0xbb, 0x14, 0x9d, 0x55, 0xff, 0xff, 0xff, 0xff, 0xff, 0xff, 
0xff, 0xff, 0xff, 0xff, 0xff, 0xff, 0xff, 0xff, 0xff, 0xff, 0xff, 0xff, 0xff, 0xff, 0xff, 0xff, 
0xff, 0xff, 0xff, 0xff, 0xff, 0xff, 0xff, 0xff, 0xff, 0xff, 0xff, 0xff, 0xff, 0xff, 0xff, 0xff, 
0xff, 0xff, 0xff, 0xff, 0xff, 0xff, 0xff, 0xff, 0xff, 0xff, 0xff, 0xff, 0xff, 0xff, 0xff, 0xff, 
0xff, 0xff, 0xff, 0xff, 0xff, 0xff, 0xff, 0xff, 0xff, 0xff, 0xff, 0xff, 0xff, 0xff, 0xdb, 0x14, 
0xbb, 0x14, 0xdc, 0x14, 0xbb, 0x14, 0xdb, 0x14, 0xbb, 0x14, 0xdc, 0x14, 0xbb, 0x14, 0xdb, 0x14, 
0xbb, 0x14, 0xdc, 0x14, 0xbb, 0x14, 0xdb, 0x14, 0xbb, 0x14, 0xdc, 0x14, 0xbb, 0x14, 0xdb, 0x14, 
0xbb, 0x14, 0xdc, 0x14, 0xbb, 0x14, 0xdb, 0x14, 0xbb, 0x14, 0xdc, 0x14, 0xbb, 0x14, 0xdb, 0x14, 
0xbb, 0x14, 0xdc, 0x14, 0xde, 0xf7, 0xff, 0xff, 0xff, 0xff, 0xff, 0xff, 0xff, 0xff, 0xff, 0xff, 
0xff, 0xff, 0xff, 0xff, 0xff, 0xff, 0xff, 0xff, 0xff, 0xff, 0xff, 0xff, 0xff, 0xff, 0xff, 0xff, 
0xff, 0xff, 0xff, 0xff, 0xff, 0xff, 0xff, 0xff, 0xff, 0xff, 0xff, 0xff, 0xde, 0xf7, 0xdb, 0x1c, 
0xbb, 0x14, 0xdc, 0x14, 0xbb, 0x14, 0xdb, 0x14, 0xbb, 0x14, 0xdc, 0x14, 0xbb, 0x14, 0xdb, 0x14, 
0xbb, 0x14, 0xdc, 0x14, 0xbb, 0x14, 0xdb, 0x14, 0xbb, 0x14, 0xdc, 0x14, 0xbb, 0x14, 0xdb, 0x14, 
0xbb, 0x14, 0xdc, 0x14, 0x5d, 0x86, 0xff, 0xff, 0xff, 0xff, 0xff, 0xff, 0xff, 0xff, 0xff, 0xff, 
0xff, 0xff, 0xff, 0xff, 0xff, 0xff, 0xff, 0xff, 0xff, 0xff, 0xff, 0xff, 0xff, 0xff, 0xff, 0xff, 
0xff, 0xff, 0xff, 0xff, 0xff, 0xff, 0xff, 0xff, 0xff, 0xff, 0xff, 0xff, 0xff, 0xff, 0xff, 0xff, 
0xff, 0xff, 0xff, 0xff, 0xff, 0xff, 0xff, 0xff, 0xff, 0xff, 0xff, 0xff, 0xff, 0xff, 0xff, 0xff, 
0xff, 0xff, 0xff, 0xff, 0xff, 0xff, 0x5d, 0x86, 0xdc, 0x1c, 0xbb, 0x14, 0xdc, 0x1c, 0xbb, 0x14, 
0xdc, 0x1c, 0xbb, 0x14, 0xdc, 0x1c, 0xbb, 0x14, 0xdc, 0x1c, 0xbb, 0x14, 0xdc, 0x1c, 0xbb, 0x14, 
0xdc, 0x1c, 0xbb, 0x14, 0xdc, 0x1c, 0xbb, 0x14, 0xdc, 0x1c, 0xbb, 0x14, 0xdc, 0x1c, 0xbb, 0x14, 
0xdc, 0x1c, 0xbb, 0x14, 0xdc, 0x1c, 0xbb, 0x14, 0xdc, 0x1c, 0xbb, 0x14, 0xdc, 0x1c, 0xff, 0xff, 
0xff, 0xff, 0xff, 0xff, 0xff, 0xff, 0xff, 0xff, 0xff, 0xff, 0xff, 0xff, 0xff, 0xff, 0xff, 0xff, 
0xff, 0xff, 0xff, 0xff, 0xff, 0xff, 0xff, 0xff, 0xff, 0xff, 0xff, 0xff, 0xff, 0xff, 0xff, 0xff, 
0xff, 0xff, 0xbe, 0xa6, 0xdc, 0x1c, 0xbb, 0x14, 0xdc, 0x1c, 0xbb, 0x14, 0xdc, 0x1c, 0xbb, 0x14, 
0xdc, 0x1c, 0xbb, 0x14, 0xdc, 0x1c, 0xbb, 0x14, 0xdc, 0x1c, 0xbb, 0x14, 0xdc, 0x1c, 0xbb, 0x14, 
0xdc, 0x1c, 0xbb, 0x14, 0xdc, 0x1c, 0xbb, 0x14, 0xdc, 0x1c, 0xbb, 0x14, 0xdc, 0x1c, 0xbb, 0x14, 
0xff, 0xff, 0xff, 0xff, 0xff, 0xff, 0xff, 0xff, 0xff, 0xff, 0xff, 0xff, 0xff, 0xff, 0xff, 0xff, 
0xff, 0xff, 0xff, 0xff, 0xff, 0xff, 0xff, 0xff, 0xff, 0xff, 0xff, 0xff, 0xff, 0xff, 0xff, 0xff, 
0xff, 0xff, 0xff, 0xff, 0xff, 0xff, 0xff, 0xff, 0xff, 0xff, 0xff, 0xff, 0xff, 0xff, 0xff, 0xff, 
0xff, 0xff, 0xff, 0xff, 0xff, 0xff, 0xff, 0xff, 0xff, 0xff, 0xff, 0xff, 0xff, 0xff, 0xff, 0xff, 
0xbb, 0x14, 0xdb, 0x14, 0xbb, 0x14, 0xdc, 0x14, 0xbb, 0x14, 0xdb, 0x14, 0xbb, 0x14, 0xdc, 0x14, 
0xbb, 0x14, 0xdb, 0x14, 0xbb, 0x14, 0xdc, 0x14, 0xbb, 0x14, 0xdb, 0x14, 0xbb, 0x14, 0xdc, 0x14, 
0xbb, 0x14, 0xdb, 0x14, 0xbb, 0x14, 0xdc, 0x14, 0xbb, 0x14, 0xdb, 0x14, 0xbb, 0x14, 0xdc, 0x14, 
0xbb, 0x14, 0xdb, 0x14, 0xbb, 0x14, 0xdc, 0x14, 0xff, 0xff, 0xff, 0xff, 0xff, 0xff, 0xff, 0xff, 
0xff, 0xff, 0xff, 0xff, 0xff, 0xff, 0xff, 0xff, 0xff, 0xff, 0xff, 0xff, 0xff, 0xff, 0xff, 0xff, 
0xff, 0xff, 0xff, 0xff, 0xff, 0xff, 0xff, 0xff, 0x3d, 0x7e, 0xdb, 0x14, 0xbb, 0x14, 0xdc, 0x14, 
0xbb, 0x14, 0xdb, 0x14, 0xbb, 0x14, 0xdc, 0x14, 0xbb, 0x14, 0xdb, 0x14, 0xbb, 0x14, 0xdc, 0x14, 
0xbb, 0x14, 0xdb, 0x14, 0xbb, 0x14, 0xdc, 0x14, 0xbb, 0x14, 0xdb, 0x14, 0xbb, 0x14, 0xdc, 0x14, 
0xbb, 0x14, 0xdb, 0x14, 0xbb, 0x14, 0xdc, 0x14, 0xbb, 0x14, 0x3e, 0xcf, 0xff, 0xff, 0xff, 0xff, 
0xff, 0xff, 0xff, 0xff, 0xff, 0xff, 0xff, 0xff, 0xff, 0xff, 0xff, 0xff, 0xff, 0xff, 0xff, 0xff, 
0xff, 0xff, 0xff, 0xff, 0xff, 0xff, 0xff, 0xff, 0xff, 0xff, 0xff, 0xff, 0xff, 0xff, 0xff, 0xff, 
0xff, 0xff, 0xff, 0xff, 0xff, 0xff, 0xff, 0xff, 0xff, 0xff, 0xff, 0xff, 0xff, 0xff, 0xff, 0xff, 
0xff, 0xff, 0xff, 0xff, 0xff, 0xff, 0xff, 0xff, 0x5d, 0x8e, 0xbb, 0x14, 0xdc, 0x1c, 0xbb, 0x14, 
0xdc, 0x1c, 0xbb, 0x14, 0xdc, 0x1c, 0xbb, 0x14, 0xdc, 0x1c, 0xbb, 0x14, 0xdc, 0x1c, 0xbb, 0x14, 
0xdc, 0x1c, 0xbb, 0x14, 0xdc, 0x1c, 0xbb, 0x14, 0xdc, 0x1c, 0xbb, 0x14, 0xdc, 0x1c, 0xbb, 0x14, 
0xdc, 0x1c, 0xbb, 0x14, 0xdc, 0x1c, 0xbb, 0x14, 0xdc, 0x1c, 0xbb, 0x14, 0xdc, 0x1c, 0xbb, 0x14, 
0xdc, 0x1c, 0x3e, 0xcf, 0xff, 0xff, 0xff, 0xff, 0xff, 0xff, 0xff, 0xff, 0xff, 0xff, 0xff, 0xff, 
0xff, 0xff, 0xff, 0xff, 0xff, 0xff, 0xff, 0xff, 0xff, 0xff, 0xff, 0xff, 0xff, 0xff, 0xdd, 0x6d, 
0xdc, 0x1c, 0xbb, 0x14, 0xdc, 0x1c, 0xbb, 0x14, 0xdc, 0x1c, 0xbb, 0x14, 0xdc, 0x1c, 0xbb, 0x14, 
0xdc, 0x1c, 0xbb, 0x14, 0xdc, 0x1c, 0xbb, 0x14, 0xdc, 0x1c, 0xbb, 0x14, 0xdc, 0x1c, 0xbb, 0x14, 
0xdc, 0x1c, 0xbb, 0x14, 0xdc, 0x1c, 0xbb, 0x14, 0xdc, 0x1c, 0xbb, 0x14, 0xdc, 0x1c, 0xbb, 0x14, 
0xdc, 0x1c, 0xbb, 0x14, 0xde, 0xae, 0xff, 0xff, 0xff, 0xff, 0xff, 0xff, 0xff, 0xff, 0xff, 0xff, 
0xff, 0xff, 0xff, 0xff, 0xff, 0xff, 0xff, 0xff, 0xff, 0xff, 0xff, 0xff, 0xff, 0xff, 0xff, 0xff, 
0xff, 0xff, 0xff, 0xff, 0xff, 0xff, 0xff, 0xff, 0xff, 0xff, 0xff, 0xff, 0xff, 0xff, 0xff, 0xff, 
0xff, 0xff, 0xff, 0xff, 0xff, 0xff, 0xff, 0xff, 0xff, 0xff, 0xff, 0xff, 0xff, 0xff, 0xff, 0xff, 
0xff, 0xff, 0xdc, 0x14, 0xbb, 0x14, 0xdb, 0x14, 0xbb, 0x14, 0xdc, 0x14, 0xbb, 0x14, 0xdb, 0x14, 
0xbb, 0x14, 0xdc, 0x14, 0xbb, 0x14, 0xdb, 0x14, 0xbb, 0x14, 0xdc, 0x14, 0xbb, 0x14, 0xdb, 0x14, 
0xbb, 0x14, 0xdc, 0x14, 0xbb, 0x14, 0xdb, 0x14, 0xbb, 0x14, 0xdc, 0x14, 0xbb, 0x14, 0xdb, 0x14, 
0xbb, 0x14, 0xdc, 0x14, 0xbb, 0x14, 0xdb, 0x14, 0xbb, 0x14, 0xdc, 0x14, 0x7d, 0x8e, 0xff, 0xff, 
0xff, 0xff, 0xff, 0xff, 0xff, 0xff, 0xff, 0xff, 0xff, 0xff, 0xff, 0xff, 0xff, 0xff, 0xff, 0xff, 
0xff, 0xff, 0xff, 0xff, 0xdd, 0xa6, 0xdb, 0x14, 0xbb, 0x14, 0xdc, 0x14, 0xbb, 0x14, 0xdb, 0x14, 
0xbb, 0x14, 0xdc, 0x14, 0xbb, 0x14, 0xdb, 0x14, 0xbb, 0x14, 0xdc, 0x14, 0xbb, 0x14, 0xdb, 0x14, 
0xbb, 0x14, 0xdc, 0x14, 0xbb, 0x14, 0xdb, 0x14, 0xbb, 0x14, 0xdc, 0x14, 0xbb, 0x14, 0xdb, 0x14, 
0xbb, 0x14, 0xdc, 0x14, 0xbb, 0x14, 0xdb, 0x14, 0xbb, 0x14, 0xdc, 0x14, 0xbb, 0x14, 0xff, 0xff, 
0xff, 0xff, 0xff, 0xff, 0xff, 0xff, 0xff, 0xff, 0xff, 0xff, 0xff, 0xff, 0xff, 0xff, 0xff, 0xff, 
0xff, 0xff, 0xff, 0xff, 0xff, 0xff, 0xff, 0xff, 0xff, 0xff, 0xff, 0xff, 0xff, 0xff, 0xff, 0xff, 
0xff, 0xff, 0xff, 0xff, 0xff, 0xff, 0xff, 0xff, 0xff, 0xff, 0xff, 0xff, 0xff, 0xff, 0xff, 0xff, 
0xff, 0xff, 0xff, 0xff, 0xff, 0xff, 0xff, 0xff, 0xff, 0xff, 0x1e, 0xbf, 0xdc, 0x1c, 0xbb, 0x14, 
0xdc, 0x1c, 0xbb, 0x14, 0xdc, 0x1c, 0xbb, 0x14, 0xdc, 0x1c, 0xbb, 0x14, 0xdc, 0x1c, 0xbb, 0x14, 
0xdc, 0x1c, 0xbb, 0x14, 0xdc, 0x1c, 0xbb, 0x14, 0xdc, 0x1c, 0xbb, 0x14, 0xdc, 0x1c, 0xbb, 0x14, 
0xdc, 0x1c, 0xbb, 0x14, 0xdc, 0x1c, 0xbb, 0x14, 0xdc, 0x1c, 0xbb, 0x14, 0xdc, 0x1c, 0xbb, 0x14, 
0xdc, 0x1c, 0xbb, 0x14, 0xdc, 0x1c, 0x7c, 0x45, 0xff, 0xff, 0xff, 0xff, 0xff, 0xff, 0xff, 0xff, 
0xff, 0xff, 0xff, 0xff, 0xff, 0xff, 0xff, 0xff, 0xff, 0xff, 0xff, 0xff, 0xdc, 0x1c, 0xbb, 0x14, 
0xdc, 0x1c, 0xbb, 0x14, 0xdc, 0x1c, 0xbb, 0x14, 0xdc, 0x1c, 0xbb, 0x14, 0xdc, 0x1c, 0xbb, 0x14, 
0xdc, 0x1c, 0xbb, 0x14, 0xdc, 0x1c, 0xbb, 0x14, 0xdc, 0x1c, 0xbb, 0x14, 0xdc, 0x1c, 0xbb, 0x14, 
0xdc, 0x1c, 0xbb, 0x14, 0xdc, 0x1c, 0xbb, 0x14, 0xdc, 0x1c, 0xbb, 0x14, 0xdc, 0x1c, 0xbb, 0x14, 
0xdc, 0x1c, 0xbb, 0x14, 0xdc, 0x1c, 0xbb, 0x14, 0xff, 0xff, 0xff, 0xff, 0xff, 0xff, 0xff, 0xff, 
0xff, 0xff, 0xff, 0xff, 0xff, 0xff, 0xff, 0xff, 0xff, 0xff, 0xff, 0xff, 0xff, 0xff, 0xff, 0xff, 
0xff, 0xff, 0xff, 0xff, 0xff, 0xff, 0xff, 0xff, 0xff, 0xff, 0xff, 0xff, 0xff, 0xff, 0xff, 0xff, 
0xff, 0xff, 0xff, 0xff, 0xff, 0xff, 0xff, 0xff, 0xff, 0xff, 0xff, 0xff, 0xff, 0xff, 0xff, 0xff, 
0xff, 0xff, 0xff, 0xff, 0x7c, 0x45, 0xdc, 0x14, 0xbb, 0x14, 0xdb, 0x14, 0xbb, 0x14, 0xdc, 0x14, 
0xbb, 0x14, 0xdb, 0x14, 0xbb, 0x14, 0xdc, 0x14, 0xbb, 0x14, 0xdb, 0x14, 0xbb, 0x14, 0xdc, 0x14, 
0xbb, 0x14, 0xdb, 0x14, 0xbb, 0x14, 0xdc, 0x14, 0xbb, 0x14, 0xdb, 0x14, 0xbb, 0x14, 0xdc, 0x14, 
0xbb, 0x14, 0xdb, 0x14, 0xbb, 0x14, 0xdc, 0x14, 0xbb, 0x14, 0xdb, 0x14, 0xbb, 0x14, 0xdc, 0x14, 
0xbb, 0x14, 0xff, 0xff, 0xff, 0xff, 0xff, 0xff, 0xff, 0xff, 0xff, 0xff, 0xff, 0xff, 0xff, 0xff, 
0xde, 0xf7, 0x3c, 0x35, 0xbb, 0x14, 0xdc, 0x14, 0xbb, 0x14, 0xdb, 0x14, 0xbb, 0x14, 0xdc, 0x14, 
0xbb, 0x14, 0xdb, 0x14, 0xbb, 0x14, 0xdc, 0x14, 0xbb, 0x14, 0xdb, 0x14, 0xbb, 0x14, 0xdc, 0x14, 
0xbb, 0x14, 0xdb, 0x14, 0xbb, 0x14, 0xdc, 0x14, 0xbb, 0x14, 0xdb, 0x14, 0xbb, 0x14, 0xdc, 0x14, 
0xbb, 0x14, 0xdb, 0x14, 0xbb, 0x14, 0xdc, 0x14, 0xbb, 0x14, 0xdb, 0x14, 0xbb, 0x14, 0xdc, 0x14, 
0x5b, 0x3d, 0xff, 0xff, 0xff, 0xff, 0xff, 0xff, 0xff, 0xff, 0xff, 0xff, 0xff, 0xff, 0xff, 0xff, 
0xff, 0xff, 0xff, 0xff, 0xff, 0xff, 0xff, 0xff, 0xff, 0xff, 0xff, 0xff, 0xff, 0xff, 0xff, 0xff, 
0xff, 0xff, 0xff, 0xff, 0xff, 0xff, 0xff, 0xff, 0xff, 0xff, 0xff, 0xff, 0xff, 0xff, 0xff, 0xff, 
0xff, 0xff, 0xff, 0xff, 0xff, 0xff, 0xff, 0xff, 0xff, 0xff, 0xff, 0xff, 0xff, 0xff, 0xbb, 0x14, 
0xdc, 0x1c, 0xbb, 0x14, 0xdc, 0x1c, 0xbb, 0x14, 0xdc, 0x1c, 0xbb, 0x14, 0xdc, 0x1c, 0xbb, 0x14, 
0xdc, 0x1c, 0xbb, 0x14, 0xdc, 0x1c, 0xbb, 0x14, 0xdc, 0x1c, 0xbb, 0x14, 0xdc, 0x1c, 0xbb, 0x14, 
0xdc, 0x1c, 0xbb, 0x14, 0xdc, 0x1c, 0xbb, 0x14, 0xdc, 0x1c, 0xbb, 0x14, 0xdc, 0x1c, 0xbb, 0x14, 
0xdc, 0x1c, 0xbb, 0x14, 0xdc, 0x1c, 0xbb, 0x14, 0xdc, 0x1c, 0xbb, 0x14, 0x3d, 0x7e, 0xff, 0xff, 
0xff, 0xff, 0xff, 0xff, 0xff, 0xff, 0xff, 0xff, 0x1e, 0xbf, 0xbb, 0x14, 0xdc, 0x1c, 0xbb, 0x14, 
0xdc, 0x1c, 0xbb, 0x14, 0xdc, 0x1c, 0xbb, 0x14, 0xdc, 0x1c, 0xbb, 0x14, 0xdc, 0x1c, 0xbb, 0x14, 
0xdc, 0x1c, 0xbb, 0x14, 0xdc, 0x1c, 0xbb, 0x14, 0xdc, 0x1c, 0xbb, 0x14, 0xdc, 0x1c, 0xbb, 0x14, 
0xdc, 0x1c, 0xbb, 0x14, 0xdc, 0x1c, 0xbb, 0x14, 0xdc, 0x1c, 0xbb, 0x14, 0xdc, 0x1c, 0xbb, 0x14, 
0xdc, 0x1c, 0xbb, 0x14, 0xdc, 0x1c, 0xbb, 0x14, 0xdc, 0x1c, 0xbe, 0xe7, 0xff, 0xff, 0xff, 0xff, 
0xff, 0xff, 0xff, 0xff, 0xff, 0xff, 0xff, 0xff, 0xff, 0xff, 0xff, 0xff, 0xff, 0xff, 0xff, 0xff, 
0xff, 0xff, 0xff, 0xff, 0xff, 0xff, 0xff, 0xff, 0xff, 0xff, 0xff, 0xff, 0xff, 0xff, 0xff, 0xff, 
0xff, 0xff, 0xff, 0xff, 0xff, 0xff, 0xff, 0xff, 0xff, 0xff, 0xff, 0xff, 0xff, 0xff, 0xff, 0xff, 
0xff, 0xff, 0xff, 0xff, 0xde, 0xf7, 0xfe, 0xb6, 0xbb, 0x14, 0xdc, 0x14, 0xbb, 0x14, 0xdb, 0x14, 
0xbb, 0x14, 0xdc, 0x14, 0xbb, 0x14, 0xdb, 0x14, 0xbb, 0x14, 0xdc, 0x14, 0xbb, 0x14, 0xdb, 0x14, 
0xbb, 0x14, 0xdc, 0x14, 0xbb, 0x14, 0xdb, 0x14, 0xbb, 0x14, 0xdc, 0x14, 0xbb, 0x14, 0xdb, 0x14, 
0xbb, 0x14, 0xdc, 0x14, 0xbb, 0x14, 0xdb, 0x14, 0xbb, 0x14, 0xdc, 0x14, 0xbb, 0x14, 0xdb, 0x14, 
0xbb, 0x14, 0xdc, 0x14, 0xbb, 0x14, 0xdb, 0x14, 0x3e, 0xcf, 0xff, 0xff, 0xff, 0xff, 0xff, 0xff, 
0xbb, 0x14, 0xdc, 0x14, 0xbb, 0x14, 0xdb, 0x14, 0xbb, 0x14, 0xdc, 0x14, 0xbb, 0x14, 0xdb, 0x14, 
0xbb, 0x14, 0xdc, 0x14, 0xbb, 0x14, 0xdb, 0x14, 0xbb, 0x14, 0xdc, 0x14, 0xbb, 0x14, 0xdb, 0x14, 
0xbb, 0x14, 0xdc, 0x14, 0xbb, 0x14, 0xdb, 0x14, 0xbb, 0x14, 0xdc, 0x14, 0xbb, 0x14, 0xdb, 0x14, 
0xbb, 0x14, 0xdc, 0x14, 0xbb, 0x14, 0xdb, 0x14, 0xbb, 0x14, 0xdc, 0x14, 0xbb, 0x14, 0xdb, 0x14, 
0xbb, 0x14, 0xfc, 0x24, 0xff, 0xff, 0xff, 0xff, 0xff, 0xff, 0xff, 0xff, 0xff, 0xff, 0xff, 0xff, 
0xff, 0xff, 0xff, 0xff, 0xff, 0xff, 0xff, 0xff, 0xff, 0xff, 0xff, 0xff, 0xff, 0xff, 0xff, 0xff, 
0xff, 0xff, 0xff, 0xff, 0xff, 0xff, 0xff, 0xff, 0xff, 0xff, 0xff, 0xff, 0xff, 0xff, 0xff, 0xff, 
0xff, 0xff, 0xff, 0xff, 0xff, 0xff, 0xff, 0xff, 0xff, 0xff, 0xff, 0xff, 0xff, 0xff, 0xff, 0xff, 
0x7c, 0x45, 0xbb, 0x14, 0xdc, 0x1c, 0xbb, 0x14, 0xdc, 0x1c, 0xbb, 0x14, 0xdc, 0x1c, 0xbb, 0x14, 
0xdc, 0x1c, 0xbb, 0x14, 0xdc, 0x1c, 0xbb, 0x14, 0xdc, 0x1c, 0xbb, 0x14, 0xdc, 0x1c, 0xbb, 0x14, 
0xdc, 0x1c, 0xbb, 0x14, 0xdc, 0x1c, 0xbb, 0x14, 0xdc, 0x1c, 0xbb, 0x14, 0xdc, 0x1c, 0xbb, 0x14, 
0xdc, 0x1c, 0xbb, 0x14, 0xdc, 0x1c, 0xbb, 0x14, 0xdc, 0x1c, 0xbb, 0x14, 0xdc, 0x1c, 0xbb, 0x14, 
0xdc, 0x1c, 0xdb, 0x1c, 0x9f, 0xdf, 0xff, 0xff, 0xdc, 0x1c, 0xbb, 0x14, 0xdc, 0x1c, 0xbb, 0x14, 
0xdc, 0x1c, 0xbb, 0x14, 0xdc, 0x1c, 0xbb, 0x14, 0xdc, 0x1c, 0xbb, 0x14, 0xdc, 0x1c, 0xbb, 0x14, 
0xdc, 0x1c, 0xbb, 0x14, 0xdc, 0x1c, 0xbb, 0x14, 0xdc, 0x1c, 0xbb, 0x14, 0xdc, 0x1c, 0xbb, 0x14, 
0xdc, 0x1c, 0xbb, 0x14, 0xdc, 0x1c, 0xbb, 0x14, 0xdc, 0x1c, 0xbb, 0x14, 0xdc, 0x1c, 0xbb, 0x14, 
0xdc, 0x1c, 0xbb, 0x14, 0xdc, 0x1c, 0xbb, 0x14, 0xdc, 0x1c, 0xbb, 0x14, 0x9f, 0xdf, 0xff, 0xff, 
0xff, 0xff, 0xff, 0xff, 0xff, 0xff, 0xff, 0xff, 0xff, 0xff, 0xff, 0xff, 0xff, 0xff, 0xff, 0xff, 
0xff, 0xff, 0xff, 0xff, 0xff, 0xff, 0xff, 0xff, 0xff, 0xff, 0xff, 0xff, 0xff, 0xff, 0xff, 0xff, 
0xff, 0xff, 0xff, 0xff, 0xff, 0xff, 0xff, 0xff, 0xff, 0xff, 0xff, 0xff, 0xff, 0xff, 0xff, 0xff, 
0xff, 0xff, 0xff, 0xff, 0xff, 0xff, 0xff, 0xff, 0xff, 0xff, 0xdb, 0x14, 0xbb, 0x14, 0xdc, 0x14, 
0xbb, 0x14, 0xdb, 0x14, 0xbb, 0x14, 0xdc, 0x14, 0xbb, 0x14, 0xdb, 0x14, 0xbb, 0x14, 0xdc, 0x14, 
0xbb, 0x14, 0xdb, 0x14, 0xbb, 0x14, 0xdc, 0x14, 0xbb, 0x14, 0xdb, 0x14, 0xbb, 0x14, 0xdc, 0x14, 
0xbb, 0x14, 0xdb, 0x14, 0xbb, 0x14, 0xdc, 0x14, 0xbb, 0x14, 0xdb, 0x14, 0xbb, 0x14, 0xdc, 0x14, 
0xbb, 0x14, 0xdb, 0x14, 0xbb, 0x14, 0xdc, 0x14, 0xbb, 0x14, 0xdb, 0x14, 0xbb, 0x14, 0x1c, 0x2d, 
0xbb, 0x14, 0xdb, 0x14, 0xbb, 0x14, 0xdc, 0x14, 0xbb, 0x14, 0xdb, 0x14, 0xbb, 0x14, 0xdc, 0x14, 
0xbb, 0x14, 0xdb, 0x14, 0xbb, 0x14, 0xdc, 0x14, 0xbb, 0x14, 0xdb, 0x14, 0xbb, 0x14, 0xdc, 0x14, 
0xbb, 0x14, 0xdb, 0x14, 0xbb, 0x14, 0xdc, 0x14, 0xbb, 0x14, 0xdb, 0x14, 0xbb, 0x14, 0xdc, 0x14, 
0xbb, 0x14, 0xdb, 0x14, 0xbb, 0x14, 0xdc, 0x14, 0xbb, 0x14, 0xdb, 0x14, 0xbb, 0x14, 0xdc, 0x14, 
0xbb, 0x14, 0xdb, 0x14, 0x9c, 0x55, 0xff, 0xff, 0xff, 0xff, 0xff, 0xff, 0xff, 0xff, 0xff, 0xff, 
0xff, 0xff, 0xff, 0xff, 0xff, 0xff, 0xff, 0xff, 0xff, 0xff, 0xff, 0xff, 0xff, 0xff, 0xff, 0xff, 
0xff, 0xff, 0xff, 0xff, 0xff, 0xff, 0xff, 0xff, 0xff, 0xff, 0xff, 0xff, 0xff, 0xff, 0xff, 0xff, 
0xff, 0xff, 0xff, 0xff, 0xff, 0xff, 0xff, 0xff, 0xff, 0xff, 0xff, 0xff, 0xff, 0xff, 0xff, 0xff, 
0xff, 0xff, 0xff, 0xff, 0xdc, 0x1c, 0xbb, 0x14, 0xdc, 0x1c, 0xbb, 0x14, 0xdc, 0x1c, 0xbb, 0x14, 
0xdc, 0x1c, 0xbb, 0x14, 0xdc, 0x1c, 0xbb, 0x14, 0xdc, 0x1c, 0xbb, 0x14, 0xdc, 0x1c, 0xbb, 0x14, 
0xdc, 0x1c, 0xbb, 0x14, 0xdc, 0x1c, 0xbb, 0x14, 0xdc, 0x1c, 0xbb, 0x14, 0xdc, 0x1c, 0xbb, 0x14, 
0xdc, 0x1c, 0xbb, 0x14, 0xdc, 0x1c, 0xbb, 0x14, 0xdc, 0x1c, 0xbb, 0x14, 0xdc, 0x1c, 0xbb, 0x14, 
0xdc, 0x1c, 0xbb, 0x14, 0xdc, 0x1c, 0xbb, 0x14, 0xdc, 0x1c, 0xbb, 0x14, 0xdc, 0x1c, 0xbb, 0x14, 
0xdc, 0x1c, 0xbb, 0x14, 0xdc, 0x1c, 0xbb, 0x14, 0xdc, 0x1c, 0xbb, 0x14, 0xdc, 0x1c, 0xbb, 0x14, 
0xdc, 0x1c, 0xbb, 0x14, 0xdc, 0x1c, 0xbb, 0x14, 0xdc, 0x1c, 0xbb, 0x14, 0xdc, 0x1c, 0xbb, 0x14, 
0xdc, 0x1c, 0xbb, 0x14, 0xdc, 0x1c, 0xbb, 0x14, 0xdc, 0x1c, 0xbb, 0x14, 0xdc, 0x1c, 0xbb, 0x14, 
0xdc, 0x1c, 0xbb, 0x14, 0xdc, 0x1c, 0xbb, 0x14, 0xdc, 0x1c, 0xbb, 0x14, 0xdc, 0x1c, 0xff, 0xff, 
0xff, 0xff, 0xff, 0xff, 0xff, 0xff, 0xff, 0xff, 0xff, 0xff, 0xff, 0xff, 0xff, 0xff, 0xff, 0xff, 
0xff, 0xff, 0xff, 0xff, 0xff, 0xff, 0xff, 0xff, 0xff, 0xff, 0xff, 0xff, 0xff, 0xff, 0xff, 0xff, 
0xff, 0xff, 0xff, 0xff, 0xff, 0xff, 0xff, 0xff, 0xff, 0xff, 0xff, 0xff, 0xff, 0xff, 0xff, 0xff, 
0xff, 0xff, 0xff, 0xff, 0xff, 0xff, 0xff, 0xff, 0xff, 0xff, 0xff, 0xff, 0xfd, 0xb6, 0xdb, 0x14, 
0xbb, 0x14, 0xdc, 0x14, 0xbb, 0x14, 0xdb, 0x14, 0xbb, 0x14, 0xdc, 0x14, 0xbb, 0x14, 0xdb, 0x14, 
0xbb, 0x14, 0xdc, 0x14, 0xbb, 0x14, 0xdb, 0x14, 0xbb, 0x14, 0xdc, 0x14, 0xbb, 0x14, 0xdb, 0x14, 
0xbb, 0x14, 0xdc, 0x14, 0xbb, 0x14, 0xdb, 0x14, 0xbb, 0x14, 0xdc, 0x14, 0xbb, 0x14, 0xdb, 0x14, 
0xbb, 0x14, 0xdc, 0x14, 0xbb, 0x14, 0xdb, 0x14, 0xbb, 0x14, 0xdc, 0x14, 0xbb, 0x14, 0xdb, 0x14, 
0xbb, 0x14, 0xdc, 0x14, 0xbb, 0x14, 0xdb, 0x14, 0xbb, 0x14, 0xdc, 0x14, 0xbb, 0x14, 0xdb, 0x14, 
0xbb, 0x14, 0xdc, 0x14, 0xbb, 0x14, 0xdb, 0x14, 0xbb, 0x14, 0xdc, 0x14, 0xbb, 0x14, 0xdb, 0x14, 
0xbb, 0x14, 0xdc, 0x14, 0xbb, 0x14, 0xdb, 0x14, 0xbb, 0x14, 0xdc, 0x14, 0xbb, 0x14, 0xdb, 0x14, 
0xbb, 0x14, 0xdc, 0x14, 0xbb, 0x14, 0xdb, 0x14, 0xbb, 0x14, 0xdc, 0x14, 0xbb, 0x14, 0xdb, 0x14, 
0xbb, 0x14, 0xdc, 0x14, 0xbb, 0x14, 0xff, 0xff, 0xff, 0xff, 0xff, 0xff, 0xff, 0xff, 0xff, 0xff, 
0xff, 0xff, 0xff, 0xff, 0xff, 0xff, 0xff, 0xff, 0xff, 0xff, 0xff, 0xff, 0xff, 0xff, 0xff, 0xff, 
0xff, 0xff, 0xff, 0xff, 0xff, 0xff, 0xff, 0xff, 0xff, 0xff, 0xff, 0xff, 0xff, 0xff, 0xff, 0xff, 
0xff, 0xff, 0xff, 0xff, 0xff, 0xff, 0xff, 0xff, 0xff, 0xff, 0xff, 0xff, 0xff, 0xff, 0xff, 0xff, 
0xff, 0xff, 0xff, 0xff, 0xff, 0xff, 0xfd, 0x75, 0xdc, 0x1c, 0xbb, 0x14, 0xdc, 0x1c, 0xbb, 0x14, 
0xdc, 0x1c, 0xbb, 0x14, 0xdc, 0x1c, 0xbb, 0x14, 0xdc, 0x1c, 0xbb, 0x14, 0xdc, 0x1c, 0xbb, 0x14, 
0xdc, 0x1c, 0xbb, 0x14, 0xdc, 0x1c, 0xbb, 0x14, 0xdc, 0x1c, 0xbb, 0x14, 0xdc, 0x1c, 0xbb, 0x14, 
0xdc, 0x1c, 0xbb, 0x14, 0xdc, 0x1c, 0xbb, 0x14, 0xdc, 0x1c, 0xbb, 0x14, 0xdc, 0x1c, 0xbb, 0x14, 
0xdc, 0x1c, 0xbb, 0x14, 0xdc, 0x1c, 0xbb, 0x14, 0xdc, 0x1c, 0xbb, 0x14, 0xdc, 0x1c, 0xbb, 0x14, 
0xdc, 0x1c, 0xbb, 0x14, 0xdc, 0x1c, 0xbb, 0x14, 0xdc, 0x1c, 0xbb, 0x14, 0xdc, 0x1c, 0xbb, 0x14, 
0xdc, 0x1c, 0xbb, 0x14, 0xdc, 0x1c, 0xbb, 0x14, 0xdc, 0x1c, 0xbb, 0x14, 0xdc, 0x1c, 0xbb, 0x14, 
0xdc, 0x1c, 0xbb, 0x14, 0xdc, 0x1c, 0xbb, 0x14, 0xdc, 0x1c, 0xbb, 0x14, 0xdc, 0x1c, 0xbb, 0x14, 
0xdc, 0x1c, 0xbb, 0x14, 0xdc, 0x1c, 0xbb, 0x14, 0xdc, 0x1c, 0xbb, 0x14, 0xdc, 0x1c, 0xbd, 0xa6, 
0xff, 0xff, 0xff, 0xff, 0xff, 0xff, 0xff, 0xff, 0xff, 0xff, 0xff, 0xff, 0xff, 0xff, 0xff, 0xff, 
0xff, 0xff, 0xff, 0xff, 0xff, 0xff, 0xff, 0xff, 0xff, 0xff, 0xff, 0xff, 0xff, 0xff, 0xff, 0xff, 
0xff, 0xff, 0xff, 0xff, 0xff, 0xff, 0xff, 0xff, 0xff, 0xff, 0xff, 0xff, 0xff, 0xff, 0xff, 0xff, 
0xff, 0xff, 0xff, 0xff, 0xff, 0xff, 0xff, 0xff, 0xff, 0xff, 0xff, 0xff, 0xff, 0xff, 0xff, 0xff, 
0x3b, 0x35, 0xdb, 0x14, 0xbb, 0x14, 0xdc, 0x14, 0xbb, 0x14, 0xdb, 0x14, 0xbb, 0x14, 0xdc, 0x14, 
0xbb, 0x14, 0xdb, 0x14, 0xbb, 0x14, 0xdc, 0x14, 0xbb, 0x14, 0xdb, 0x14, 0xbb, 0x14, 0xdc, 0x14, 
0xbb, 0x14, 0xdb, 0x14, 0xbb, 0x14, 0xdc, 0x14, 0xbb, 0x14, 0xdb, 0x14, 0xbb, 0x14, 0xdc, 0x14, 
0xbb, 0x14, 0xdb, 0x14, 0xbb, 0x14, 0xdc, 0x14, 0xbb, 0x14, 0xdb, 0x14, 0xbb, 0x14, 0xdc, 0x14, 
0xbb, 0x14, 0xdb, 0x14, 0xbb, 0x14, 0xdc, 0x14, 0xbb, 0x14, 0xdb, 0x14, 0xbb, 0x14, 0xdc, 0x14, 
0xbb, 0x14, 0xdb, 0x14, 0xbb, 0x14, 0xdc, 0x14, 0xbb, 0x14, 0xdb, 0x14, 0xbb, 0x14, 0xdc, 0x14, 
0xbb, 0x14, 0xdb, 0x14, 0xbb, 0x14, 0xdc, 0x14, 0xbb, 0x14, 0xdb, 0x14, 0xbb, 0x14, 0xdc, 0x14, 
0xbb, 0x14, 0xdb, 0x14, 0xbb, 0x14, 0xdc, 0x14, 0xbb, 0x14, 0xdb, 0x14, 0xbb, 0x14, 0xdc, 0x14, 
0xbb, 0x14, 0xdb, 0x14, 0xbb, 0x14, 0x3d, 0x7e, 0xff, 0xff, 0xff, 0xff, 0xff, 0xff, 0xff, 0xff, 
0xff, 0xff, 0xff, 0xff, 0xff, 0xff, 0xff, 0xff, 0xff, 0xff, 0xff, 0xff, 0xff, 0xff, 0xff, 0xff, 
0xff, 0xff, 0xff, 0xff, 0xff, 0xff, 0xff, 0xff, 0xff, 0xff, 0xff, 0xff, 0xff, 0xff, 0xff, 0xff, 
0xff, 0xff, 0xff, 0xff, 0xff, 0xff, 0xff, 0xff, 0xff, 0xff, 0xff, 0xff, 0xff, 0xff, 0xff, 0xff, 
0xff, 0xff, 0xff, 0xff, 0xff, 0xff, 0xff, 0xff, 0xff, 0xff, 0xfb, 0x24, 0xdc, 0x1c, 0xbb, 0x14, 
0xdc, 0x1c, 0xbb, 0x14, 0xdc, 0x1c, 0xbb, 0x14, 0xdc, 0x1c, 0xbb, 0x14, 0xdc, 0x1c, 0xbb, 0x14, 
0xdc, 0x1c, 0xbb, 0x14, 0xdc, 0x1c, 0xbb, 0x14, 0xdc, 0x1c, 0xbb, 0x14, 0xdc, 0x1c, 0xbb, 0x14, 
0xdc, 0x1c, 0xbb, 0x14, 0xdc, 0x1c, 0xbb, 0x14, 0xdc, 0x1c, 0xbb, 0x14, 0xdc, 0x1c, 0xbb, 0x14, 
0xdc, 0x1c, 0xbb, 0x14, 0xdc, 0x1c, 0xbb, 0x14, 0xdc, 0x1c, 0xbb, 0x14, 0xdc, 0x1c, 0xbb, 0x14, 
0xdc, 0x1c, 0xbb, 0x14, 0xdc, 0x1c, 0xbb, 0x14, 0xdc, 0x1c, 0xbb, 0x14, 0xdc, 0x1c, 0xbb, 0x14, 
0xdc, 0x1c, 0xbb, 0x14, 0xdc, 0x1c, 0xbb, 0x14, 0xdc, 0x1c, 0xbb, 0x14, 0xdc, 0x1c, 0xbb, 0x14, 
0xdc, 0x1c, 0xbb, 0x14, 0xdc, 0x1c, 0xbb, 0x14, 0xdc, 0x1c, 0xbb, 0x14, 0xdc, 0x1c, 0xbb, 0x14, 
0xdc, 0x1c, 0xbb, 0x14, 0xdc, 0x1c, 0xbb, 0x14, 0xdc, 0x1c, 0xbb, 0x14, 0xdc, 0x1c, 0x9c, 0x4d, 
0xff, 0xff, 0xff, 0xff, 0xff, 0xff, 0xff, 0xff, 0xff, 0xff, 0xff, 0xff, 0xff, 0xff, 0xff, 0xff, 
0xff, 0xff, 0xff, 0xff, 0xff, 0xff, 0xff, 0xff, 0xff, 0xff, 0xff, 0xff, 0xff, 0xff, 0xff, 0xff, 
0xff, 0xff, 0xff, 0xff, 0xff, 0xff, 0xff, 0xff, 0xff, 0xff, 0xff, 0xff, 0xff, 0xff, 0xff, 0xff, 
0xff, 0xff, 0xff, 0xff, 0xff, 0xff, 0xff, 0xff, 0xff, 0xff, 0xff, 0xff, 0xff, 0xff, 0xff, 0xff, 
0xff, 0xff, 0xff, 0xff, 0xbb, 0x14, 0xdb, 0x14, 0xbb, 0x14, 0xdc, 0x14, 0xbb, 0x14, 0xdb, 0x14, 
0xbb, 0x14, 0xdc, 0x14, 0xbb, 0x14, 0xdb, 0x14, 0xbb, 0x14, 0xdc, 0x14, 0xbb, 0x14, 0xdb, 0x14, 
0xbb, 0x14, 0xdc, 0x14, 0xbb, 0x14, 0xdb, 0x14, 0xbb, 0x14, 0xdc, 0x14, 0xbb, 0x14, 0xdb, 0x14, 
0xbb, 0x14, 0xdc, 0x14, 0xbb, 0x14, 0xdb, 0x14, 0xbb, 0x14, 0xdc, 0x14, 0xbb, 0x14, 0xdb, 0x14, 
0xbb, 0x14, 0xdc, 0x14, 0xbb, 0x14, 0xdb, 0x14, 0xbb, 0x14, 0xdc, 0x14, 0xbb, 0x14, 0xdb, 0x14, 
0xbb, 0x14, 0xdc, 0x14, 0xbb, 0x14, 0xdb, 0x14, 0xbb, 0x14, 0xdc, 0x14, 0xbb, 0x14, 0xdb, 0x14, 
0xbb, 0x14, 0xdc, 0x14, 0xbb, 0x14, 0xdb, 0x14, 0xbb, 0x14, 0xdc, 0x14, 0xbb, 0x14, 0xdb, 0x14, 
0xbb, 0x14, 0xdc, 0x14, 0xbb, 0x14, 0xdb, 0x14, 0xbb, 0x14, 0xdc, 0x14, 0xbb, 0x14, 0xdb, 0x14, 
0xbb, 0x14, 0xdc, 0x14, 0xbb, 0x14, 0xfb, 0x24, 0xff, 0xff, 0xff, 0xff, 0xff, 0xff, 0xff, 0xff, 
0xff, 0xff, 0xff, 0xff, 0xff, 0xff, 0xff, 0xff, 0xff, 0xff, 0xff, 0xff, 0xff, 0xff, 0xff, 0xff, 
0xff, 0xff, 0xff, 0xff, 0xff, 0xff, 0xff, 0xff, 0xff, 0xff, 0xff, 0xff, 0xff, 0xff, 0xff, 0xff, 
0xff, 0xff, 0xff, 0xff, 0xff, 0xff, 0xff, 0xff, 0xff, 0xff, 0xff, 0xff, 0xff, 0xff, 0xff, 0xff, 
0xff, 0xff, 0xff, 0xff, 0xff, 0xff, 0xff, 0xff, 0xff, 0xff, 0xff, 0xff, 0xff, 0xff, 0xbb, 0x14, 
0xdc, 0x1c, 0xbb, 0x14, 0xdc, 0x1c, 0xbb, 0x14, 0xdc, 0x1c, 0xbb, 0x14, 0xdc, 0x1c, 0xbb, 0x14, 
0xdc, 0x1c, 0xbb, 0x14, 0xdc, 0x1c, 0xbb, 0x14, 0xdc, 0x1c, 0xbb, 0x14, 0xdc, 0x1c, 0xbb, 0x14, 
0xdc, 0x1c, 0xbb, 0x14, 0xdc, 0x1c, 0xbb, 0x14, 0xdc, 0x1c, 0xbb, 0x14, 0xdc, 0x1c, 0xbb, 0x14, 
0xdc, 0x1c, 0xbb, 0x14, 0xdc, 0x1c, 0xbb, 0x14, 0xdc, 0x1c, 0xbb, 0x14, 0xdc, 0x1c, 0xbb, 0x14, 
0xdc, 0x1c, 0xbb, 0x14, 0xdc, 0x1c, 0xbb, 0x14, 0xdc, 0x1c, 0xbb, 0x14, 0xdc, 0x1c, 0xbb, 0x14, 
0xdc, 0x1c, 0xbb, 0x14, 0xdc, 0x1c, 0xbb, 0x14, 0xdc, 0x1c, 0xbb, 0x14, 0xdc, 0x1c, 0xbb, 0x14, 
0xdc, 0x1c, 0xbb, 0x14, 0xdc, 0x1c, 0xbb, 0x14, 0xdc, 0x1c, 0xbb, 0x14, 0xdc, 0x1c, 0xbb, 0x14, 
0xdc, 0x1c, 0xbb, 0x14, 0xdc, 0x1c, 0xbb, 0x14, 0xdc, 0x1c, 0xbb, 0x14, 0xdc, 0x1c, 0xfb, 0x24, 
0xff, 0xff, 0xff, 0xff, 0xff, 0xff, 0xff, 0xff, 0xff, 0xff, 0xff, 0xff, 0xff, 0xff, 0xff, 0xff, 
0xff, 0xff, 0xff, 0xff, 0xff, 0xff, 0xff, 0xff, 0xff, 0xff, 0xff, 0xff, 0xff, 0xff, 0xff, 0xff, 
0xff, 0xff, 0xff, 0xff, 0xff, 0xff, 0xff, 0xff, 0xff, 0xff, 0xff, 0xff, 0xff, 0xff, 0xff, 0xff, 
0xff, 0xff, 0xff, 0xff, 0xff, 0xff, 0xff, 0xff, 0xff, 0xff, 0xff, 0xff, 0xff, 0xff, 0xff, 0xff, 
0xff, 0xff, 0xff, 0xff, 0xff, 0xff, 0xff, 0xff, 0xbb, 0x14, 0xdb, 0x14, 0xbb, 0x14, 0xdc, 0x14, 
0xbb, 0x14, 0xdb, 0x14, 0xbb, 0x14, 0xdc, 0x14, 0xbb, 0x14, 0xdb, 0x14, 0xbb, 0x14, 0xdc, 0x14, 
0xbb, 0x14, 0xdb, 0x14, 0xbb, 0x14, 0xdc, 0x14, 0xbb, 0x14, 0xdb, 0x14, 0xbb, 0x14, 0xdc, 0x14, 
0xbb, 0x14, 0xdb, 0x14, 0xbb, 0x14, 0xdc, 0x14, 0xbb, 0x14, 0xdb, 0x14, 0xbb, 0x14, 0xdc, 0x14, 
0xbb, 0x14, 0xdb, 0x14, 0xbb, 0x14, 0xdc, 0x14, 0xbb, 0x14, 0xdb, 0x14, 0xbb, 0x14, 0xdc, 0x14, 
0xbb, 0x14, 0xdb, 0x14, 0xbb, 0x14, 0xdc, 0x14, 0xbb, 0x14, 0xdb, 0x14, 0xbb, 0x14, 0xdc, 0x14, 
0xbb, 0x14, 0xdb, 0x14, 0xbb, 0x14, 0xdc, 0x14, 0xbb, 0x14, 0xdb, 0x14, 0xbb, 0x14, 0xdc, 0x14, 
0xbb, 0x14, 0xdb, 0x14, 0xbb, 0x14, 0xdc, 0x14, 0xbb, 0x14, 0xdb, 0x14, 0xbb, 0x14, 0xdc, 0x14, 
0xbb, 0x14, 0xdb, 0x14, 0xbb, 0x14, 0xbd, 0x5d, 0xff, 0xff, 0xff, 0xff, 0xff, 0xff, 0xff, 0xff, 
0xff, 0xff, 0xff, 0xff, 0xff, 0xff, 0xff, 0xff, 0xff, 0xff, 0xff, 0xff, 0xff, 0xff, 0xff, 0xff, 
0xff, 0xff, 0xff, 0xff, 0xff, 0xff, 0xff, 0xff, 0xff, 0xff, 0xff, 0xff, 0xff, 0xff, 0xff, 0xff, 
0xff, 0xff, 0xff, 0xff, 0xff, 0xff, 0xff, 0xff, 0xff, 0xff, 0xff, 0xff, 0xff, 0xff, 0xff, 0xff, 
0xff, 0xff, 0xff, 0xff, 0xff, 0xff, 0xff, 0xff, 0xff, 0xff, 0xff, 0xff, 0xff, 0xff, 0xff, 0xff, 
0xff, 0xff, 0x1c, 0x35, 0xdc, 0x1c, 0xbb, 0x14, 0xdc, 0x1c, 0xbb, 0x14, 0xdc, 0x1c, 0xbb, 0x14, 
0xdc, 0x1c, 0xbb, 0x14, 0xdc, 0x1c, 0xbb, 0x14, 0xdc, 0x1c, 0xbb, 0x14, 0xdc, 0x1c, 0xbb, 0x14, 
0xdc, 0x1c, 0xbb, 0x14, 0xdc, 0x1c, 0xbb, 0x14, 0xdc, 0x1c, 0xbb, 0x14, 0xdc, 0x1c, 0xbb, 0x14, 
0xdc, 0x1c, 0xbb, 0x14, 0xdc, 0x1c, 0xbb, 0x14, 0xdc, 0x1c, 0xbb, 0x14, 0xdc, 0x1c, 0xbb, 0x14, 
0xdc, 0x1c, 0xbb, 0x14, 0xdc, 0x1c, 0xbb, 0x14, 0xdc, 0x1c, 0xbb, 0x14, 0xdc, 0x1c, 0xbb, 0x14, 
0xdc, 0x1c, 0xbb, 0x14, 0xdc, 0x1c, 0xbb, 0x14, 0xdc, 0x1c, 0xbb, 0x14, 0xdc, 0x1c, 0xbb, 0x14, 
0xdc, 0x1c, 0xbb, 0x14, 0xdc, 0x1c, 0xbb, 0x14, 0xdc, 0x1c, 0xbb, 0x14, 0xdc, 0x1c, 0xbb, 0x14, 
0xdc, 0x1c, 0xbb, 0x14, 0xdc, 0x1c, 0xbb, 0x14, 0xdc, 0x1c, 0xbb, 0x14, 0xdc, 0x1c, 0x5d, 0x86, 
0xff, 0xff, 0xff, 0xff, 0xff, 0xff, 0xff, 0xff, 0xff, 0xff, 0xff, 0xff, 0xff, 0xff, 0xff, 0xff, 
0xff, 0xff, 0xff, 0xff, 0xff, 0xff, 0xff, 0xff, 0xff, 0xff, 0xff, 0xff, 0xff, 0xff, 0xff, 0xff, 
0xff, 0xff, 0xff, 0xff, 0xff, 0xff, 0xff, 0xff, 0xff, 0xff, 0xff, 0xff, 0xff, 0xff, 0xff, 0xff, 
0xff, 0xff, 0xff, 0xff, 0xff, 0xff, 0xff, 0xff, 0xff, 0xff, 0xff, 0xff, 0xff, 0xff, 0xff, 0xff, 
0xff, 0xff, 0xff, 0xff, 0xff, 0xff, 0xff, 0xff, 0xff, 0xff, 0xff, 0xff, 0x3c, 0x7e, 0xdb, 0x14, 
0xbb, 0x14, 0xdc, 0x14, 0xbb, 0x14, 0xdb, 0x14, 0xbb, 0x14, 0xdc, 0x14, 0xbb, 0x14, 0xdb, 0x14, 
0xbb, 0x14, 0xdc, 0x14, 0xbb, 0x14, 0xdb, 0x14, 0xbb, 0x14, 0xdc, 0x14, 0xbb, 0x14, 0xdb, 0x14, 
0xbb, 0x14, 0xdc, 0x14, 0xbb, 0x14, 0xdb, 0x14, 0xbb, 0x14, 0xdc, 0x14, 0xbb, 0x14, 0xdb, 0x14, 
0xbb, 0x14, 0xdc, 0x14, 0xbb, 0x14, 0xdb, 0x14, 0xbb, 0x14, 0xdc, 0x14, 0xbb, 0x14, 0xdb, 0x14, 
0xbb, 0x14, 0xdc, 0x14, 0xbb, 0x14, 0xdb, 0x14, 0xbb, 0x14, 0xdc, 0x14, 0xbb, 0x14, 0xdb, 0x14, 
0xbb, 0x14, 0xdc, 0x14, 0xbb, 0x14, 0xdb, 0x14, 0xbb, 0x14, 0xdc, 0x14, 0xbb, 0x14, 0xdb, 0x14, 
0xbb, 0x14, 0xdc, 0x14, 0xbb, 0x14, 0xdb, 0x14, 0xbb, 0x14, 0xdc, 0x14, 0xbb, 0x14, 0xdb, 0x14, 
0xbb, 0x14, 0xdc, 0x14, 0xbb, 0x14, 0xfe, 0xb6, 0xff, 0xff, 0xff, 0xff, 0xff, 0xff, 0xff, 0xff, 
0xff, 0xff, 0xff, 0xff, 0xff, 0xff, 0xff, 0xff, 0xff, 0xff, 0xff, 0xff, 0xff, 0xff, 0xff, 0xff, 
0xff, 0xff, 0xff, 0xff, 0xff, 0xff, 0xff, 0xff, 0xff, 0xff, 0xff, 0xff, 0xff, 0xff, 0xff, 0xff, 
0xff, 0xff, 0xff, 0xff, 0xff, 0xff, 0xff, 0xff, 0xff, 0xff, 0xff, 0xff, 0xff, 0xff, 0xff, 0xff, 
0xff, 0xff, 0xff, 0xff, 0xff, 0xff, 0xff, 0xff, 0xff, 0xff, 0xff, 0xff, 0xff, 0xff, 0xff, 0xff, 
0xff, 0xff, 0xff, 0xff, 0xff, 0xff, 0x9d, 0x9e, 0xdc, 0x1c, 0xbb, 0x14, 0xdc, 0x1c, 0xbb, 0x14, 
0xdc, 0x1c, 0xbb, 0x14, 0xdc, 0x1c, 0xbb, 0x14, 0xdc, 0x1c, 0xbb, 0x14, 0xdc, 0x1c, 0xbb, 0x14, 
0xdc, 0x1c, 0xbb, 0x14, 0xdc, 0x1c, 0xbb, 0x14, 0xdc, 0x1c, 0xbb, 0x14, 0xdc, 0x1c, 0xbb, 0x14, 
0xdc, 0x1c, 0xbb, 0x14, 0xdc, 0x1c, 0xbb, 0x14, 0xdc, 0x1c, 0xbb, 0x14, 0xdc, 0x1c, 0xbb, 0x14, 
0xdc, 0x1c, 0xbb, 0x14, 0xdc, 0x1c, 0xbb, 0x14, 0xdc, 0x1c, 0xbb, 0x14, 0xdc, 0x1c, 0xbb, 0x14, 
0xdc, 0x1c, 0xbb, 0x14, 0xdc, 0x1c, 0xbb, 0x14, 0xdc, 0x1c, 0xbb, 0x14, 0xdc, 0x1c, 0xbb, 0x14, 
0xdc, 0x1c, 0xbb, 0x14, 0xdc, 0x1c, 0xbb, 0x14, 0xdc, 0x1c, 0xbb, 0x14, 0xdc, 0x1c, 0xbb, 0x14, 
0xdc, 0x1c, 0xbb, 0x14, 0xdc, 0x1c, 0xbb, 0x14, 0xdc, 0x1c, 0xbb, 0x14, 0xdc, 0x1c, 0xff, 0xff, 
0xff, 0xff, 0xff, 0xff, 0xff, 0xff, 0xff, 0xff, 0xff, 0xff, 0xff, 0xff, 0xff, 0xff, 0xff, 0xff, 
0xff, 0xff, 0xff, 0xff, 0xff, 0xff, 0xff, 0xff, 0xff, 0xff, 0xff, 0xff, 0xff, 0xff, 0xff, 0xff, 
0xff, 0xff, 0xff, 0xff, 0xff, 0xff, 0xff, 0xff, 0xff, 0xff, 0xff, 0xff, 0xff, 0xff, 0xff, 0xff, 
0xff, 0xff, 0xff, 0xff, 0xff, 0xff, 0xff, 0xff, 0xff, 0xff, 0xff, 0xff, 0xff, 0xff, 0xff, 0xff, 
0xff, 0xff, 0xff, 0xff, 0xff, 0xff, 0xff, 0xff, 0xff, 0xff, 0xff, 0xff, 0xff, 0xff, 0xff, 0xff, 
0x7e, 0xd7, 0xdb, 0x14, 0xbb, 0x14, 0xdc, 0x14, 0xbb, 0x14, 0xdb, 0x14, 0xbb, 0x14, 0xdc, 0x14, 
0xbb, 0x14, 0xdb, 0x14, 0xbb, 0x14, 0xdc, 0x14, 0xbb, 0x14, 0xdb, 0x14, 0xbb, 0x14, 0xdc, 0x14, 
0xbb, 0x14, 0xdb, 0x14, 0xbb, 0x14, 0xdc, 0x14, 0xbb, 0x14, 0xdb, 0x14, 0xbb, 0x14, 0xdc, 0x14, 
0xbb, 0x14, 0xdb, 0x14, 0xbb, 0x14, 0xdc, 0x14, 0xbb, 0x14, 0xdb, 0x14, 0xbb, 0x14, 0xdc, 0x14, 
0xbb, 0x14, 0xdb, 0x14, 0xbb, 0x14, 0xdc, 0x14, 0xbb, 0x14, 0xdb, 0x14, 0xbb, 0x14, 0xdc, 0x14, 
0xbb, 0x14, 0xdb, 0x14, 0xbb, 0x14, 0xdc, 0x14, 0xbb, 0x14, 0xdb, 0x14, 0xbb, 0x14, 0xdc, 0x14, 
0xbb, 0x14, 0xdb, 0x14, 0xbb, 0x14, 0xdc, 0x14, 0xbb, 0x14, 0xdb, 0x14, 0xbb, 0x14, 0xdc, 0x14, 
0xbb, 0x14, 0xdb, 0x14, 0xdb, 0x1c, 0xff, 0xff, 0xff, 0xff, 0xff, 0xff, 0xff, 0xff, 0xff, 0xff, 
0xff, 0xff, 0xff, 0xff, 0xff, 0xff, 0xff, 0xff, 0xff, 0xff, 0xff, 0xff, 0xff, 0xff, 0xff, 0xff, 
0xff, 0xff, 0xff, 0xff, 0xff, 0xff, 0xff, 0xff, 0xff, 0xff, 0xff, 0xff, 0xff, 0xff, 0xff, 0xff, 
0xff, 0xff, 0xff, 0xff, 0xff, 0xff, 0xff, 0xff, 0xff, 0xff, 0xff, 0xff, 0xff, 0xff, 0xff, 0xff, 
0xff, 0xff, 0xff, 0xff, 0xff, 0xff, 0xff, 0xff, 0xff, 0xff, 0xff, 0xff, 0xff, 0xff, 0xff, 0xff, 
0xff, 0xff, 0xff, 0xff, 0xff, 0xff, 0xff, 0xff, 0xff, 0xff, 0xff, 0xff, 0xdd, 0x5d, 0xbb, 0x14, 
0xdc, 0x1c, 0xbb, 0x14, 0xdc, 0x1c, 0xbb, 0x14, 0xdc, 0x1c, 0xbb, 0x14, 0xdc, 0x1c, 0xbb, 0x14, 
0xdc, 0x1c, 0xbb, 0x14, 0xdc, 0x1c, 0xbb, 0x14, 0xdc, 0x1c, 0xbb, 0x14, 0xdc, 0x1c, 0xbb, 0x14, 
0xdc, 0x1c, 0xbb, 0x14, 0xdc, 0x1c, 0xbb, 0x14, 0xdc, 0x1c, 0xbb, 0x14, 0xdc, 0x1c, 0xbb, 0x14, 
0xdc, 0x1c, 0xbb, 0x14, 0xdc, 0x1c, 0xbb, 0x14, 0xdc, 0x1c, 0xbb, 0x14, 0xdc, 0x1c, 0xbb, 0x14, 
0xdc, 0x1c, 0xbb, 0x14, 0xdc, 0x1c, 0xbb, 0x14, 0xdc, 0x1c, 0xbb, 0x14, 0xdc, 0x1c, 0xbb, 0x14, 
0xdc, 0x1c, 0xbb, 0x14, 0xdc, 0x1c, 0xbb, 0x14, 0xdc, 0x1c, 0xbb, 0x14, 0xdc, 0x1c, 0xbb, 0x14, 
0xdc, 0x1c, 0xbb, 0x14, 0xdc, 0x1c, 0xbb, 0x14, 0xdc, 0x1c, 0xbb, 0x14, 0xfe, 0xb6, 0xff, 0xff, 
0xff, 0xff, 0xff, 0xff, 0xff, 0xff, 0xff, 0xff, 0xff, 0xff, 0xff, 0xff, 0xff, 0xff, 0xff, 0xff, 
0xff, 0xff, 0xff, 0xff, 0xff, 0xff, 0xff, 0xff, 0xff, 0xff, 0xff, 0xff, 0xff, 0xff, 0xff, 0xff, 
0xff, 0xff, 0xff, 0xff, 0xff, 0xff, 0xff, 0xff, 0xff, 0xff, 0xff, 0xff, 0xff, 0xff, 0xff, 0xff, 
0xff, 0xff, 0xff, 0xff, 0xff, 0xff, 0xff, 0xff, 0xff, 0xff, 0xff, 0xff, 0xff, 0xff, 0xff, 0xff, 
0xff, 0xff, 0xff, 0xff, 0xff, 0xff, 0xff, 0xff, 0xff, 0xff, 0xff, 0xff, 0xff, 0xff, 0xff, 0xff, 
0xff, 0xff, 0xff, 0xff, 0xde, 0xf7, 0x3e, 0xcf, 0xbb, 0x14, 0xdc, 0x14, 0xbb, 0x14, 0xdb, 0x14, 
0xbb, 0x14, 0xdc, 0x14, 0xbb, 0x14, 0xdb, 0x14, 0xbb, 0x14, 0xdc, 0x14, 0xbb, 0x14, 0xdb, 0x14, 
0xbb, 0x14, 0xdc, 0x14, 0xbb, 0x14, 0xdb, 0x14, 0xbb, 0x14, 0xdc, 0x14, 0xbb, 0x14, 0xdb, 0x14, 
0xbb, 0x14, 0xdc, 0x14, 0xbb, 0x14, 0xdb, 0x14, 0xbb, 0x14, 0xdc, 0x14, 0xbb, 0x14, 0xdb, 0x14, 
0xbb, 0x14, 0xdc, 0x14, 0xbb, 0x14, 0xdb, 0x14, 0xbb, 0x14, 0xdc, 0x14, 0xbb, 0x14, 0xdb, 0x14, 
0xbb, 0x14, 0xdc, 0x14, 0xbb, 0x14, 0xdb, 0x14, 0xbb, 0x14, 0xdc, 0x14, 0xbb, 0x14, 0xdb, 0x14, 
0xbb, 0x14, 0xdc, 0x14, 0xbb, 0x14, 0xdb, 0x14, 0xbb, 0x14, 0xdc, 0x14, 0xbb, 0x14, 0xdb, 0x14, 
0xbb, 0x14, 0xdc, 0x14, 0xff, 0xff, 0xff, 0xff, 0xff, 0xff, 0xff, 0xff, 0xff, 0xff, 0xff, 0xff, 
0xff, 0xff, 0xff, 0xff, 0xff, 0xff, 0xff, 0xff, 0xff, 0xff, 0xff, 0xff, 0xff, 0xff, 0xff, 0xff, 
0xff, 0xff, 0xff, 0xff, 0xff, 0xff, 0xff, 0xff, 0xff, 0xff, 0xff, 0xff, 0xff, 0xff, 0xff, 0xff, 
0xff, 0xff, 0xff, 0xff, 0xff, 0xff, 0xff, 0xff, 0xff, 0xff, 0xff, 0xff, 0xff, 0xff, 0xff, 0xff, 
0xff, 0xff, 0xff, 0xff, 0xff, 0xff, 0xff, 0xff, 0xff, 0xff, 0xff, 0xff, 0xff, 0xff, 0xff, 0xff, 
0xff, 0xff, 0xff, 0xff, 0xff, 0xff, 0xff, 0xff, 0xff, 0xff, 0xff, 0xff, 0xff, 0xff, 0xff, 0xff, 
0xff, 0xff, 0xfd, 0x6d, 0xdc, 0x1c, 0xbb, 0x14, 0xdc, 0x1c, 0xbb, 0x14, 0xdc, 0x1c, 0xbb, 0x14, 
0xdc, 0x1c, 0xbb, 0x14, 0xdc, 0x1c, 0xbb, 0x14, 0xdc, 0x1c, 0xbb, 0x14, 0xdc, 0x1c, 0xbb, 0x14, 
0xdc, 0x1c, 0xbb, 0x14, 0xdc, 0x1c, 0xbb, 0x14, 0xdc, 0x1c, 0xbb, 0x14, 0xdc, 0x1c, 0xbb, 0x14, 
0xdc, 0x1c, 0xbb, 0x14, 0xdc, 0x1c, 0xbb, 0x14, 0xdc, 0x1c, 0xbb, 0x14, 0xdc, 0x1c, 0xbb, 0x14, 
0xdc, 0x1c, 0xbb, 0x14, 0xdc, 0x1c, 0xbb, 0x14, 0xdc, 0x1c, 0xbb, 0x14, 0xdc, 0x1c, 0xbb, 0x14, 
0xdc, 0x1c, 0xbb, 0x14, 0xdc, 0x1c, 0xbb, 0x14, 0xdc, 0x1c, 0xbb, 0x14, 0xdc, 0x1c, 0xbb, 0x14, 
0xdc, 0x1c, 0xbb, 0x14, 0xdc, 0x1c, 0xbb, 0x14, 0xdc, 0x1c, 0xbd, 0xa6, 0xff, 0xff, 0xff, 0xff, 
0xff, 0xff, 0xff, 0xff, 0xff, 0xff, 0xff, 0xff, 0xff, 0xff, 0xff, 0xff, 0xff, 0xff, 0xff, 0xff, 
0xff, 0xff, 0xff, 0xff, 0xff, 0xff, 0xff, 0xff, 0xff, 0xff, 0xff, 0xff, 0xff, 0xff, 0xff, 0xff, 
0xff, 0xff, 0xff, 0xff, 0xff, 0xff, 0xff, 0xff, 0xff, 0xff, 0xff, 0xff, 0xff, 0xff, 0xff, 0xff, 
0xff, 0xff, 0xff, 0xff, 0xff, 0xff, 0xff, 0xff, 0xff, 0xff, 0xff, 0xff, 0xff, 0xff, 0xff, 0xff, 
0xff, 0xff, 0xff, 0xff, 0xff, 0xff, 0xff, 0xff, 0xff, 0xff, 0xff, 0xff, 0xff, 0xff, 0xff, 0xff, 
0xff, 0xff, 0xff, 0xff, 0xff, 0xff, 0xff, 0xff, 0xff, 0xff, 0xff, 0xff, 0xdf, 0xff, 0x3c, 0x35, 
0xbb, 0x14, 0xdb, 0x14, 0xbb, 0x14, 0xdc, 0x14, 0xbb, 0x14, 0xdb, 0x14, 0xbb, 0x14, 0xdc, 0x14, 
0xbb, 0x14, 0xdb, 0x14, 0xbb, 0x14, 0xdc, 0x14, 0xbb, 0x14, 0xdb, 0x14, 0xbb, 0x14, 0xdc, 0x14, 
0xbb, 0x14, 0xdb, 0x14, 0xbb, 0x14, 0xdc, 0x14, 0xbb, 0x14, 0xdb, 0x14, 0xbb, 0x14, 0xdc, 0x14, 
0xbb, 0x14, 0xdb, 0x14, 0xbb, 0x14, 0xdc, 0x14, 0xbb, 0x14, 0xdb, 0x14, 0xbb, 0x14, 0xdc, 0x14, 
0xbb, 0x14, 0xdb, 0x14, 0xbb, 0x14, 0xdc, 0x14, 0xbb, 0x14, 0xdb, 0x14, 0xbb, 0x14, 0xdc, 0x14, 
0xbb, 0x14, 0xdb, 0x14, 0xbb, 0x14, 0xdc, 0x14, 0xbb, 0x14, 0xdb, 0x14, 0xbb, 0x14, 0xdc, 0x14, 
0xbb, 0x14, 0xff, 0xff, 0xff, 0xff, 0xff, 0xff, 0xff, 0xff, 0xff, 0xff, 0xff, 0xff, 0xff, 0xff, 
0xff, 0xff, 0xff, 0xff, 0xff, 0xff, 0xff, 0xff, 0xff, 0xff, 0xff, 0xff, 0xff, 0xff, 0xff, 0xff, 
0xff, 0xff, 0xff, 0xff, 0xff, 0xff, 0xff, 0xff, 0xff, 0xff, 0xff, 0xff, 0xff, 0xff, 0xff, 0xff, 
0xff, 0xff, 0xff, 0xff, 0xff, 0xff, 0xff, 0xff, 0xff, 0xff, 0xff, 0xff, 0xff, 0xff, 0xff, 0xff, 
0xff, 0xff, 0xff, 0xff, 0xff, 0xff, 0xff, 0xff, 0xff, 0xff, 0xff, 0xff, 0xff, 0xff, 0xff, 0xff, 
0xff, 0xff, 0xff, 0xff, 0xff, 0xff, 0xff, 0xff, 0xff, 0xff, 0xff, 0xff, 0xff, 0xff, 0xff, 0xff, 
0xff, 0xff, 0xff, 0xff, 0xff, 0xff, 0xff, 0xff, 0x5e, 0xcf, 0xbb, 0x14, 0xdc, 0x1c, 0xbb, 0x14, 
0xdc, 0x1c, 0xbb, 0x14, 0xdc, 0x1c, 0xbb, 0x14, 0xdc, 0x1c, 0xbb, 0x14, 0xdc, 0x1c, 0xbb, 0x14, 
0xdc, 0x1c, 0xbb, 0x14, 0xdc, 0x1c, 0xbb, 0x14, 0xdc, 0x1c, 0xbb, 0x14, 0xdc, 0x1c, 0xbb, 0x14, 
0xdc, 0x1c, 0xbb, 0x14, 0xdc, 0x1c, 0xbb, 0x14, 0xdc, 0x1c, 0xbb, 0x14, 0xdc, 0x1c, 0xbb, 0x14, 
0xdc, 0x1c, 0xbb, 0x14, 0xdc, 0x1c, 0xbb, 0x14, 0xdc, 0x1c, 0xbb, 0x14, 0xdc, 0x1c, 0xbb, 0x14, 
0xdc, 0x1c, 0xbb, 0x14, 0xdc, 0x1c, 0xbb, 0x14, 0xdc, 0x1c, 0xbb, 0x14, 0xdc, 0x1c, 0xbb, 0x14, 
0xdc, 0x1c, 0xbb, 0x14, 0xdc, 0x1c, 0xbb, 0x14, 0x7f, 0xd7, 0xff, 0xff, 0xff, 0xff, 0xff, 0xff, 
0xff, 0xff, 0xff, 0xff, 0xff, 0xff, 0xff, 0xff, 0xff, 0xff, 0xff, 0xff, 0xff, 0xff, 0xff, 0xff, 
0xff, 0xff, 0xff, 0xff, 0xff, 0xff, 0xff, 0xff, 0xff, 0xff, 0xff, 0xff, 0xff, 0xff, 0xff, 0xff, 
0xff, 0xff, 0xff, 0xff, 0xff, 0xff, 0xff, 0xff, 0xff, 0xff, 0xff, 0xff, 0xff, 0xff, 0xff, 0xff, 
0xff, 0xff, 0xff, 0xff, 0xff, 0xff, 0xff, 0xff, 0xff, 0xff, 0xff, 0xff, 0xff, 0xff, 0xff, 0xff, 
0xff, 0xff, 0xff, 0xff, 0xff, 0xff, 0xff, 0xff, 0xff, 0xff, 0xff, 0xff, 0xff, 0xff, 0xff, 0xff, 
0xff, 0xff, 0xff, 0xff, 0xff, 0xff, 0xff, 0xff, 0xff, 0xff, 0xff, 0xff, 0xff, 0xff, 0xff, 0xff, 
0xff, 0xff, 0xff, 0xff, 0x3e, 0xc7, 0xdb, 0x1c, 0xbb, 0x14, 0xdc, 0x14, 0xbb, 0x14, 0xdb, 0x14, 
0xbb, 0x14, 0xdc, 0x14, 0xbb, 0x14, 0xdb, 0x14, 0xbb, 0x14, 0xdc, 0x14, 0xbb, 0x14, 0xdb, 0x14, 
0xbb, 0x14, 0xdc, 0x14, 0xbb, 0x14, 0xdb, 0x14, 0xbb, 0x14, 0xdc, 0x14, 0xbb, 0x14, 0xdb, 0x14, 
0xbb, 0x14, 0xdc, 0x14, 0xbb, 0x14, 0xdb, 0x14, 0xbb, 0x14, 0xdc, 0x14, 0xbb, 0x14, 0xdb, 0x14, 
0xbb, 0x14, 0xdc, 0x14, 0xbb, 0x14, 0xdb, 0x14, 0xbb, 0x14, 0xdc, 0x14, 0xbb, 0x14, 0xdb, 0x14, 
0xbb, 0x14, 0xdc, 0x14, 0xbb, 0x14, 0xdb, 0x14, 0xbb, 0x14, 0xdc, 0x14, 0xbb, 0x14, 0xfe, 0xb6, 
0xff, 0xff, 0xff, 0xff, 0xff, 0xff, 0xff, 0xff, 0xff, 0xff, 0xff, 0xff, 0xff, 0xff, 0xff, 0xff, 
0xff, 0xff, 0xff, 0xff, 0xff, 0xff, 0xff, 0xff, 0xff, 0xff, 0xff, 0xff, 0xff, 0xff, 0xff, 0xff, 
0xff, 0xff, 0xff, 0xff, 0xff, 0xff, 0xff, 0xff, 0xff, 0xff, 0xff, 0xff, 0xff, 0xff, 0xff, 0xff, 
0xff, 0xff, 0xff, 0xff, 0xff, 0xff, 0xff, 0xff, 0xff, 0xff, 0xff, 0xff, 0xff, 0xff, 0xff, 0xff, 
0xff, 0xff, 0xff, 0xff, 0xff, 0xff, 0xff, 0xff, 0xff, 0xff, 0xff, 0xff, 0xff, 0xff, 0xff, 0xff, 
0xff, 0xff, 0xff, 0xff, 0xff, 0xff, 0xff, 0xff, 0xff, 0xff, 0xff, 0xff, 0xff, 0xff, 0xff, 0xff, 
0xff, 0xff, 0xff, 0xff, 0xff, 0xff, 0xff, 0xff, 0xff, 0xff, 0xff, 0xff, 0xff, 0xff, 0xff, 0xff, 
0xbf, 0xe7, 0x3c, 0x35, 0xdc, 0x1c, 0xbb, 0x14, 0xdc, 0x1c, 0xbb, 0x14, 0xdc, 0x1c, 0xbb, 0x14, 
0xdc, 0x1c, 0xbb, 0x14, 0xdc, 0x1c, 0xbb, 0x14, 0xdc, 0x1c, 0xbb, 0x14, 0xdc, 0x1c, 0xbb, 0x14, 
0xdc, 0x1c, 0xbb, 0x14, 0xdc, 0x1c, 0xbb, 0x14, 0xdc, 0x1c, 0xbb, 0x14, 0xdc, 0x1c, 0xbb, 0x14, 
0xdc, 0x1c, 0xbb, 0x14, 0xdc, 0x1c, 0xbb, 0x14, 0xdc, 0x1c, 0xbb, 0x14, 0xdc, 0x1c, 0xbb, 0x14, 
0xdc, 0x1c, 0xbb, 0x14, 0xdc, 0x1c, 0xbb, 0x14, 0xdc, 0x1c, 0xbb, 0x14, 0xdc, 0x1c, 0xbb, 0x14, 
0xdc, 0x1c, 0xbb, 0x14, 0x5d, 0x86, 0xff, 0xff, 0xff, 0xff, 0xff, 0xff, 0xff, 0xff, 0xff, 0xff, 
0xff, 0xff, 0xff, 0xff, 0xff, 0xff, 0xff, 0xff, 0xff, 0xff, 0xff, 0xff, 0xff, 0xff, 0xff, 0xff, 
0xff, 0xff, 0xff, 0xff, 0xff, 0xff, 0xff, 0xff, 0xff, 0xff, 0xff, 0xff, 0xff, 0xff, 0xff, 0xff, 
0xff, 0xff, 0xff, 0xff, 0xff, 0xff, 0xff, 0xff, 0xff, 0xff, 0xff, 0xff, 0xff, 0xff, 0xff, 0xff, 
0xff, 0xff, 0xff, 0xff, 0xff, 0xff, 0xff, 0xff, 0xff, 0xff, 0xff, 0xff, 0xff, 0xff, 0xff, 0xff, 
0xff, 0xff, 0xff, 0xff, 0xff, 0xff, 0xff, 0xff, 0xff, 0xff, 0xff, 0xff, 0xff, 0xff, 0xff, 0xff, 
0xff, 0xff, 0xff, 0xff, 0xff, 0xff, 0xff, 0xff, 0xff, 0xff, 0xff, 0xff, 0xff, 0xff, 0xff, 0xff, 
0xff, 0xff, 0xff, 0xff, 0xff, 0xff, 0xff, 0xff, 0xff, 0xff, 0xff, 0xff, 0xdf, 0xff, 0x1d, 0x7e, 
0xbb, 0x14, 0xdb, 0x14, 0xbb, 0x14, 0xdc, 0x14, 0xbb, 0x14, 0xdb, 0x14, 0xbb, 0x14, 0xdc, 0x14, 
0xbb, 0x14, 0xdb, 0x14, 0xbb, 0x14, 0xdc, 0x14, 0xbb, 0x14, 0xdb, 0x14, 0xbb, 0x14, 0xdc, 0x14, 
0xbb, 0x14, 0xdb, 0x14, 0xbb, 0x14, 0xdc, 0x14, 0xbb, 0x14, 0xdb, 0x14, 0xbb, 0x14, 0xdc, 0x14, 
0xbb, 0x14, 0xdb, 0x14, 0xbb, 0x14, 0xdc, 0x14, 0xbb, 0x14, 0xdb, 0x14, 0xbb, 0x14, 0xdc, 0x14, 
0xbb, 0x14, 0xdb, 0x14, 0xbb, 0x14, 0xdc, 0x14, 0xbb, 0x14, 0xdd, 0x65, 0xff, 0xff, 0xff, 0xff, 
0xff, 0xff, 0xff, 0xff, 0xff, 0xff, 0xff, 0xff, 0xff, 0xff, 0xff, 0xff, 0xff, 0xff, 0xff, 0xff, 
0xff, 0xff, 0xff, 0xff, 0xff, 0xff, 0xff, 0xff, 0xff, 0xff, 0xff, 0xff, 0xff, 0xff, 0xff, 0xff, 
0xff, 0xff, 0xff, 0xff, 0xff, 0xff, 0xff, 0xff, 0xff, 0xff, 0xff, 0xff, 0xff, 0xff, 0xff, 0xff, 
0xff, 0xff, 0xff, 0xff, 0xff, 0xff, 0xff, 0xff, 0xff, 0xff, 0xff, 0xff, 0xff, 0xff, 0xff, 0xff, 
0xff, 0xff, 0xff, 0xff, 0xff, 0xff, 0xff, 0xff, 0xff, 0xff, 0xff, 0xff, 0xff, 0xff, 0xff, 0xff, 
0xff, 0xff, 0xff, 0xff, 0xff, 0xff, 0xff, 0xff, 0xff, 0xff, 0xff, 0xff, 0xff, 0xff, 0xff, 0xff, 
0xff, 0xff, 0xff, 0xff, 0xff, 0xff, 0xff, 0xff, 0xff, 0xff, 0xff, 0xff, 0xff, 0xff, 0xff, 0xff, 
0xff, 0xff, 0xff, 0xff, 0xff, 0xff, 0xff, 0xff, 0xff, 0xff, 0x7e, 0xdf, 0x9d, 0x4d, 0xbb, 0x14, 
0xdc, 0x1c, 0xbb, 0x14, 0xdc, 0x1c, 0xbb, 0x14, 0xdc, 0x1c, 0xbb, 0x14, 0xdc, 0x1c, 0xbb, 0x14, 
0xdc, 0x1c, 0xbb, 0x14, 0xdc, 0x1c, 0xbb, 0x14, 0xdc, 0x1c, 0xbb, 0x14, 0xdc, 0x1c, 0xbb, 0x14, 
0xdc, 0x1c, 0xbb, 0x14, 0xdc, 0x1c, 0xbb, 0x14, 0xdc, 0x1c, 0xbb, 0x14, 0xdc, 0x1c, 0xbb, 0x14, 
0xdc, 0x1c, 0xbb, 0x14, 0xdc, 0x1c, 0xbb, 0x14, 0xdc, 0x1c, 0xbb, 0x14, 0xdc, 0x1c, 0xbb, 0x14, 
0x7e, 0x96, 0xff, 0xff, 0xff, 0xff, 0xff, 0xff, 0xff, 0xff, 0xff, 0xff, 0xff, 0xff, 0xff, 0xff, 
0xff, 0xff, 0xff, 0xff, 0xff, 0xff, 0xff, 0xff, 0xff, 0xff, 0xff, 0xff, 0xff, 0xff, 0xff, 0xff, 
0xff, 0xff, 0xff, 0xff, 0xff, 0xff, 0xff, 0xff, 0xff, 0xff, 0xff, 0xff, 0xff, 0xff, 0xff, 0xff, 
0xff, 0xff, 0xff, 0xff, 0xff, 0xff, 0xff, 0xff, 0xff, 0xff, 0xff, 0xff, 0xff, 0xff, 0xff, 0xff, 
0xff, 0xff, 0xff, 0xff, 0xff, 0xff, 0xff, 0xff, 0xff, 0xff, 0xff, 0xff, 0xff, 0xff, 0xff, 0xff, 
0xff, 0xff, 0xff, 0xff, 0xff, 0xff, 0xff, 0xff, 0xff, 0xff, 0xff, 0xff, 0xff, 0xff, 0xff, 0xff, 
0xff, 0xff, 0xff, 0xff, 0xff, 0xff, 0xff, 0xff, 0xff, 0xff, 0xff, 0xff, 0xff, 0xff, 0xff, 0xff, 
0xff, 0xff, 0xff, 0xff, 0xff, 0xff, 0xff, 0xff, 0xff, 0xff, 0xff, 0xff, 0xff, 0xff, 0xff, 0xff, 
0xff, 0xff, 0xff, 0xff, 0xff, 0xff, 0xff, 0xff, 0x3e, 0xc7, 0x9c, 0x55, 0xbb, 0x14, 0xdb, 0x14, 
0xbb, 0x14, 0xdc, 0x14, 0xbb, 0x14, 0xdb, 0x14, 0xbb, 0x14, 0xdc, 0x14, 0xbb, 0x14, 0xdb, 0x14, 
0xbb, 0x14, 0xdc, 0x14, 0xbb, 0x14, 0xdb, 0x14, 0xbb, 0x14, 0xdc, 0x14, 0xbb, 0x14, 0xdb, 0x14, 
0xbb, 0x14, 0xdc, 0x14, 0xbb, 0x14, 0xdb, 0x14, 0xbb, 0x14, 0xdc, 0x14, 0xbb, 0x14, 0xdb, 0x14, 
0xbb, 0x14, 0xdc, 0x14, 0xbb, 0x14, 0x5e, 0xcf, 0xff, 0xff, 0xff, 0xff, 0xff, 0xff, 0xff, 0xff, 
0xff, 0xff, 0xff, 0xff, 0xff, 0xff, 0xff, 0xff, 0xff, 0xff, 0xff, 0xff, 0xff, 0xff, 0xff, 0xff, 
0xff, 0xff, 0xff, 0xff, 0xff, 0xff, 0xff, 0xff, 0xff, 0xff, 0xff, 0xff, 0xff, 0xff, 0xff, 0xff, 
0xff, 0xff, 0xff, 0xff, 0xff, 0xff, 0xff, 0xff, 0xff, 0xff, 0xff, 0xff, 0xff, 0xff, 0xff, 0xff, 
0xff, 0xff, 0xff, 0xff, 0xff, 0xff, 0xff, 0xff, 0xff, 0xff, 0xff, 0xff, 0xff, 0xff, 0xff, 0xff, 
0xff, 0xff, 0xff, 0xff, 0xff, 0xff, 0xff, 0xff, 0xff, 0xff, 0xff, 0xff, 0xff, 0xff, 0xff, 0xff, 
0xff, 0xff, 0xff, 0xff, 0xff, 0xff, 0xff, 0xff, 0xff, 0xff, 0xff, 0xff, 0xff, 0xff, 0xff, 0xff, 
0xff, 0xff, 0xff, 0xff, 0xff, 0xff, 0xff, 0xff, 0xff, 0xff, 0xff, 0xff, 0xff, 0xff, 0xff, 0xff, 
0xff, 0xff, 0xff, 0xff, 0xff, 0xff, 0xff, 0xff, 0xff, 0xff, 0xff, 0xff, 0xff, 0xff, 0xff, 0xff, 
0xff, 0xff, 0xff, 0xff, 0xff, 0xff, 0xdf, 0xf7, 0x3d, 0x86, 0xbb, 0x14, 0xdc, 0x1c, 0xbb, 0x14, 
0xdc, 0x1c, 0xbb, 0x14, 0xdc, 0x1c, 0xbb, 0x14, 0xdc, 0x1c, 0xbb, 0x14, 0xdc, 0x1c, 0xbb, 0x14, 
0xdc, 0x1c, 0xbb, 0x14, 0xdc, 0x1c, 0xbb, 0x14, 0xdc, 0x1c, 0xbb, 0x14, 0xdc, 0x1c, 0xbb, 0x14, 
0xdc, 0x1c, 0xbb, 0x14, 0xdc, 0x1c, 0xbb, 0x14, 0xdc, 0x1c, 0x9d, 0x9e, 0xff, 0xff, 0xff, 0xff, 
0xff, 0xff, 0xff, 0xff, 0xff, 0xff, 0xff, 0xff, 0xff, 0xff, 0xff, 0xff, 0xff, 0xff, 0xff, 0xff, 
0xff, 0xff, 0xff, 0xff, 0xff, 0xff, 0xff, 0xff, 0xff, 0xff, 0xff, 0xff, 0xff, 0xff, 0xff, 0xff, 
0xff, 0xff, 0xff, 0xff, 0xff, 0xff, 0xff, 0xff, 0xff, 0xff, 0xff, 0xff, 0xff, 0xff, 0xff, 0xff, 
0xff, 0xff, 0xff, 0xff, 0xff, 0xff, 0xff, 0xff, 0xff, 0xff, 0xff, 0xff, 0xff, 0xff, 0xff, 0xff, 
0xff, 0xff, 0xff, 0xff, 0xff, 0xff, 0xff, 0xff, 0xff, 0xff, 0xff, 0xff, 0xff, 0xff, 0xff, 0xff, 
0xff, 0xff, 0xff, 0xff, 0xff, 0xff, 0xff, 0xff, 0xff, 0xff, 0xff, 0xff, 0xff, 0xff, 0xff, 0xff, 
0xff, 0xff, 0xff, 0xff, 0xff, 0xff, 0xff, 0xff, 0xff, 0xff, 0xff, 0xff, 0xff, 0xff, 0xff, 0xff, 
0xff, 0xff, 0xff, 0xff, 0xff, 0xff, 0xff, 0xff, 0xff, 0xff, 0xff, 0xff, 0xff, 0xff, 0xff, 0xff, 
0xff, 0xff, 0xff, 0xff, 0xff, 0xff, 0xff, 0xff, 0xff, 0xff, 0xff, 0xff, 0xff, 0xff, 0xff, 0xff, 
0xff, 0xff, 0xff, 0xff, 0xdf, 0xff, 0xdf, 0xf7, 0x7d, 0x8e, 0x1c, 0x35, 0xbb, 0x14, 0xdc, 0x14, 
0xbb, 0x14, 0xdb, 0x14, 0xbb, 0x14, 0xdc, 0x14, 0xbb, 0x14, 0xdb, 0x14, 0xbb, 0x14, 0xdc, 0x14, 
0xbb, 0x14, 0xdb, 0x14, 0xbb, 0x14, 0xdc, 0x14, 0xbb, 0x14, 0xdb, 0x14, 0x3b, 0x35, 0xfe, 0xb6, 
0xff, 0xff, 0xff, 0xff, 0xff, 0xff, 0xff, 0xff, 0xff, 0xff, 0xff, 0xff, 0xff, 0xff, 0xff, 0xff, 
0xff, 0xff, 0xff, 0xff, 0xff, 0xff, 0xff, 0xff, 0xff, 0xff, 0xff, 0xff, 0xff, 0xff, 0xff, 0xff, 
0xff, 0xff, 0xff, 0xff, 0xff, 0xff, 0xff, 0xff, 0xff, 0xff, 0xff, 0xff, 0xff, 0xff, 0xff, 0xff, 
0xff, 0xff, 0xff, 0xff, 0xff, 0xff, 0xff, 0xff, 0xff, 0xff, 0xff, 0xff, 0xff, 0xff, 0xff, 0xff, 
0xff, 0xff, 0xff, 0xff, 0xff, 0xff, 0xff, 0xff, 0xff, 0xff, 0xff, 0xff, 0xff, 0xff, 0xff, 0xff, 
0xff, 0xff, 0xff, 0xff, 0xff, 0xff, 0xff, 0xff, 0xff, 0xff, 0xff, 0xff, 0xff, 0xff, 0xff, 0xff, 
0xff, 0xff, 0xff, 0xff, 0xff, 0xff, 0xff, 0xff, 0xff, 0xff, 0xff, 0xff, 0xff, 0xff, 0xff, 0xff, 
0xff, 0xff, 0xff, 0xff, 0xff, 0xff, 0xff, 0xff, 0xff, 0xff, 0xff, 0xff, 0xff, 0xff, 0xff, 0xff, 
0xff, 0xff, 0xff, 0xff, 0xff, 0xff, 0xff, 0xff, 0xff, 0xff, 0xff, 0xff, 0xff, 0xff, 0xff, 0xff, 
0xff, 0xff, 0xff, 0xff, 0xff, 0xff, 0xff, 0xff, 0xff, 0xff, 0xff, 0xff, 0xff, 0xff, 0xff, 0xff, 
0xff, 0xff, 0xff, 0xff, 0xff, 0xff, 0xff, 0xff, 0xff, 0xff, 0xbe, 0xe7, 0xfe, 0xbe, 0x3d, 0x86, 
0x9d, 0x55, 0x9c, 0x4d, 0x9d, 0x55, 0x9c, 0x4d, 0x9d, 0x55, 0xdc, 0x5d, 0x9e, 0x96, 0x3e, 0xc7, 
0xff, 0xf7, 0xff, 0xff, 0xff, 0xff, 0xff, 0xff, 0xff, 0xff, 0xff, 0xff, 0xff, 0xff, 0xff, 0xff, 
0xff, 0xff, 0xff, 0xff, 0xff, 0xff, 0xff, 0xff, 0xff, 0xff, 0xff, 0xff, 0xff, 0xff, 0xff, 0xff, 
0xff, 0xff, 0xff, 0xff, 0xff, 0xff, 0xff, 0xff, 0xff, 0xff, 0xff, 0xff, 0xff, 0xff, 0xff, 0xff, 
0xff, 0xff, 0xff, 0xff, 0xff, 0xff, 0xff, 0xff, 0xff, 0xff, 0xff, 0xff, 0xff, 0xff, 0xff, 0xff, 
0xff, 0xff, 0xff, 0xff, 0xff, 0xff, 0xff, 0xff, 0xff, 0xff, 0xff, 0xff, 0xff, 0xff, 0xff, 0xff, 
0xff, 0xff, 0xff, 0xff, 0xff, 0xff, 0xff, 0xff, 0xff, 0xff, 0xff, 0xff, 0xff, 0xff, 0xff, 0xff, 
0xff, 0xff, 0xff, 0xff, 0xff, 0xff, 0xff, 0xff, 0xff, 0xff, 0xff, 0xff, 0xff, 0xff, 0xff, 0xff, 
0xff, 0xff, 0xff, 0xff, 0xff, 0xff, 0xff, 0xff, 0xff, 0xff, 0xff, 0xff, 0xff, 0xff, 0xff, 0xff, 
0xff, 0xff, 0xff, 0xff, 0xff, 0xff, 0xff, 0xff, 0xff, 0xff, 0xff, 0xff, 0xff, 0xff, 0xff, 0xff, 
0xff, 0xff, 0xff, 0xff, 0xff, 0xff, 0xff, 0xff, 0xff, 0xff, 0xff, 0xff, 0xff, 0xff, 0xff, 0xff, 
0xff, 0xff, 0xff, 0xff, 0xff, 0xff, 0xff, 0xff, 0xff, 0xff, 0xff, 0xff, 0xff, 0xff, 0xff, 0xff, 
0xff, 0xff, 0xff, 0xff, 0xff, 0xff, 0xff, 0xff, 0xff, 0xff, 0xff, 0xff, 0xff, 0xff, 0xff, 0xff, 
0xff, 0xff, 0xff, 0xff, 0xff, 0xff, 0xff, 0xff, 0xff, 0xff, 0xff, 0xff, 0xff, 0xff, 0xff, 0xff, 
0xff, 0xff, 0xff, 0xff, 0xff, 0xff, 0xff, 0xff, 0xff, 0xff, 0xff, 0xff, 0xff, 0xff, 0xff, 0xff, 
0xff, 0xff, 0xff, 0xff, 0xff, 0xff, 0xff, 0xff, 0xff, 0xff, 0xff, 0xff, 0xff, 0xff, 0xff, 0xff, 
0xff, 0xff, 0xff, 0xff, 0xff, 0xff, 0xff, 0xff, 0xff, 0xff, 0xff, 0xff, 0xff, 0xff, 0xff, 0xff, 
0xff, 0xff, 0xff, 0xff, 0xff, 0xff, 0xff, 0xff, 0xff, 0xff, 0xff, 0xff, 0xff, 0xff, 0xff, 0xff, 
0xff, 0xff, 0xff, 0xff, 0xff, 0xff, 0xff, 0xff, 0xff, 0xff, 0xff, 0xff, 0xff, 0xff, 0xff, 0xff, 
0xff, 0xff, 0xff, 0xff, 0xff, 0xff, 0xff, 0xff, 0xff, 0xff, 0xff, 0xff, 0xff, 0xff, 0xff, 0xff, 
0xff, 0xff, 0xff, 0xff, 0xff, 0xff, 0xff, 0xff, 0xff, 0xff, 0xff, 0xff, 0xff, 0xff, 0xff, 0xff, 
0xff, 0xff, 0xff, 0xff, 0xff, 0xff, 0xff, 0xff, 0xff, 0xff, 0xff, 0xff, 0xff, 0xff, 0xff, 0xff, 
0xff, 0xff, 0xff, 0xff, 0xff, 0xff, 0xff, 0xff, 0xff, 0xff, 0xff, 0xff, 0xff, 0xff, 0xff, 0xff, 
0xff, 0xff, 0xff, 0xff, 0xff, 0xff, 0xff, 0xff, 0xff, 0xff, 0xff, 0xff, 0xff, 0xff, 0xff, 0xff, 
0xff, 0xff, 0xff, 0xff, 0xff, 0xff, 0xff, 0xff, 0xff, 0xff, 0xff, 0xff, 0xff, 0xff, 0xff, 0xff, 
0xff, 0xff, 0xff, 0xff, 0xff, 0xff, 0xff, 0xff, 0xff, 0xff, 0xff, 0xff, 0xff, 0xff, 0xff, 0xff, 
0xff, 0xff, 0xff, 0xff, 0xff, 0xff, 0xff, 0xff, 0xff, 0xff, 0xff, 0xff, 0xff, 0xff, 0xff, 0xff, 
0xff, 0xff, 0xff, 0xff, 0xff, 0xff, 0xff, 0xff, 0xff, 0xff, 0xff, 0xff, 0xff, 0xff, 0xff, 0xff, 
0xff, 0xff, 0xff, 0xff, 0xff, 0xff, 0xff, 0xff, 0xff, 0xff, 0xff, 0xff, 0xff, 0xff, 0xff, 0xff, 
0xff, 0xff, 0xff, 0xff, 0xff, 0xff, 0xff, 0xff, 0xff, 0xff, 0xff, 0xff, 0xff, 0xff, 0xff, 0xff, 
0xff, 0xff, 0xff, 0xff, 0xff, 0xff, 0xff, 0xff, 0xff, 0xff, 0xff, 0xff, 0xff, 0xff, 0xff, 0xff, 
0xff, 0xff, 0xff, 0xff, 0xff, 0xff, 0xff, 0xff, 0xff, 0xff, 0xff, 0xff, 0xff, 0xff, 0xff, 0xff, 
0xff, 0xff, 0xff, 0xff, 0xff, 0xff, 0xff, 0xff, 0xff, 0xff, 0xff, 0xff, 0xff, 0xff, 0xff, 0xff, 
0xff, 0xff, 0xff, 0xff, 0xff, 0xff, 0xff, 0xff, 0xff, 0xff, 0xff, 0xff, 0xff, 0xff, 0xff, 0xff, 
0xff, 0xff, 0xff, 0xff, 0xff, 0xff, 0xff, 0xff, 0xff, 0xff, 0xff, 0xff, 0xff, 0xff, 0xff, 0xff, 
0xff, 0xff, 0xff, 0xff, 0xff, 0xff, 0xff, 0xff, 0xff, 0xff, 0xff, 0xff, 0xff, 0xff, 0xff, 0xff, 
0xff, 0xff, 0xff, 0xff, 0xff, 0xff, 0xff, 0xff, 0xff, 0xff, 0xff, 0xff, 0xff, 0xff, 0xff, 0xff, 
0xff, 0xff, 0xff, 0xff, 0xff, 0xff, 0xff, 0xff, 0xff, 0xff, 0xff, 0xff, 0xff, 0xff, 0xff, 0xff, 
0xff, 0xff, 0xff, 0xff, 0xff, 0xff, 0xff, 0xff, 0xff, 0xff, 0xff, 0xff, 0xff, 0xff, 0xff, 0xff, 
0xff, 0xff, 0xff, 0xff, 0xff, 0xff, 0xff, 0xff, 0xff, 0xff, 0xff, 0xff, 0xff, 0xff, 0xff, 0xff, 
0xff, 0xff, 0xff, 0xff, 0xff, 0xff, 0xff, 0xff, 0xff, 0xff, 0xff, 0xff, 0xff, 0xff, 0xff, 0xff, 
0xff, 0xff, 0xff, 0xff, 0xff, 0xff, 0xff, 0xff, 0xff, 0xff, 0xff, 0xff, 0xff, 0xff, 0xff, 0xff, 
0xff, 0xff, 0xff, 0xff, 0xff, 0xff, 0xff, 0xff, 0xff, 0xff, 0xff, 0xff, 0xff, 0xff, 0xff, 0xff, 
0xff, 0xff, 0xff, 0xff, 0xff, 0xff, 0xff, 0xff, 0xff, 0xff, 0xff, 0xff, 0xff, 0xff, 0xff, 0xff, 
0xff, 0xff, 0xff, 0xff, 0xff, 0xff, 0xff, 0xff, 0xff, 0xff, 0xff, 0xff, 0xff, 0xff, 0xff, 0xff, 
0xff, 0xff, 0xff, 0xff, 0xff, 0xff, 0xff, 0xff, 0xff, 0xff, 0xff, 0xff, 0xff, 0xff, 0xff, 0xff, 
0xff, 0xff, 0xff, 0xff, 0xff, 0xff, 0xff, 0xff, 0xff, 0xff, 0xff, 0xff, 0xff, 0xff, 0xff, 0xff, 
0xff, 0xff, 0xff, 0xff, 0xff, 0xff, 0xff, 0xff, 0xff, 0xff, 0xff, 0xff, 0xff, 0xff, 0xff, 0xff, 
0xff, 0xff, 0xff, 0xff, 0xff, 0xff, 0xff, 0xff, 0xff, 0xff, 0xff, 0xff, 0xff, 0xff, 0xff, 0xff, 
0xff, 0xff, 0xff, 0xff, 0xff, 0xff, 0xff, 0xff, 0xff, 0xff, 0xff, 0xff, 0xff, 0xff, 0xff, 0xff, 
0xff, 0xff, 0xff, 0xff, 0xff, 0xff, 0xff, 0xff, 0xff, 0xff, 0xff, 0xff, 0xff, 0xff, 0xff, 0xff, 
0xff, 0xff, 0xff, 0xff, 0xff, 0xff, 0xff, 0xff, 0xff, 0xff, 0xff, 0xff, 0xff, 0xff, 0xff, 0xff, 
0xff, 0xff, 0xff, 0xff, 0xff, 0xff, 0xff, 0xff, 0xff, 0xff, 0xff, 0xff, 0xff, 0xff, 0xff, 0xff, 
0xff, 0xff, 0xff, 0xff, 0xff, 0xff, 0xff, 0xff, 0xff, 0xff, 0xff, 0xff, 0xff, 0xff, 0xff, 0xff, 
0xff, 0xff, 0xff, 0xff, 0xff, 0xff, 0xff, 0xff, 0xff, 0xff, 0xff, 0xff, 0xff, 0xff, 0xff, 0xff, 
0xff, 0xff, 0xff, 0xff, 0xff, 0xff, 0xff, 0xff, 0xff, 0xff, 0xff, 0xff, 0xff, 0xff, 0xff, 0xff, 
0xff, 0xff, 0xff, 0xff, 0xff, 0xff, 0xff, 0xff, 0xff, 0xff, 0xff, 0xff, 0xff, 0xff, 0xff, 0xff, 
0xff, 0xff, 0xff, 0xff, 0xff, 0xff, 0xff, 0xff, 0xff, 0xff, 0xff, 0xff, 0xff, 0xff, 0xff, 0xff, 
0xff, 0xff, 0xff, 0xff, 0xff, 0xff, 0xff, 0xff, 0xff, 0xff, 0xff, 0xff, 0xff, 0xff, 0xff, 0xff, 
0xff, 0xff, 0xff, 0xff, 0xff, 0xff, 0xff, 0xff, 0xff, 0xff, 0xff, 0xff, 0xff, 0xff, 0xff, 0xff, 
0xff, 0xff, 0xff, 0xff, 0xff, 0xff, 0xff, 0xff, 0xff, 0xff, 0xff, 0xff, 0xff, 0xff, 0xff, 0xff, 
0xff, 0xff, 0xff, 0xff, 0xff, 0xff, 0xff, 0xff, 0xff, 0xff, 0xff, 0xff, 0xff, 0xff, 0xff, 0xff, 
0xff, 0xff, 0xff, 0xff, 0xff, 0xff, 0xff, 0xff, 0xff, 0xff, 0xff, 0xff, 0xff, 0xff, 0xff, 0xff, 
0xff, 0xff, 0xff, 0xff, 0xff, 0xff, 0xff, 0xff, 0xff, 0xff, 0xff, 0xff, 0xff, 0xff, 0xff, 0xff, 
0xff, 0xff, 0xff, 0xff, 0xff, 0xff, 0xff, 0xff, 0xff, 0xff, 0xff, 0xff, 0xff, 0xff, 0xff, 0xff, 
0xff, 0xff, 0xff, 0xff, 0xff, 0xff, 0xff, 0xff, 0xff, 0xff, 0xff, 0xff, 0xff, 0xff, 0xff, 0xff, 
0xff, 0xff, 0xff, 0xff, 0xff, 0xff, 0xff, 0xff, 0xff, 0xff, 0xff, 0xff, 0xff, 0xff, 0xff, 0xff, 
0xff, 0xff, 0xff, 0xff, 0xff, 0xff, 0xff, 0xff, 0xff, 0xff, 0xff, 0xff, 0xff, 0xff, 0xff, 0xff, 
0xff, 0xff, 0xff, 0xff, 0xff, 0xff, 0xff, 0xff, 0xff, 0xff, 0xff, 0xff, 0xff, 0xff, 0xff, 0xff, 
0xff, 0xff, 0xff, 0xff, 0xff, 0xff, 0xff, 0xff, 0xff, 0xff, 0xff, 0xff, 0xff, 0xff, 0xff, 0xff, 
0xff, 0xff, 0xff, 0xff, 0xff, 0xff, 0xff, 0xff, 0xff, 0xff, 0xff, 0xff, 0xff, 0xff, 0xff, 0xff, 
0xff, 0xff, 0xff, 0xff, 0xff, 0xff, 0xff, 0xff, 0xff, 0xff, 0xff, 0xff, 0xff, 0xff, 0xff, 0xff, 
0xff, 0xff, 0xff, 0xff, 0xff, 0xff, 0xff, 0xff, 0xff, 0xff, 0xff, 0xff, 0xff, 0xff, 0xff, 0xff, 
0xff, 0xff, 0xff, 0xff, 0xff, 0xff, 0xff, 0xff, 0xff, 0xff, 0xff, 0xff, 0xff, 0xff, 0xff, 0xff, 
0xff, 0xff, 0xff, 0xff, 0xff, 0xff, 0xff, 0xff, 0xff, 0xff, 0xff, 0xff, 0xff, 0xff, 0xff, 0xff, 
0xff, 0xff, 0xff, 0xff, 0xff, 0xff, 0xff, 0xff, 0xff, 0xff, 0xff, 0xff, 0xff, 0xff, 0xff, 0xff, 
0xff, 0xff, 0xff, 0xff, 0xff, 0xff, 0xff, 0xff, 0xff, 0xff, 0xff, 0xff, 0xff, 0xff, 0xff, 0xff, 
0xff, 0xff, 0xff, 0xff, 0xff, 0xff, 0xff, 0xff, 0xff, 0xff, 0xff, 0xff, 0xff, 0xff, 0xff, 0xff, 
0xff, 0xff, 0xff, 0xff, 0xff, 0xff, 0xff, 0xff, 0xff, 0xff, 0xff, 0xff, 0xff, 0xff, 0xff, 0xff, 
0xff, 0xff, 0xff, 0xff, 0xff, 0xff, 0xff, 0xff, 0xff, 0xff, 0xff, 0xff, 0xff, 0xff, 0xff, 0xff, 
0xff, 0xff, 0xff, 0xff, 0xff, 0xff, 0xff, 0xff, 0xff, 0xff, 0xff, 0xff, 0xff, 0xff, 0xff, 0xff, 
0xff, 0xff, 0xff, 0xff, 0xff, 0xff, 0xff, 0xff, 0xff, 0xff, 0xff, 0xff, 0xff, 0xff, 0xff, 0xff, 
0xff, 0xff, 0xff, 0xff, 0xff, 0xff, 0xff, 0xff, 0xff, 0xff, 0xff, 0xff, 0xff, 0xff, 0xff, 0xff, 
0xff, 0xff, 0xff, 0xff, 0xff, 0xff, 0xff, 0xff, 0xff, 0xff, 0xff, 0xff, 0xff, 0xff, 0xff, 0xff, 
0xff, 0xff, 0xff, 0xff, 0xff, 0xff, 0xff, 0xff, 0xff, 0xff, 0xff, 0xff, 0xff, 0xff, 0xff, 0xff, 
0xff, 0xff, 0xff, 0xff, 0xff, 0xff, 0xff, 0xff, 0xff, 0xff, 0xff, 0xff, 0xff, 0xff, 0xff, 0xff, 
0xff, 0xff, 0xff, 0xff, 0xff, 0xff, 0xff, 0xff, 0xff, 0xff, 0xff, 0xff, 0xff, 0xff, 0xff, 0xff, 
0xff, 0xff, 0xff, 0xff, 0xff, 0xff, 0xff, 0xff, 0xff, 0xff, 0xff, 0xff, 0xff, 0xff, 0xff, 0xff, 
0xff, 0xff, 0xff, 0xff, 0xff, 0xff, 0xff, 0xff, 0xff, 0xff, 0xff, 0xff, 0xff, 0xff, 0xff, 0xff, 
0xff, 0xff, 0xff, 0xff, 0xff, 0xff, 0xff, 0xff, 0xff, 0xff, 0xff, 0xff, 0xff, 0xff, 0xff, 0xff, 
0xff, 0xff, 0xff, 0xff, 0xff, 0xff, 0xff, 0xff, 0xff, 0xff, 0xff, 0xff, 0xff, 0xff, 0xff, 0xff, 
0xff, 0xff, 0xff, 0xff, 0xff, 0xff, 0xff, 0xff, 0xff, 0xff, 0xff, 0xff, 0xff, 0xff, 0xff, 0xff, 
0xff, 0xff, 0xff, 0xff, 0xff, 0xff, 0xff, 0xff, 0xff, 0xff, 0xff, 0xff, 0xff, 0xff, 0xff, 0xff, 
0xff, 0xff, 0xff, 0xff, 0xff, 0xff, 0xff, 0xff, 0xff, 0xff, 0xff, 0xff, 0xff, 0xff, 0xff, 0xff, 
0xff, 0xff, 0xff, 0xff, 0xff, 0xff, 0xff, 0xff, 0xff, 0xff, 0xff, 0xff, 0xff, 0xff, 0xff, 0xff, 
0xff, 0xff, 0xff, 0xff, 0xff, 0xff, 0xff, 0xff, 0xff, 0xff, 0xff, 0xff, 0xff, 0xff, 0xff, 0xff, 
0xff, 0xff, 0xff, 0xff, 0xff, 0xff, 0xff, 0xff, 0xff, 0xff, 0xff, 0xff, 0xff, 0xff, 0xff, 0xff, 
0xff, 0xff, 0xff, 0xff, 0xff, 0xff, 0xff, 0xff, 0xff, 0xff, 0xff, 0xff, 0xff, 0xff, 0xff, 0xff, 
0xff, 0xff, 0xff, 0xff, 0xff, 0xff, 0xff, 0xff, 0xff, 0xff, 0xff, 0xff, 0xff, 0xff, 0xff, 0xff, 
0xff, 0xff, 0xff, 0xff, 0xff, 0xff, 0xff, 0xff, 0xff, 0xff, 0xff, 0xff, 0xff, 0xff, 0xff, 0xff, 
0xff, 0xff, 0xff, 0xff, 0xff, 0xff, 0xff, 0xff, 0xff, 0xff, 0xff, 0xff, 0xff, 0xff, 0xff, 0xff, 
0xff, 0xff, 0xff, 0xff, 0xff, 0xff, 0xff, 0xff, 0xff, 0xff, 0xff, 0xff, 0xff, 0xff, 0xff, 0xff, 
0xff, 0xff, 0xff, 0xff, 0xff, 0xff, 0xff, 0xff, 0xff, 0xff, 0xff, 0xff, 0xff, 0xff, 0xff, 0xff, 
0xff, 0xff, 0xff, 0xff, 0xff, 0xff, 0xff, 0xff, 0xff, 0xff, 0xff, 0xff, 0xff, 0xff, 0xff, 0xff, 
0xff, 0xff, 0xff, 0xff, 0xff, 0xff, 0xff, 0xff, 0xff, 0xff, 0xff, 0xff, 0xff, 0xff, 0xff, 0xff, 
0xff, 0xff, 0xff, 0xff, 0xff, 0xff, 0xff, 0xff, 0xff, 0xff, 0xff, 0xff, 0xff, 0xff, 0xff, 0xff, 
0xff, 0xff, 0xff, 0xff, 0xff, 0xff, 0xff, 0xff, 0xff, 0xff, 0xff, 0xff, 0xff, 0xff, 0xff, 0xff, 
0xff, 0xff, 0xff, 0xff, 0xff, 0xff, 0xff, 0xff, 0xff, 0xff, 0xff, 0xff, 0xff, 0xff, 0xff, 0xff, 
0xff, 0xff, 0xff, 0xff, 0xff, 0xff, 0xff, 0xff, 0xff, 0xff, 0xff, 0xff, 0xff, 0xff, 0xff, 0xff, 
0xff, 0xff, 0xff, 0xff, 0xff, 0xff, 0xff, 0xff, 0xff, 0xff, 0xff, 0xff, 0xff, 0xff, 0xff, 0xff, 
0xff, 0xff, 0xff, 0xff, 0xff, 0xff, 0xff, 0xff, 0xff, 0xff, 0xff, 0xff, 0xff, 0xff, 0xff, 0xff, 
0xff, 0xff, 0xff, 0xff, 0xff, 0xff, 0xff, 0xff, 0xff, 0xff, 0xff, 0xff, 0xff, 0xff, 0xff, 0xff, 
0xff, 0xff, 0xff, 0xff, 0xff, 0xff, 0xff, 0xff, 0xff, 0xff, 0xff, 0xff, 0xff, 0xff, 0xff, 0xff, 
0xff, 0xff, 0xff, 0xff, 0xff, 0xff, 0xff, 0xff, 0xff, 0xff, 0xff, 0xff, 0xff, 0xff, 0xff, 0xff, 
0xff, 0xff, 0xff, 0xff, 0xff, 0xff, 0xff, 0xff, 0xff, 0xff, 0xff, 0xff, 0xff, 0xff, 0xff, 0xff, 
0xff, 0xff, 0xff, 0xff, 0xff, 0xff, 0xff, 0xff, 0xff, 0xff, 0xff, 0xff, 0xff, 0xff, 0xff, 0xff, 
0xff, 0xff, 0xff, 0xff, 0xff, 0xff, 0xff, 0xff, 0xff, 0xff, 0xff, 0xff, 0xff, 0xff, 0xff, 0xff, 
0xff, 0xff, 0xff, 0xff, 0xff, 0xff, 0xff, 0xff, 0xff, 0xff, 0xff, 0xff, 0xff, 0xff, 0xff, 0xff, 
0xff, 0xff, 0xff, 0xff, 0xff, 0xff, 0xff, 0xff, 0xff, 0xff, 0xff, 0xff, 0xff, 0xff, 0xff, 0xff, 
0xff, 0xff, 0xff, 0xff, 0xff, 0xff, 0xff, 0xff, 0xff, 0xff, 0xff, 0xff, 0xff, 0xff, 0xff, 0xff, 
0xff, 0xff, 0xff, 0xff, 0xff, 0xff, 0xff, 0xff, 0xff, 0xff, 0xff, 0xff, 0xff, 0xff, 0xff, 0xff, 
0xff, 0xff, 0xff, 0xff, 0xff, 0xff, 0xff, 0xff, 0xff, 0xff, 0xff, 0xff, 0xff, 0xff, 0xff, 0xff, 
0xff, 0xff, 0xff, 0xff, 0xff, 0xff, 0xff, 0xff, 0xff, 0xff, 0xff, 0xff, 0xff, 0xff, 0xff, 0xff, 
0xff, 0xff, 0xff, 0xff, 0xff, 0xff, 0xff, 0xff, 0xff, 0xff, 0xff, 0xff, 0xff, 0xff, 0xff, 0xff, 
0xff, 0xff, 0xff, 0xff, 0xff, 0xff, 0xff, 0xff, 0xff, 0xff, 0xff, 0xff, 0xff, 0xff, 0xff, 0xff, 
0xff, 0xff, 0xff, 0xff, 0xff, 0xff, 0xff, 0xff, 0xff, 0xff, 0xff, 0xff, 0xff, 0xff, 0xff, 0xff, 
0xff, 0xff, 0xff, 0xff, 0xff, 0xff, 0xff, 0xff, 0xff, 0xff, 0xff, 0xff, 0xff, 0xff, 0xff, 0xff, 
0xff, 0xff, 0xff, 0xff, 0xff, 0xff, 0xff, 0xff, 0xff, 0xff, 0xff, 0xff, 0xff, 0xff, 0xff, 0xff, 
0xff, 0xff, 0xff, 0xff, 0xff, 0xff, 0xff, 0xff, 0xff, 0xff, 0xff, 0xff, 0xff, 0xff, 0xff, 0xff, 
};

const lv_img_dsc_t image_phone = {
  .header.cf = LV_IMG_CF_TRUE_COLOR,
  .header.always_zero = 0,
  .header.reserved = 0,
  .header.w = 100,
  .header.h = 100,
  .data_size = sizeof(img_phone_map),
  .data = img_phone_map,
};
