// 当前导出的C代码适配LVGL8
// 像素点格式：RGB565 
#ifdef __has_include
    #if __has_include("lvgl.h")
        #ifndef LV_LVGL_H_INCLUDE_SIMPLE
            #define LV_LVGL_H_INCLUDE_SIMPLE
        #endif
    #endif
#endif

#if defined(LV_LVGL_H_INCLUDE_SIMPLE)
    #include "lvgl.h"
#else
    #include "lvgl/lvgl.h"
#endif

#ifndef LV_ATTRIBUTE_MEM_ALIGN
#define LV_ATTRIBUTE_MEM_ALIGN
#endif

#ifndef LV_ATTRIBUTE_IMG_STANDBY
#define LV_ATTRIBUTE_IMG_STANDBY
#endif

const LV_ATTRIBUTE_MEM_ALIGN LV_ATTRIBUTE_LARGE_CONST LV_ATTRIBUTE_IMG_STANDBY uint8_t img_standby_map[ ] = {
0xff, 0xff, 0xff, 0xff, 0xff, 0xff, 0xff, 0xff, 0xff, 0xff, 0xff, 0xff, 0xff, 0xff, 0xff, 0xff, 
0xff, 0xff, 0xff, 0xff, 0xff, 0xff, 0xff, 0xff, 0xff, 0xff, 0xff, 0xff, 0xff, 0xff, 0xff, 0xff, 
0xff, 0xff, 0xff, 0xff, 0xff, 0xff, 0xff, 0xff, 0xff, 0xff, 0xff, 0xff, 0xff, 0xff, 0xff, 0xff, 
0xff, 0xff, 0xff, 0xff, 0xff, 0xff, 0xff, 0xff, 0xff, 0xff, 0xff, 0xff, 0xff, 0xff, 0xff, 0xff, 
0xff, 0xff, 0xff, 0xff, 0xff, 0xff, 0xff, 0xff, 0xff, 0xff, 0xff, 0xff, 0xff, 0xff, 0xff, 0xff, 
0xff, 0xff, 0xff, 0xff, 0xdf, 0xff, 0x9c, 0xcf, 0x1a, 0x9f, 0xd8, 0x7e, 0x76, 0x5e, 0x55, 0x3e, 
0xf3, 0x15, 0xf2, 0x0d, 0x13, 0x26, 0x55, 0x46, 0x76, 0x56, 0xb8, 0x76, 0x3a, 0xa7, 0xff, 0xf7, 
0xff, 0xff, 0xff, 0xff, 0xff, 0xff, 0xff, 0xff, 0xff, 0xff, 0xff, 0xff, 0xff, 0xff, 0xff, 0xff, 
0xff, 0xff, 0xff, 0xff, 0xff, 0xff, 0xff, 0xff, 0xff, 0xff, 0xff, 0xff, 0xff, 0xff, 0xff, 0xff, 
0xff, 0xff, 0xff, 0xff, 0xff, 0xff, 0xff, 0xff, 0xff, 0xff, 0xff, 0xff, 0xff, 0xff, 0xff, 0xff, 
0xff, 0xff, 0xff, 0xff, 0xff, 0xff, 0xff, 0xff, 0xff, 0xff, 0xff, 0xff, 0xff, 0xff, 0xff, 0xff, 
0xff, 0xff, 0xff, 0xff, 0xff, 0xff, 0xff, 0xff, 0xff, 0xff, 0xff, 0xff, 0xff, 0xff, 0xff, 0xff, 
0xff, 0xff, 0xff, 0xff, 0xff, 0xff, 0xff, 0xff, 0xff, 0xff, 0xff, 0xff, 0xff, 0xff, 0xff, 0xff, 
0xff, 0xff, 0xff, 0xff, 0xff, 0xff, 0xff, 0xff, 0xff, 0xff, 0xff, 0xff, 0xff, 0xff, 0xff, 0xff, 
0xff, 0xff, 0xff, 0xff, 0xff, 0xff, 0xff, 0xff, 0xff, 0xff, 0xff, 0xff, 0xff, 0xff, 0xff, 0xff, 
0xff, 0xff, 0xff, 0xff, 0xff, 0xff, 0xff, 0xff, 0xff, 0xff, 0xff, 0xff, 0xff, 0xff, 0xff, 0xff, 
0xff, 0xff, 0xff, 0xff, 0xff, 0xff, 0xff, 0xff, 0xff, 0xff, 0xff, 0xff, 0xff, 0xff, 0xff, 0xff, 
0xff, 0xff, 0xbe, 0xe7, 0xb8, 0x6e, 0xf3, 0x1d, 0xd2, 0x05, 0xd2, 0x05, 0xd2, 0x05, 0xd2, 0x05, 
0xd2, 0x05, 0xd2, 0x05, 0xd2, 0x05, 0xd2, 0x05, 0xd2, 0x05, 0xd2, 0x05, 0xd2, 0x05, 0xd2, 0x05, 
0xd2, 0x05, 0xd2, 0x05, 0xd2, 0x05, 0xd2, 0x05, 0xd2, 0x05, 0xd2, 0x05, 0xd2, 0x05, 0x97, 0x5e, 
0x9d, 0xd7, 0xff, 0xff, 0xff, 0xff, 0xff, 0xff, 0xff, 0xff, 0xff, 0xff, 0xff, 0xff, 0xff, 0xff, 
0xff, 0xff, 0xff, 0xff, 0xff, 0xff, 0xff, 0xff, 0xff, 0xff, 0xff, 0xff, 0xff, 0xff, 0xff, 0xff, 
0xff, 0xff, 0xff, 0xff, 0xff, 0xff, 0xff, 0xff, 0xff, 0xff, 0xff, 0xff, 0xff, 0xff, 0xff, 0xff, 
0xff, 0xff, 0xff, 0xff, 0xff, 0xff, 0xff, 0xff, 0xff, 0xff, 0xff, 0xff, 0xff, 0xff, 0xff, 0xff, 
0xff, 0xff, 0xff, 0xff, 0xff, 0xff, 0xff, 0xff, 0xff, 0xff, 0xff, 0xff, 0xff, 0xff, 0xff, 0xff, 
0xff, 0xff, 0xff, 0xff, 0xff, 0xff, 0xff, 0xff, 0xff, 0xff, 0xff, 0xff, 0xff, 0xff, 0xff, 0xff, 
0xff, 0xff, 0xff, 0xff, 0xff, 0xff, 0xff, 0xff, 0xff, 0xff, 0xff, 0xff, 0xff, 0xff, 0xff, 0xff, 
0xff, 0xff, 0xff, 0xff, 0xff, 0xff, 0xff, 0xff, 0xff, 0xff, 0xff, 0xff, 0xff, 0xff, 0xff, 0xff, 
0xff, 0xff, 0xff, 0xff, 0xff, 0xff, 0xff, 0xff, 0xff, 0xff, 0xff, 0xff, 0xff, 0xff, 0xff, 0xff, 
0xff, 0xff, 0xff, 0xff, 0x19, 0x97, 0xf3, 0x1d, 0xd2, 0x05, 0xd2, 0x05, 0xd1, 0x05, 0xd2, 0x05, 
0xd2, 0x05, 0xd2, 0x05, 0xd1, 0x05, 0xd2, 0x05, 0xd2, 0x05, 0xd2, 0x05, 0xd1, 0x05, 0xd2, 0x05, 
0xd2, 0x05, 0xd2, 0x05, 0xd1, 0x05, 0xd2, 0x05, 0xd2, 0x05, 0xd2, 0x05, 0xd1, 0x05, 0xd2, 0x05, 
0xd2, 0x05, 0xd2, 0x05, 0xd1, 0x05, 0xd2, 0x05, 0xd2, 0x05, 0xd2, 0x05, 0xd1, 0x05, 0x76, 0x4e, 
0xbd, 0xe7, 0xff, 0xff, 0xff, 0xff, 0xff, 0xff, 0xff, 0xff, 0xff, 0xff, 0xff, 0xff, 0xff, 0xff, 
0xff, 0xff, 0xff, 0xff, 0xff, 0xff, 0xff, 0xff, 0xff, 0xff, 0xff, 0xff, 0xff, 0xff, 0xff, 0xff, 
0xff, 0xff, 0xff, 0xff, 0xff, 0xff, 0xff, 0xff, 0xff, 0xff, 0xff, 0xff, 0xff, 0xff, 0xff, 0xff, 
0xff, 0xff, 0xff, 0xff, 0xff, 0xff, 0xff, 0xff, 0xff, 0xff, 0xff, 0xff, 0xff, 0xff, 0xff, 0xff, 
0xff, 0xff, 0xff, 0xff, 0xff, 0xff, 0xff, 0xff, 0xff, 0xff, 0xff, 0xff, 0xff, 0xff, 0xff, 0xff, 
0xff, 0xff, 0xff, 0xff, 0xff, 0xff, 0xff, 0xff, 0xff, 0xff, 0xff, 0xff, 0xff, 0xff, 0xff, 0xff, 
0xff, 0xff, 0xff, 0xff, 0xff, 0xff, 0xff, 0xff, 0xff, 0xff, 0xff, 0xff, 0xff, 0xff, 0xff, 0xff, 
0xff, 0xff, 0xff, 0xff, 0xff, 0xff, 0xff, 0xff, 0xff, 0xff, 0xff, 0xff, 0xff, 0xff, 0xff, 0xff, 
0xff, 0xff, 0xff, 0xff, 0xff, 0xff, 0x5b, 0xb7, 0xd2, 0x0d, 0xd2, 0x05, 0xd2, 0x05, 0xd2, 0x05, 
0xd2, 0x05, 0xd2, 0x05, 0xd2, 0x05, 0xd2, 0x05, 0xd2, 0x05, 0xd2, 0x05, 0xd2, 0x05, 0xd2, 0x05, 
0xd2, 0x05, 0xd2, 0x05, 0xd2, 0x05, 0xd2, 0x05, 0xd2, 0x05, 0xd2, 0x05, 0xd2, 0x05, 0xd2, 0x05, 
0xd2, 0x05, 0xd2, 0x05, 0xd2, 0x05, 0xd2, 0x05, 0xd2, 0x05, 0xd2, 0x05, 0xd2, 0x05, 0xd2, 0x05, 
0xd2, 0x05, 0xd2, 0x05, 0xd2, 0x05, 0xd2, 0x05, 0xd2, 0x05, 0xd2, 0x05, 0xd8, 0x7e, 0xff, 0xff, 
0xff, 0xff, 0xff, 0xff, 0xff, 0xff, 0xff, 0xff, 0xff, 0xff, 0xff, 0xff, 0xff, 0xff, 0xff, 0xff, 
0xff, 0xff, 0xff, 0xff, 0xff, 0xff, 0xff, 0xff, 0xff, 0xff, 0xff, 0xff, 0xff, 0xff, 0xff, 0xff, 
0xff, 0xff, 0xff, 0xff, 0xff, 0xff, 0xff, 0xff, 0xff, 0xff, 0xff, 0xff, 0xff, 0xff, 0xff, 0xff, 
0xff, 0xff, 0xff, 0xff, 0xff, 0xff, 0xff, 0xff, 0xff, 0xff, 0xff, 0xff, 0xff, 0xff, 0xff, 0xff, 
0xff, 0xff, 0xff, 0xff, 0xff, 0xff, 0xff, 0xff, 0xff, 0xff, 0xff, 0xff, 0xff, 0xff, 0xff, 0xff, 
0xff, 0xff, 0xff, 0xff, 0xff, 0xff, 0xff, 0xff, 0xff, 0xff, 0xff, 0xff, 0xff, 0xff, 0xff, 0xff, 
0xff, 0xff, 0xff, 0xff, 0xff, 0xff, 0xff, 0xff, 0xff, 0xff, 0xff, 0xff, 0xff, 0xff, 0xff, 0xff, 
0xff, 0xff, 0xff, 0xff, 0xff, 0xff, 0xff, 0xff, 0xde, 0xf7, 0xb7, 0x6e, 0xd2, 0x05, 0xd2, 0x05, 
0xd1, 0x05, 0xd2, 0x05, 0xd2, 0x05, 0xd2, 0x05, 0xd1, 0x05, 0xd2, 0x05, 0xd2, 0x05, 0xd2, 0x05, 
0xd1, 0x05, 0xd2, 0x05, 0xd2, 0x05, 0xd2, 0x05, 0xd1, 0x05, 0xd2, 0x05, 0xd2, 0x05, 0xd2, 0x05, 
0xd1, 0x05, 0xd2, 0x05, 0xd2, 0x05, 0xd2, 0x05, 0xd1, 0x05, 0xd2, 0x05, 0xd2, 0x05, 0xd2, 0x05, 
0xd1, 0x05, 0xd2, 0x05, 0xd2, 0x05, 0xd2, 0x05, 0xd1, 0x05, 0xd2, 0x05, 0xd2, 0x05, 0xd2, 0x05, 
0xd1, 0x05, 0xd2, 0x05, 0xd2, 0x05, 0xd2, 0x05, 0x13, 0x26, 0xbe, 0xe7, 0xff, 0xff, 0xff, 0xff, 
0xff, 0xff, 0xff, 0xff, 0xff, 0xff, 0xff, 0xff, 0xff, 0xff, 0xff, 0xff, 0xff, 0xff, 0xff, 0xff, 
0xff, 0xff, 0xff, 0xff, 0xff, 0xff, 0xff, 0xff, 0xff, 0xff, 0xff, 0xff, 0xff, 0xff, 0xff, 0xff, 
0xff, 0xff, 0xff, 0xff, 0xff, 0xff, 0xff, 0xff, 0xff, 0xff, 0xff, 0xff, 0xff, 0xff, 0xff, 0xff, 
0xff, 0xff, 0xff, 0xff, 0xff, 0xff, 0xff, 0xff, 0xff, 0xff, 0xff, 0xff, 0xff, 0xff, 0xff, 0xff, 
0xff, 0xff, 0xff, 0xff, 0xff, 0xff, 0xff, 0xff, 0xff, 0xff, 0xff, 0xff, 0xff, 0xff, 0xff, 0xff, 
0xff, 0xff, 0xff, 0xff, 0xff, 0xff, 0xff, 0xff, 0xff, 0xff, 0xff, 0xff, 0xff, 0xff, 0xff, 0xff, 
0xff, 0xff, 0xff, 0xff, 0xff, 0xff, 0xff, 0xff, 0xff, 0xff, 0xff, 0xff, 0xff, 0xff, 0x55, 0x46, 
0xd2, 0x05, 0xd2, 0x05, 0xd2, 0x05, 0xd2, 0x05, 0xd2, 0x05, 0xd2, 0x05, 0xd2, 0x05, 0xd2, 0x05, 
0xd2, 0x05, 0xd2, 0x05, 0xd2, 0x05, 0xd2, 0x05, 0xd2, 0x05, 0xd2, 0x05, 0xd2, 0x05, 0xd2, 0x05, 
0xd2, 0x05, 0xd2, 0x05, 0xd2, 0x05, 0xd2, 0x05, 0xd2, 0x05, 0xd2, 0x05, 0xd2, 0x05, 0xd2, 0x05, 
0xd2, 0x05, 0xd2, 0x05, 0xd2, 0x05, 0xd2, 0x05, 0xd2, 0x05, 0xd2, 0x05, 0xd2, 0x05, 0xd2, 0x05, 
0xd2, 0x05, 0xd2, 0x05, 0xd2, 0x05, 0xd2, 0x05, 0xd2, 0x05, 0xd2, 0x05, 0xd2, 0x05, 0xd2, 0x05, 
0xd2, 0x05, 0xd2, 0x05, 0xd2, 0x0d, 0x7c, 0xbf, 0xff, 0xff, 0xff, 0xff, 0xff, 0xff, 0xff, 0xff, 
0xff, 0xff, 0xff, 0xff, 0xff, 0xff, 0xff, 0xff, 0xff, 0xff, 0xff, 0xff, 0xff, 0xff, 0xff, 0xff, 
0xff, 0xff, 0xff, 0xff, 0xff, 0xff, 0xff, 0xff, 0xff, 0xff, 0xff, 0xff, 0xff, 0xff, 0xff, 0xff, 
0xff, 0xff, 0xff, 0xff, 0xff, 0xff, 0xff, 0xff, 0xff, 0xff, 0xff, 0xff, 0xff, 0xff, 0xff, 0xff, 
0xff, 0xff, 0xff, 0xff, 0xff, 0xff, 0xff, 0xff, 0xff, 0xff, 0xff, 0xff, 0xff, 0xff, 0xff, 0xff, 
0xff, 0xff, 0xff, 0xff, 0xff, 0xff, 0xff, 0xff, 0xff, 0xff, 0xff, 0xff, 0xff, 0xff, 0xff, 0xff, 
0xff, 0xff, 0xff, 0xff, 0xff, 0xff, 0xff, 0xff, 0xff, 0xff, 0xff, 0xff, 0xff, 0xff, 0xff, 0xff, 
0xdf, 0xff, 0x19, 0x8f, 0xd1, 0x05, 0xd2, 0x05, 0xd2, 0x05, 0xd2, 0x05, 0xd1, 0x05, 0xd2, 0x05, 
0xd2, 0x05, 0xd2, 0x05, 0xd1, 0x05, 0xd2, 0x05, 0xd2, 0x05, 0xd2, 0x05, 0xd1, 0x05, 0xd2, 0x05, 
0xd2, 0x05, 0xd2, 0x05, 0xd1, 0x05, 0xd2, 0x05, 0xd2, 0x05, 0xd2, 0x05, 0xd1, 0x05, 0xd2, 0x05, 
0xd2, 0x05, 0xd2, 0x05, 0xd1, 0x05, 0xd2, 0x05, 0xd2, 0x05, 0xd2, 0x05, 0xd1, 0x05, 0xd2, 0x05, 
0xd2, 0x05, 0xd2, 0x05, 0xd1, 0x05, 0xd2, 0x05, 0xd2, 0x05, 0xd2, 0x05, 0xd1, 0x05, 0xd2, 0x05, 
0xd2, 0x05, 0xd2, 0x05, 0xd1, 0x05, 0xd2, 0x05, 0xd2, 0x05, 0xd2, 0x05, 0xd1, 0x05, 0xd2, 0x05, 
0xd2, 0x05, 0xbe, 0xe7, 0xff, 0xff, 0xff, 0xff, 0xff, 0xff, 0xff, 0xff, 0xff, 0xff, 0xff, 0xff, 
0xff, 0xff, 0xff, 0xff, 0xff, 0xff, 0xff, 0xff, 0xff, 0xff, 0xff, 0xff, 0xff, 0xff, 0xff, 0xff, 
0xff, 0xff, 0xff, 0xff, 0xff, 0xff, 0xff, 0xff, 0xff, 0xff, 0xff, 0xff, 0xff, 0xff, 0xff, 0xff, 
0xff, 0xff, 0xff, 0xff, 0xff, 0xff, 0xff, 0xff, 0xff, 0xff, 0xff, 0xff, 0xff, 0xff, 0xff, 0xff, 
0xff, 0xff, 0xff, 0xff, 0xff, 0xff, 0xff, 0xff, 0xff, 0xff, 0xff, 0xff, 0xff, 0xff, 0xff, 0xff, 
0xff, 0xff, 0xff, 0xff, 0xff, 0xff, 0xff, 0xff, 0xff, 0xff, 0xff, 0xff, 0xff, 0xff, 0xff, 0xff, 
0xff, 0xff, 0xff, 0xff, 0xff, 0xff, 0xff, 0xff, 0xf3, 0x0d, 0xd2, 0x05, 0xd2, 0x05, 0xd2, 0x05, 
0xd2, 0x05, 0xd2, 0x05, 0xd2, 0x05, 0xd2, 0x05, 0xd2, 0x05, 0xd2, 0x05, 0xd2, 0x05, 0xd2, 0x05, 
0xd2, 0x05, 0xd2, 0x05, 0xd2, 0x05, 0xd2, 0x05, 0xd2, 0x05, 0xd2, 0x05, 0xd2, 0x05, 0xd2, 0x05, 
0xd2, 0x05, 0xd2, 0x05, 0xd2, 0x05, 0xd2, 0x05, 0xd2, 0x05, 0xd2, 0x05, 0xd2, 0x05, 0xd2, 0x05, 
0xd2, 0x05, 0xd2, 0x05, 0xd2, 0x05, 0xd2, 0x05, 0xd2, 0x05, 0xd2, 0x05, 0xd2, 0x05, 0xd2, 0x05, 
0xd2, 0x05, 0xd2, 0x05, 0xd2, 0x05, 0xd2, 0x05, 0xd2, 0x05, 0xd2, 0x05, 0xd2, 0x05, 0xd2, 0x05, 
0xd2, 0x05, 0xd2, 0x05, 0xd2, 0x05, 0xd2, 0x05, 0xd2, 0x05, 0xd2, 0x05, 0x76, 0x4e, 0xff, 0xff, 
0xff, 0xff, 0xff, 0xff, 0xff, 0xff, 0xff, 0xff, 0xff, 0xff, 0xff, 0xff, 0xff, 0xff, 0xff, 0xff, 
0xff, 0xff, 0xff, 0xff, 0xff, 0xff, 0xff, 0xff, 0xff, 0xff, 0xff, 0xff, 0xff, 0xff, 0xff, 0xff, 
0xff, 0xff, 0xff, 0xff, 0xff, 0xff, 0xff, 0xff, 0xff, 0xff, 0xff, 0xff, 0xff, 0xff, 0xff, 0xff, 
0xff, 0xff, 0xff, 0xff, 0xff, 0xff, 0xff, 0xff, 0xff, 0xff, 0xff, 0xff, 0xdf, 0xff, 0xf9, 0x8e, 
0x55, 0x3e, 0xd8, 0x7e, 0xff, 0xff, 0xff, 0xff, 0xff, 0xff, 0xff, 0xff, 0xff, 0xff, 0xff, 0xff, 
0xff, 0xff, 0xff, 0xff, 0xff, 0xff, 0xff, 0xff, 0xff, 0xff, 0xff, 0xff, 0x1a, 0x9f, 0xd2, 0x05, 
0xd1, 0x05, 0xd2, 0x05, 0xd2, 0x05, 0xd2, 0x05, 0xd1, 0x05, 0xd2, 0x05, 0xd2, 0x05, 0xd2, 0x05, 
0xd1, 0x05, 0xd2, 0x05, 0xd2, 0x05, 0xd2, 0x05, 0xd1, 0x05, 0xd2, 0x05, 0xd2, 0x05, 0xd2, 0x05, 
0xd1, 0x05, 0x55, 0x3e, 0xd8, 0x76, 0x5b, 0xb7, 0xde, 0xf7, 0xff, 0xff, 0xff, 0xff, 0xff, 0xff, 
0xff, 0xff, 0xff, 0xff, 0xdf, 0xff, 0xbd, 0xdf, 0x5b, 0xb7, 0xf9, 0x8e, 0x96, 0x5e, 0x14, 0x2e, 
0xd1, 0x05, 0xd2, 0x05, 0xd2, 0x05, 0xd2, 0x05, 0xd1, 0x05, 0xd2, 0x05, 0xd2, 0x05, 0xd2, 0x05, 
0xd1, 0x05, 0xd2, 0x05, 0xd2, 0x05, 0xd2, 0x05, 0xd1, 0x05, 0xd2, 0x05, 0xd2, 0x05, 0xd2, 0x05, 
0xd1, 0x05, 0xd2, 0x05, 0xd2, 0x05, 0xd2, 0x05, 0x1a, 0x9f, 0xff, 0xff, 0xff, 0xff, 0xff, 0xff, 
0xff, 0xff, 0xff, 0xff, 0xff, 0xff, 0xff, 0xff, 0xff, 0xff, 0xff, 0xff, 0xff, 0xff, 0xff, 0xff, 
0xff, 0xff, 0xff, 0xff, 0xff, 0xff, 0xff, 0xff, 0xff, 0xff, 0xff, 0xff, 0xff, 0xff, 0xff, 0xff, 
0xff, 0xff, 0xff, 0xff, 0xff, 0xff, 0xff, 0xff, 0xff, 0xff, 0xff, 0xff, 0xff, 0xff, 0xff, 0xff, 
0xff, 0xff, 0xd8, 0x7e, 0xd2, 0x05, 0xd2, 0x05, 0xd2, 0x05, 0xd2, 0x05, 0xd2, 0x05, 0x9d, 0xd7, 
0xff, 0xff, 0xff, 0xff, 0xff, 0xff, 0xff, 0xff, 0xff, 0xff, 0xff, 0xff, 0xff, 0xff, 0xff, 0xff, 
0xff, 0xff, 0x55, 0x3e, 0xd2, 0x05, 0xd2, 0x05, 0xd2, 0x05, 0xd2, 0x05, 0xd2, 0x05, 0xd2, 0x05, 
0xd2, 0x05, 0xd2, 0x05, 0xd2, 0x05, 0xd2, 0x05, 0xd2, 0x05, 0xd2, 0x05, 0xd2, 0x05, 0xd2, 0x05, 
0xd2, 0x05, 0xd8, 0x7e, 0xdf, 0xef, 0xff, 0xff, 0xff, 0xff, 0xff, 0xff, 0xff, 0xff, 0xff, 0xff, 
0xff, 0xff, 0xff, 0xff, 0xff, 0xff, 0xff, 0xff, 0xff, 0xff, 0xff, 0xff, 0xff, 0xff, 0xff, 0xff, 
0xff, 0xff, 0xff, 0xff, 0xff, 0xff, 0xff, 0xff, 0xff, 0xff, 0xff, 0xff, 0xbe, 0xdf, 0xd8, 0x76, 
0xf3, 0x15, 0xd2, 0x05, 0xd2, 0x05, 0xd2, 0x05, 0xd2, 0x05, 0xd2, 0x05, 0xd2, 0x05, 0xd2, 0x05, 
0xd2, 0x05, 0xd2, 0x05, 0xd2, 0x05, 0xd2, 0x05, 0xd2, 0x05, 0xd2, 0x05, 0xd2, 0x05, 0xd2, 0x05, 
0xd2, 0x05, 0x34, 0x36, 0xff, 0xff, 0xff, 0xff, 0xff, 0xff, 0xff, 0xff, 0xff, 0xff, 0xff, 0xff, 
0xff, 0xff, 0xff, 0xff, 0xff, 0xff, 0xff, 0xff, 0xff, 0xff, 0xff, 0xff, 0xff, 0xff, 0xff, 0xff, 
0xff, 0xff, 0xff, 0xff, 0xff, 0xff, 0xff, 0xff, 0xff, 0xff, 0xff, 0xff, 0xff, 0xff, 0xff, 0xff, 
0xff, 0xff, 0xff, 0xff, 0xff, 0xff, 0xff, 0xff, 0xff, 0xff, 0xd2, 0x05, 0xd1, 0x05, 0xd2, 0x05, 
0xd2, 0x05, 0xd2, 0x05, 0xd1, 0x05, 0xd2, 0x05, 0x7c, 0xc7, 0xff, 0xff, 0xff, 0xff, 0xff, 0xff, 
0xff, 0xff, 0xff, 0xff, 0xde, 0xf7, 0xff, 0xff, 0xd2, 0x05, 0xd2, 0x05, 0xd1, 0x05, 0xd2, 0x05, 
0xd2, 0x05, 0xd2, 0x05, 0xd1, 0x05, 0xd2, 0x05, 0xd2, 0x05, 0xd2, 0x05, 0xd1, 0x05, 0xd2, 0x05, 
0xd2, 0x05, 0xd2, 0x05, 0xb7, 0x66, 0xff, 0xff, 0xff, 0xff, 0xff, 0xff, 0xff, 0xff, 0xff, 0xff, 
0xff, 0xff, 0xff, 0xff, 0xff, 0xff, 0xff, 0xff, 0xff, 0xff, 0xff, 0xff, 0xff, 0xff, 0xff, 0xff, 
0xff, 0xff, 0xff, 0xff, 0xff, 0xff, 0xff, 0xff, 0xff, 0xff, 0xff, 0xff, 0xff, 0xff, 0xff, 0xff, 
0xff, 0xff, 0xff, 0xff, 0xff, 0xff, 0xff, 0xff, 0xff, 0xff, 0xff, 0xff, 0x3a, 0xa7, 0xd2, 0x05, 
0xd2, 0x05, 0xd2, 0x05, 0xd1, 0x05, 0xd2, 0x05, 0xd2, 0x05, 0xd2, 0x05, 0xd1, 0x05, 0xd2, 0x05, 
0xd2, 0x05, 0xd2, 0x05, 0xd1, 0x05, 0xd2, 0x05, 0xd2, 0x05, 0xd2, 0x05, 0xd1, 0x05, 0x9d, 0xcf, 
0xff, 0xff, 0xff, 0xff, 0xff, 0xff, 0xff, 0xff, 0xff, 0xff, 0xff, 0xff, 0xff, 0xff, 0xff, 0xff, 
0xff, 0xff, 0xff, 0xff, 0xff, 0xff, 0xff, 0xff, 0xff, 0xff, 0xff, 0xff, 0xff, 0xff, 0xff, 0xff, 
0xff, 0xff, 0xff, 0xff, 0xff, 0xff, 0xff, 0xff, 0xff, 0xff, 0xff, 0xff, 0xff, 0xff, 0xff, 0xff, 
0x1a, 0x97, 0xd2, 0x05, 0xd2, 0x05, 0xd2, 0x05, 0xd2, 0x05, 0xd2, 0x05, 0xd2, 0x05, 0xd2, 0x05, 
0xd2, 0x05, 0x7c, 0xc7, 0xff, 0xff, 0xff, 0xff, 0xff, 0xff, 0xff, 0xff, 0xbd, 0xdf, 0xd2, 0x05, 
0xd2, 0x05, 0xd2, 0x05, 0xd2, 0x05, 0xd2, 0x05, 0xd2, 0x05, 0xd2, 0x05, 0xd2, 0x05, 0xd2, 0x05, 
0xd2, 0x05, 0xd2, 0x05, 0xd2, 0x05, 0xd2, 0x05, 0xf9, 0x8e, 0xff, 0xff, 0xff, 0xff, 0xff, 0xff, 
0xff, 0xff, 0xff, 0xff, 0xff, 0xff, 0xff, 0xff, 0xff, 0xff, 0xff, 0xff, 0xff, 0xff, 0xff, 0xff, 
0xff, 0xff, 0xff, 0xff, 0xff, 0xff, 0xff, 0xff, 0xff, 0xff, 0xff, 0xff, 0xff, 0xff, 0xff, 0xff, 
0xff, 0xff, 0xff, 0xff, 0xff, 0xff, 0xff, 0xff, 0xff, 0xff, 0xff, 0xff, 0xff, 0xff, 0xff, 0xff, 
0xff, 0xff, 0xff, 0xff, 0xff, 0xff, 0xff, 0xff, 0xff, 0xff, 0x96, 0x5e, 0xd2, 0x05, 0xd2, 0x05, 
0xd2, 0x05, 0xd2, 0x05, 0xd2, 0x05, 0xd2, 0x05, 0xd2, 0x05, 0xd2, 0x05, 0xd2, 0x05, 0xd2, 0x05, 
0xd2, 0x05, 0xd2, 0x05, 0xd2, 0x05, 0xd2, 0x05, 0xd8, 0x7e, 0xff, 0xff, 0xff, 0xff, 0xff, 0xff, 
0xff, 0xff, 0xff, 0xff, 0xff, 0xff, 0xff, 0xff, 0xff, 0xff, 0xff, 0xff, 0xff, 0xff, 0xff, 0xff, 
0xff, 0xff, 0xff, 0xff, 0xff, 0xff, 0xff, 0xff, 0xff, 0xff, 0xff, 0xff, 0xff, 0xff, 0xff, 0xff, 
0xff, 0xff, 0xff, 0xff, 0xff, 0xff, 0xff, 0xff, 0x55, 0x3e, 0xd2, 0x05, 0xd2, 0x05, 0xd2, 0x05, 
0xd1, 0x05, 0xd2, 0x05, 0xd2, 0x05, 0xd2, 0x05, 0xd1, 0x05, 0xd2, 0x05, 0x5b, 0xb7, 0xff, 0xff, 
0xde, 0xf7, 0x5b, 0xb7, 0xd2, 0x05, 0xd2, 0x05, 0xd1, 0x05, 0xd2, 0x05, 0xd2, 0x05, 0xd2, 0x05, 
0xd1, 0x05, 0xd2, 0x05, 0xd2, 0x05, 0xd2, 0x05, 0xd1, 0x05, 0xd2, 0x05, 0x96, 0x5e, 0xff, 0xff, 
0xff, 0xff, 0xff, 0xff, 0xff, 0xff, 0xff, 0xff, 0xff, 0xff, 0xff, 0xff, 0xff, 0xff, 0xff, 0xff, 
0xff, 0xff, 0xff, 0xff, 0xff, 0xff, 0xff, 0xff, 0xff, 0xff, 0xff, 0xff, 0xff, 0xff, 0xff, 0xff, 
0xff, 0xff, 0xff, 0xff, 0xff, 0xff, 0xff, 0xff, 0xff, 0xff, 0xff, 0xff, 0xff, 0xff, 0xff, 0xff, 
0xff, 0xff, 0xff, 0xff, 0xff, 0xff, 0xff, 0xff, 0xff, 0xff, 0xff, 0xff, 0xff, 0xff, 0xff, 0xff, 
0xff, 0xff, 0xff, 0xff, 0xdf, 0xff, 0xf9, 0x8e, 0xd1, 0x05, 0xd2, 0x05, 0xd2, 0x05, 0xd2, 0x05, 
0xd1, 0x05, 0xd2, 0x05, 0xd2, 0x05, 0xd2, 0x05, 0xd1, 0x05, 0xd2, 0x05, 0xd2, 0x05, 0xd2, 0x05, 
0xd1, 0x05, 0x97, 0x66, 0xff, 0xff, 0xff, 0xff, 0xff, 0xff, 0xff, 0xff, 0xff, 0xff, 0xff, 0xff, 
0xff, 0xff, 0xff, 0xff, 0xff, 0xff, 0xff, 0xff, 0xff, 0xff, 0xff, 0xff, 0xff, 0xff, 0xff, 0xff, 
0xff, 0xff, 0xff, 0xff, 0xff, 0xff, 0xff, 0xff, 0xff, 0xff, 0xff, 0xff, 0xff, 0xff, 0xff, 0xff, 
0x75, 0x46, 0xd2, 0x05, 0xd2, 0x05, 0xd2, 0x05, 0xd2, 0x05, 0xd2, 0x05, 0xd2, 0x05, 0xd2, 0x05, 
0xd2, 0x05, 0xd2, 0x05, 0xd2, 0x05, 0x3b, 0xaf, 0xf9, 0x86, 0xd2, 0x05, 0xd2, 0x05, 0xd2, 0x05, 
0xd2, 0x05, 0xd2, 0x05, 0xd2, 0x05, 0xd2, 0x05, 0xd2, 0x05, 0xd2, 0x05, 0xd2, 0x05, 0xd2, 0x05, 
0xd2, 0x05, 0xbd, 0xdf, 0xff, 0xff, 0xff, 0xff, 0xff, 0xff, 0xff, 0xff, 0xff, 0xff, 0xff, 0xff, 
0xff, 0xff, 0xff, 0xff, 0xff, 0xff, 0xff, 0xff, 0xff, 0xff, 0xff, 0xff, 0xff, 0xff, 0xff, 0xff, 
0xff, 0xff, 0xff, 0xff, 0xff, 0xff, 0xff, 0xff, 0xff, 0xff, 0xff, 0xff, 0xff, 0xff, 0xff, 0xff, 
0xff, 0xff, 0xff, 0xff, 0xff, 0xff, 0xff, 0xff, 0xff, 0xff, 0xff, 0xff, 0xff, 0xff, 0xff, 0xff, 
0xff, 0xff, 0xff, 0xff, 0xff, 0xff, 0xff, 0xff, 0xff, 0xff, 0xff, 0xff, 0xff, 0xff, 0xff, 0xff, 
0xff, 0xff, 0x96, 0x5e, 0xd2, 0x05, 0xd2, 0x05, 0xd2, 0x05, 0xd2, 0x05, 0xd2, 0x05, 0xd2, 0x05, 
0xd2, 0x05, 0xd2, 0x05, 0xd2, 0x05, 0xd2, 0x05, 0xd2, 0x05, 0xd2, 0x05, 0x76, 0x4e, 0xff, 0xff, 
0xff, 0xff, 0xff, 0xff, 0xff, 0xff, 0xff, 0xff, 0xff, 0xff, 0xff, 0xff, 0xff, 0xff, 0xff, 0xff, 
0xff, 0xff, 0xff, 0xff, 0xff, 0xff, 0xff, 0xff, 0xff, 0xff, 0xff, 0xff, 0xff, 0xff, 0xff, 0xff, 
0xff, 0xff, 0xff, 0xff, 0xff, 0xff, 0xff, 0xff, 0x55, 0x3e, 0xd2, 0x05, 0xd1, 0x05, 0xd2, 0x05, 
0xd2, 0x05, 0xd2, 0x05, 0xd1, 0x05, 0xd2, 0x05, 0xd2, 0x05, 0xd2, 0x05, 0xd1, 0x05, 0xd2, 0x05, 
0xd2, 0x05, 0xd2, 0x05, 0xd1, 0x05, 0xd2, 0x05, 0xd2, 0x05, 0xd2, 0x05, 0xd1, 0x05, 0xd2, 0x05, 
0xd2, 0x05, 0xd2, 0x05, 0xd1, 0x05, 0x96, 0x5e, 0xff, 0xff, 0xff, 0xff, 0xff, 0xff, 0xff, 0xff, 
0xff, 0xff, 0xff, 0xff, 0xff, 0xff, 0xff, 0xff, 0xff, 0xff, 0xff, 0xff, 0xff, 0xff, 0xff, 0xff, 
0xff, 0xff, 0xff, 0xff, 0xff, 0xff, 0xff, 0xff, 0xff, 0xff, 0xff, 0xff, 0xff, 0xff, 0xff, 0xff, 
0xff, 0xff, 0xff, 0xff, 0xff, 0xff, 0xff, 0xff, 0xff, 0xff, 0xff, 0xff, 0xff, 0xff, 0xff, 0xff, 
0xff, 0xff, 0xff, 0xff, 0xff, 0xff, 0xff, 0xff, 0xff, 0xff, 0xff, 0xff, 0xff, 0xff, 0xff, 0xff, 
0xff, 0xff, 0xff, 0xff, 0xff, 0xff, 0xff, 0xff, 0xff, 0xff, 0xff, 0xff, 0xbe, 0xef, 0xd2, 0x05, 
0xd2, 0x05, 0xd2, 0x05, 0xd1, 0x05, 0xd2, 0x05, 0xd2, 0x05, 0xd2, 0x05, 0xd1, 0x05, 0xd2, 0x05, 
0xd2, 0x05, 0xd2, 0x05, 0xd1, 0x05, 0x55, 0x46, 0xff, 0xff, 0xff, 0xff, 0xff, 0xff, 0xff, 0xff, 
0xff, 0xff, 0xff, 0xff, 0xff, 0xff, 0xff, 0xff, 0xff, 0xff, 0xff, 0xff, 0xff, 0xff, 0xff, 0xff, 
0xff, 0xff, 0xff, 0xff, 0xff, 0xff, 0xff, 0xff, 0xff, 0xff, 0xff, 0xff, 0xff, 0xff, 0xff, 0xff, 
0x76, 0x46, 0xd2, 0x05, 0xd2, 0x05, 0xd2, 0x05, 0xd2, 0x05, 0xd2, 0x05, 0xd2, 0x05, 0xd2, 0x05, 
0xd2, 0x05, 0xd2, 0x05, 0xd2, 0x05, 0xd2, 0x05, 0xd2, 0x05, 0xd2, 0x05, 0xd2, 0x05, 0xd2, 0x05, 
0xd2, 0x05, 0xd2, 0x05, 0xd2, 0x05, 0xd2, 0x05, 0xd2, 0x05, 0xd2, 0x05, 0x19, 0x8f, 0xff, 0xff, 
0xff, 0xff, 0xff, 0xff, 0xff, 0xff, 0xff, 0xff, 0xff, 0xff, 0xff, 0xff, 0xff, 0xff, 0xff, 0xff, 
0xff, 0xff, 0xff, 0xff, 0xff, 0xff, 0xff, 0xff, 0xff, 0xff, 0xff, 0xff, 0xff, 0xff, 0xff, 0xff, 
0xff, 0xff, 0xff, 0xff, 0xff, 0xff, 0xff, 0xff, 0xff, 0xff, 0xff, 0xff, 0xff, 0xff, 0xff, 0xff, 
0xff, 0xff, 0xff, 0xff, 0xff, 0xff, 0xff, 0xff, 0xff, 0xff, 0xff, 0xff, 0xff, 0xff, 0xff, 0xff, 
0xff, 0xff, 0xff, 0xff, 0xff, 0xff, 0xff, 0xff, 0xff, 0xff, 0xff, 0xff, 0xff, 0xff, 0xff, 0xff, 
0xff, 0xff, 0xff, 0xff, 0xff, 0xff, 0xff, 0xff, 0xd8, 0x76, 0xd2, 0x05, 0xd2, 0x05, 0xd2, 0x05, 
0xd2, 0x05, 0xd2, 0x05, 0xd2, 0x05, 0xd2, 0x05, 0xd2, 0x05, 0xd2, 0x05, 0xd2, 0x05, 0xd2, 0x05, 
0xd8, 0x76, 0xff, 0xff, 0xff, 0xff, 0xff, 0xff, 0xff, 0xff, 0xff, 0xff, 0xff, 0xff, 0xff, 0xff, 
0xff, 0xff, 0xff, 0xff, 0xff, 0xff, 0xff, 0xff, 0xff, 0xff, 0xff, 0xff, 0xff, 0xff, 0xff, 0xff, 
0xff, 0xff, 0xff, 0xff, 0xff, 0xff, 0xff, 0xff, 0x55, 0x3e, 0xd2, 0x05, 0xd2, 0x05, 0xd2, 0x05, 
0xd1, 0x05, 0xd2, 0x05, 0xd2, 0x05, 0xd2, 0x05, 0xd1, 0x05, 0xd2, 0x05, 0xd2, 0x05, 0xd2, 0x05, 
0xd1, 0x05, 0xd2, 0x05, 0xd2, 0x05, 0xd2, 0x05, 0xd1, 0x05, 0xd2, 0x05, 0xd2, 0x05, 0xd2, 0x05, 
0xd1, 0x05, 0x5b, 0xb7, 0xff, 0xff, 0xff, 0xff, 0xff, 0xff, 0xff, 0xff, 0xff, 0xff, 0xff, 0xff, 
0xff, 0xff, 0xff, 0xff, 0xff, 0xff, 0xff, 0xff, 0xff, 0xff, 0xff, 0xff, 0xff, 0xff, 0xff, 0xff, 
0xff, 0xff, 0xff, 0xff, 0xff, 0xff, 0xff, 0xff, 0xff, 0xff, 0xff, 0xff, 0xff, 0xff, 0xff, 0xff, 
0xff, 0xff, 0xff, 0xff, 0xff, 0xff, 0xff, 0xff, 0xff, 0xff, 0xff, 0xff, 0xff, 0xff, 0xff, 0xff, 
0xff, 0xff, 0xff, 0xff, 0xff, 0xff, 0xff, 0xff, 0xff, 0xff, 0xff, 0xff, 0xff, 0xff, 0xff, 0xff, 
0xff, 0xff, 0xff, 0xff, 0xff, 0xff, 0xff, 0xff, 0xff, 0xff, 0xff, 0xff, 0xff, 0xff, 0xff, 0xff, 
0xde, 0xf7, 0xbd, 0xdf, 0xd2, 0x05, 0xd2, 0x05, 0xd1, 0x05, 0xd2, 0x05, 0xd2, 0x05, 0xd2, 0x05, 
0xd1, 0x05, 0xd2, 0x05, 0xd2, 0x05, 0xd2, 0x05, 0xd1, 0x05, 0x1a, 0x97, 0xff, 0xff, 0xff, 0xff, 
0xff, 0xff, 0xff, 0xff, 0xff, 0xff, 0xff, 0xff, 0xff, 0xff, 0xff, 0xff, 0xff, 0xff, 0xff, 0xff, 
0xff, 0xff, 0xff, 0xff, 0xff, 0xff, 0xff, 0xff, 0xff, 0xff, 0xff, 0xff, 0xff, 0xff, 0xff, 0xff, 
0x75, 0x46, 0xd2, 0x05, 0xd2, 0x05, 0xd2, 0x05, 0xd2, 0x05, 0xd2, 0x05, 0xd2, 0x05, 0xd2, 0x05, 
0xd2, 0x05, 0xd2, 0x05, 0xd2, 0x05, 0xd2, 0x05, 0xd2, 0x05, 0xd2, 0x05, 0xd2, 0x05, 0xd2, 0x05, 
0xd2, 0x05, 0xd2, 0x05, 0xd2, 0x05, 0xd2, 0x05, 0x3b, 0xaf, 0xff, 0xff, 0xff, 0xff, 0xff, 0xff, 
0xff, 0xff, 0xff, 0xff, 0xff, 0xff, 0xff, 0xff, 0xff, 0xff, 0xff, 0xff, 0xff, 0xff, 0xff, 0xff, 
0xff, 0xff, 0xff, 0xff, 0xff, 0xff, 0xff, 0xff, 0xff, 0xff, 0xff, 0xff, 0xff, 0xff, 0xff, 0xff, 
0xff, 0xff, 0xff, 0xff, 0xff, 0xff, 0xff, 0xff, 0xff, 0xff, 0xff, 0xff, 0xff, 0xff, 0xff, 0xff, 
0xff, 0xff, 0xff, 0xff, 0xff, 0xff, 0xff, 0xff, 0xff, 0xff, 0xff, 0xff, 0xff, 0xff, 0xff, 0xff, 
0xff, 0xff, 0xff, 0xff, 0xff, 0xff, 0xff, 0xff, 0xff, 0xff, 0xff, 0xff, 0xff, 0xff, 0xff, 0xff, 
0xff, 0xff, 0xff, 0xff, 0xff, 0xff, 0xff, 0xff, 0xff, 0xff, 0xff, 0xff, 0xff, 0xff, 0x34, 0x2e, 
0xd2, 0x05, 0xd2, 0x05, 0xd2, 0x05, 0xd2, 0x05, 0xd2, 0x05, 0xd2, 0x05, 0xd2, 0x05, 0xd2, 0x05, 
0xd2, 0x05, 0xd2, 0x05, 0x3b, 0xa7, 0xff, 0xff, 0xff, 0xff, 0xff, 0xff, 0xff, 0xff, 0xff, 0xff, 
0xff, 0xff, 0xff, 0xff, 0xff, 0xff, 0xff, 0xff, 0xff, 0xff, 0xff, 0xff, 0xff, 0xff, 0xff, 0xff, 
0xff, 0xff, 0xff, 0xff, 0xff, 0xff, 0xff, 0xff, 0x55, 0x3e, 0xd2, 0x05, 0xd1, 0x05, 0xd2, 0x05, 
0xd2, 0x05, 0xd2, 0x05, 0xd1, 0x05, 0xd2, 0x05, 0xd2, 0x05, 0xd2, 0x05, 0xd1, 0x05, 0xd2, 0x05, 
0xd2, 0x05, 0xd2, 0x05, 0xd1, 0x05, 0xd2, 0x05, 0xd2, 0x05, 0xd2, 0x05, 0xd1, 0x05, 0xd8, 0x7e, 
0xff, 0xff, 0xff, 0xff, 0xff, 0xff, 0xff, 0xff, 0xff, 0xff, 0xff, 0xff, 0xff, 0xff, 0xff, 0xff, 
0xff, 0xff, 0xff, 0xff, 0xff, 0xff, 0xff, 0xff, 0xff, 0xff, 0xff, 0xff, 0xff, 0xff, 0xff, 0xff, 
0xff, 0xff, 0xff, 0xff, 0xff, 0xff, 0xff, 0xff, 0xff, 0xff, 0xff, 0xff, 0xff, 0xff, 0xff, 0xff, 
0xff, 0xff, 0xff, 0xff, 0xff, 0xff, 0xff, 0xff, 0xff, 0xff, 0xff, 0xff, 0xff, 0xff, 0xff, 0xff, 
0xff, 0xff, 0xff, 0xff, 0xff, 0xff, 0xff, 0xff, 0xff, 0xff, 0xff, 0xff, 0xff, 0xff, 0xff, 0xff, 
0xff, 0xff, 0xff, 0xff, 0xff, 0xff, 0xff, 0xff, 0xff, 0xff, 0xff, 0xff, 0xff, 0xff, 0xff, 0xff, 
0xff, 0xff, 0xff, 0xff, 0xff, 0xff, 0xff, 0xff, 0x76, 0x56, 0xd2, 0x05, 0xd1, 0x05, 0xd2, 0x05, 
0xd2, 0x05, 0xd2, 0x05, 0xd1, 0x05, 0xd2, 0x05, 0xd2, 0x05, 0xd2, 0x05, 0xd1, 0x05, 0x9d, 0xd7, 
0xff, 0xff, 0xff, 0xff, 0xff, 0xff, 0xff, 0xff, 0xff, 0xff, 0xff, 0xff, 0xff, 0xff, 0xff, 0xff, 
0xff, 0xff, 0xff, 0xff, 0xff, 0xff, 0xff, 0xff, 0xff, 0xff, 0xff, 0xff, 0xff, 0xff, 0xff, 0xff, 
0x76, 0x46, 0xd2, 0x05, 0xd2, 0x05, 0xd2, 0x05, 0xd2, 0x05, 0xd2, 0x05, 0xd2, 0x05, 0xd2, 0x05, 
0xd2, 0x05, 0xd2, 0x05, 0xd2, 0x05, 0xd2, 0x05, 0xd2, 0x05, 0xd2, 0x05, 0xd2, 0x05, 0xd2, 0x05, 
0xd2, 0x05, 0xd2, 0x05, 0xf9, 0x86, 0xff, 0xff, 0xff, 0xff, 0xff, 0xff, 0xff, 0xff, 0xff, 0xff, 
0xff, 0xff, 0xff, 0xff, 0xff, 0xff, 0xff, 0xff, 0xff, 0xff, 0xff, 0xff, 0xff, 0xff, 0xff, 0xff, 
0xff, 0xff, 0xff, 0xff, 0xff, 0xff, 0xff, 0xff, 0xff, 0xff, 0xff, 0xff, 0xff, 0xff, 0xff, 0xff, 
0xff, 0xff, 0xff, 0xff, 0xff, 0xff, 0xff, 0xff, 0xff, 0xff, 0xff, 0xff, 0xff, 0xff, 0xff, 0xff, 
0xff, 0xff, 0xff, 0xff, 0xff, 0xff, 0xff, 0xff, 0xff, 0xff, 0xff, 0xff, 0xff, 0xff, 0xff, 0xff, 
0xff, 0xff, 0xff, 0xff, 0xff, 0xff, 0xff, 0xff, 0xff, 0xff, 0xff, 0xff, 0xff, 0xff, 0xff, 0xff, 
0xff, 0xff, 0xff, 0xff, 0xff, 0xff, 0xff, 0xff, 0xff, 0xff, 0xff, 0xff, 0xff, 0xff, 0xff, 0xff, 
0xff, 0xff, 0x76, 0x56, 0xd2, 0x05, 0xd2, 0x05, 0xd2, 0x05, 0xd2, 0x05, 0xd2, 0x05, 0xd2, 0x05, 
0xd2, 0x05, 0xd2, 0x05, 0xd2, 0x05, 0xd2, 0x05, 0xff, 0xff, 0xff, 0xff, 0xff, 0xff, 0xff, 0xff, 
0xff, 0xff, 0xff, 0xff, 0xff, 0xff, 0xff, 0xff, 0xff, 0xff, 0xff, 0xff, 0xff, 0xff, 0xff, 0xff, 
0xff, 0xff, 0xff, 0xff, 0xff, 0xff, 0xff, 0xff, 0x55, 0x3e, 0xd2, 0x05, 0xd2, 0x05, 0xd2, 0x05, 
0xd1, 0x05, 0xd2, 0x05, 0xd2, 0x05, 0xd2, 0x05, 0xd1, 0x05, 0xd2, 0x05, 0xd2, 0x05, 0xd2, 0x05, 
0xd1, 0x05, 0xd2, 0x05, 0xd2, 0x05, 0xd2, 0x05, 0xd1, 0x05, 0xd2, 0x05, 0xf3, 0x15, 0xff, 0xff, 
0xff, 0xff, 0xff, 0xff, 0xff, 0xff, 0xff, 0xff, 0xff, 0xff, 0xff, 0xff, 0xff, 0xff, 0xff, 0xff, 
0xff, 0xff, 0xff, 0xff, 0xff, 0xff, 0xff, 0xff, 0xff, 0xff, 0xff, 0xff, 0xff, 0xff, 0xff, 0xff, 
0xff, 0xff, 0xff, 0xff, 0xff, 0xff, 0xff, 0xff, 0xff, 0xff, 0xff, 0xff, 0xff, 0xff, 0xff, 0xff, 
0xff, 0xff, 0xff, 0xff, 0xff, 0xff, 0xff, 0xff, 0xff, 0xff, 0xff, 0xff, 0xff, 0xff, 0xff, 0xff, 
0xff, 0xff, 0xff, 0xff, 0xff, 0xff, 0xff, 0xff, 0xff, 0xff, 0xff, 0xff, 0xff, 0xff, 0xff, 0xff, 
0xff, 0xff, 0xff, 0xff, 0xff, 0xff, 0xff, 0xff, 0xff, 0xff, 0xff, 0xff, 0xff, 0xff, 0xff, 0xff, 
0xff, 0xff, 0xff, 0xff, 0xff, 0xff, 0xff, 0xff, 0xff, 0xff, 0xff, 0xff, 0xd8, 0x7e, 0xd2, 0x05, 
0xd1, 0x05, 0xd2, 0x05, 0xd2, 0x05, 0xd2, 0x05, 0xd1, 0x05, 0xd2, 0x05, 0xd2, 0x05, 0xd2, 0x05, 
0xf3, 0x1d, 0xff, 0xff, 0xff, 0xff, 0xff, 0xff, 0xff, 0xff, 0xff, 0xff, 0xff, 0xff, 0xff, 0xff, 
0xff, 0xff, 0xff, 0xff, 0xff, 0xff, 0xff, 0xff, 0xff, 0xff, 0xff, 0xff, 0xff, 0xff, 0xff, 0xff, 
0x75, 0x46, 0xd2, 0x05, 0xd2, 0x05, 0xd2, 0x05, 0xd2, 0x05, 0xd2, 0x05, 0xd2, 0x05, 0xd2, 0x05, 
0xd2, 0x05, 0xd2, 0x05, 0xd2, 0x05, 0xd2, 0x05, 0xd2, 0x05, 0xd2, 0x05, 0xd2, 0x05, 0xd2, 0x05, 
0xd2, 0x05, 0xd2, 0x05, 0xd2, 0x05, 0xd2, 0x05, 0xff, 0xff, 0xff, 0xff, 0xff, 0xff, 0xff, 0xff, 
0xff, 0xff, 0xff, 0xff, 0xff, 0xff, 0xff, 0xff, 0xff, 0xff, 0xff, 0xff, 0xff, 0xff, 0xff, 0xff, 
0xff, 0xff, 0xff, 0xff, 0xff, 0xff, 0xff, 0xff, 0xff, 0xff, 0xff, 0xff, 0xff, 0xff, 0xff, 0xff, 
0xff, 0xff, 0xff, 0xff, 0xff, 0xff, 0xff, 0xff, 0xff, 0xff, 0xff, 0xff, 0xff, 0xff, 0xff, 0xff, 
0xff, 0xff, 0xff, 0xff, 0xff, 0xff, 0xff, 0xff, 0xff, 0xff, 0xff, 0xff, 0xff, 0xff, 0xff, 0xff, 
0xff, 0xff, 0xff, 0xff, 0xff, 0xff, 0xff, 0xff, 0xff, 0xff, 0xff, 0xff, 0xff, 0xff, 0xff, 0xff, 
0xff, 0xff, 0xff, 0xff, 0xff, 0xff, 0xff, 0xff, 0xff, 0xff, 0xff, 0xff, 0xff, 0xff, 0xff, 0xff, 
0xff, 0xff, 0xff, 0xff, 0xff, 0xff, 0x76, 0x4e, 0xd2, 0x05, 0xd2, 0x05, 0xd2, 0x05, 0xd2, 0x05, 
0xd2, 0x05, 0xd2, 0x05, 0xd2, 0x05, 0xd2, 0x05, 0xd2, 0x05, 0xd8, 0x7e, 0xff, 0xff, 0xff, 0xff, 
0xff, 0xff, 0xff, 0xff, 0xff, 0xff, 0xff, 0xff, 0xff, 0xff, 0xff, 0xff, 0xff, 0xff, 0xff, 0xff, 
0xff, 0xff, 0xff, 0xff, 0xff, 0xff, 0xff, 0xff, 0x55, 0x3e, 0xd2, 0x05, 0xd1, 0x05, 0xd2, 0x05, 
0xd2, 0x05, 0xd2, 0x05, 0xd1, 0x05, 0xd2, 0x05, 0xd2, 0x05, 0xd2, 0x05, 0xd1, 0x05, 0xd2, 0x05, 
0xd2, 0x05, 0xd2, 0x05, 0xd1, 0x05, 0xd2, 0x05, 0xd2, 0x05, 0xd2, 0x05, 0xd1, 0x05, 0xd2, 0x05, 
0xd2, 0x05, 0xff, 0xff, 0xff, 0xff, 0xff, 0xff, 0xff, 0xff, 0xff, 0xff, 0xff, 0xff, 0xff, 0xff, 
0xff, 0xff, 0xff, 0xff, 0xff, 0xff, 0xff, 0xff, 0xff, 0xff, 0xff, 0xff, 0xff, 0xff, 0xff, 0xff, 
0xff, 0xff, 0xff, 0xff, 0xff, 0xff, 0xff, 0xff, 0xff, 0xff, 0xff, 0xff, 0xff, 0xff, 0xff, 0xff, 
0xff, 0xff, 0xff, 0xff, 0xff, 0xff, 0xff, 0xff, 0xff, 0xff, 0xff, 0xff, 0xff, 0xff, 0xff, 0xff, 
0xff, 0xff, 0xff, 0xff, 0xff, 0xff, 0xff, 0xff, 0xff, 0xff, 0xff, 0xff, 0xff, 0xff, 0xff, 0xff, 
0xff, 0xff, 0xff, 0xff, 0xff, 0xff, 0xff, 0xff, 0xff, 0xff, 0xff, 0xff, 0xff, 0xff, 0xff, 0xff, 
0xff, 0xff, 0xff, 0xff, 0xff, 0xff, 0xff, 0xff, 0xff, 0xff, 0xff, 0xff, 0xff, 0xff, 0xff, 0xff, 
0xf3, 0x1d, 0xd2, 0x05, 0xd1, 0x05, 0xd2, 0x05, 0xd2, 0x05, 0xd2, 0x05, 0xd1, 0x05, 0xd2, 0x05, 
0xd2, 0x05, 0xd2, 0x05, 0xff, 0xf7, 0xff, 0xff, 0xff, 0xff, 0xff, 0xff, 0xff, 0xff, 0xff, 0xff, 
0xff, 0xff, 0xff, 0xff, 0xff, 0xff, 0xff, 0xff, 0xff, 0xff, 0xff, 0xff, 0xff, 0xff, 0xff, 0xff, 
0x76, 0x46, 0xd2, 0x05, 0xd2, 0x05, 0xd2, 0x05, 0xd2, 0x05, 0xd2, 0x05, 0xd2, 0x05, 0xd2, 0x05, 
0xd2, 0x05, 0xd2, 0x05, 0xd2, 0x05, 0xd2, 0x05, 0xd2, 0x05, 0xd2, 0x05, 0xd2, 0x05, 0xd2, 0x05, 
0xd2, 0x05, 0xd2, 0x05, 0xd2, 0x05, 0xd2, 0x05, 0xd2, 0x05, 0xd2, 0x05, 0xff, 0xff, 0xff, 0xff, 
0xff, 0xff, 0xff, 0xff, 0xff, 0xff, 0xff, 0xff, 0xff, 0xff, 0xff, 0xff, 0xff, 0xff, 0xff, 0xff, 
0xff, 0xff, 0xff, 0xff, 0xff, 0xff, 0xff, 0xff, 0xff, 0xff, 0xff, 0xff, 0xff, 0xff, 0xff, 0xff, 
0xff, 0xff, 0xff, 0xff, 0xff, 0xff, 0x9c, 0xcf, 0x97, 0x5e, 0x13, 0x1e, 0x7c, 0xcf, 0xff, 0xff, 
0xff, 0xff, 0xff, 0xff, 0xff, 0xff, 0xff, 0xff, 0xff, 0xff, 0xff, 0xff, 0xff, 0xff, 0xff, 0xff, 
0xff, 0xff, 0xff, 0xff, 0xff, 0xff, 0xff, 0xff, 0xff, 0xff, 0xff, 0xff, 0xff, 0xff, 0xff, 0xff, 
0xff, 0xff, 0xff, 0xff, 0xff, 0xff, 0xff, 0xff, 0xff, 0xff, 0xff, 0xff, 0xff, 0xff, 0xff, 0xff, 
0xff, 0xff, 0xff, 0xff, 0xff, 0xff, 0xff, 0xff, 0xff, 0xff, 0xd2, 0x05, 0xd2, 0x05, 0xd2, 0x05, 
0xd2, 0x05, 0xd2, 0x05, 0xd2, 0x05, 0xd2, 0x05, 0xd2, 0x05, 0xd2, 0x05, 0xf3, 0x15, 0xff, 0xff, 
0xff, 0xff, 0xff, 0xff, 0xff, 0xff, 0xff, 0xff, 0xff, 0xff, 0xff, 0xff, 0xff, 0xff, 0xff, 0xff, 
0xff, 0xff, 0xff, 0xff, 0xff, 0xff, 0xff, 0xff, 0x55, 0x3e, 0xd2, 0x05, 0xd2, 0x05, 0xd2, 0x05, 
0xd1, 0x05, 0xd2, 0x05, 0xd2, 0x05, 0xd2, 0x05, 0xd1, 0x05, 0xd2, 0x05, 0xd2, 0x05, 0xd2, 0x05, 
0xd1, 0x05, 0xd2, 0x05, 0xd2, 0x05, 0xd2, 0x05, 0xd1, 0x05, 0xd2, 0x05, 0xd2, 0x05, 0xd2, 0x05, 
0xd1, 0x05, 0xd2, 0x05, 0xd2, 0x05, 0xff, 0xff, 0xff, 0xff, 0xff, 0xff, 0xff, 0xff, 0xff, 0xff, 
0xff, 0xff, 0xff, 0xff, 0xff, 0xff, 0xff, 0xff, 0xff, 0xff, 0xff, 0xff, 0xff, 0xff, 0xff, 0xff, 
0xff, 0xff, 0xff, 0xff, 0xff, 0xff, 0xff, 0xff, 0xff, 0xff, 0xff, 0xff, 0x13, 0x26, 0xd2, 0x05, 
0xd1, 0x05, 0xd2, 0x05, 0xd2, 0x05, 0x97, 0x5e, 0xff, 0xff, 0xff, 0xff, 0xff, 0xff, 0xff, 0xff, 
0xff, 0xff, 0xff, 0xff, 0xff, 0xff, 0xff, 0xff, 0xff, 0xff, 0xff, 0xff, 0xff, 0xff, 0xff, 0xff, 
0xff, 0xff, 0xff, 0xff, 0xff, 0xff, 0xff, 0xff, 0xff, 0xff, 0xff, 0xff, 0xff, 0xff, 0xff, 0xff, 
0xff, 0xff, 0xff, 0xff, 0xff, 0xff, 0xff, 0xff, 0xff, 0xff, 0xff, 0xff, 0xff, 0xff, 0xff, 0xff, 
0xde, 0xf7, 0xde, 0xef, 0xd2, 0x05, 0xd2, 0x05, 0xd1, 0x05, 0xd2, 0x05, 0xd2, 0x05, 0xd2, 0x05, 
0xd1, 0x05, 0xd2, 0x05, 0xd2, 0x05, 0x3b, 0xaf, 0xff, 0xff, 0xff, 0xff, 0xff, 0xff, 0xff, 0xff, 
0xff, 0xff, 0xff, 0xff, 0xff, 0xff, 0xff, 0xff, 0xff, 0xff, 0xff, 0xff, 0xff, 0xff, 0xff, 0xff, 
0x75, 0x46, 0xd2, 0x05, 0xd2, 0x05, 0xd2, 0x05, 0xd2, 0x05, 0xd2, 0x05, 0xd2, 0x05, 0xd2, 0x05, 
0xd2, 0x05, 0xd2, 0x05, 0xd2, 0x05, 0xd2, 0x05, 0xd2, 0x05, 0xd2, 0x05, 0xd2, 0x05, 0xd2, 0x05, 
0xd2, 0x05, 0xd2, 0x05, 0xd2, 0x05, 0xd2, 0x05, 0xd2, 0x05, 0xd2, 0x05, 0xd2, 0x05, 0xd2, 0x05, 
0xff, 0xff, 0xff, 0xff, 0xff, 0xff, 0xff, 0xff, 0xff, 0xff, 0xff, 0xff, 0xff, 0xff, 0xff, 0xff, 
0xff, 0xff, 0xff, 0xff, 0xff, 0xff, 0xff, 0xff, 0xff, 0xff, 0xff, 0xff, 0xff, 0xff, 0xff, 0xff, 
0xff, 0xff, 0xf9, 0x86, 0xd2, 0x05, 0xd2, 0x05, 0xd2, 0x05, 0xd2, 0x05, 0xd2, 0x05, 0xd2, 0x05, 
0xff, 0xff, 0xff, 0xff, 0xff, 0xff, 0xff, 0xff, 0xff, 0xff, 0xff, 0xff, 0xff, 0xff, 0xff, 0xff, 
0xff, 0xff, 0xff, 0xff, 0xff, 0xff, 0xff, 0xff, 0xff, 0xff, 0xff, 0xff, 0xff, 0xff, 0xff, 0xff, 
0xff, 0xff, 0xff, 0xff, 0xff, 0xff, 0xff, 0xff, 0xff, 0xff, 0xff, 0xff, 0xff, 0xff, 0xff, 0xff, 
0xff, 0xff, 0xff, 0xff, 0xff, 0xff, 0xff, 0xff, 0xff, 0xff, 0xff, 0xff, 0x1a, 0x97, 0xd2, 0x05, 
0xd2, 0x05, 0xd2, 0x05, 0xd2, 0x05, 0xd2, 0x05, 0xd2, 0x05, 0xd2, 0x05, 0xd2, 0x05, 0xd2, 0x05, 
0xff, 0xff, 0xff, 0xff, 0xff, 0xff, 0xff, 0xff, 0xff, 0xff, 0xff, 0xff, 0xff, 0xff, 0xff, 0xff, 
0xff, 0xff, 0xff, 0xff, 0xff, 0xff, 0xff, 0xff, 0x55, 0x3e, 0xd2, 0x05, 0xd1, 0x05, 0xd2, 0x05, 
0xd2, 0x05, 0xd2, 0x05, 0xd1, 0x05, 0xd2, 0x05, 0xd2, 0x05, 0xd2, 0x05, 0xd1, 0x05, 0xd2, 0x05, 
0xd2, 0x05, 0xd2, 0x05, 0xd1, 0x05, 0xd2, 0x05, 0xd2, 0x05, 0xd2, 0x05, 0xd1, 0x05, 0xd2, 0x05, 
0xd2, 0x05, 0xd2, 0x05, 0xd1, 0x05, 0xd2, 0x05, 0xd2, 0x05, 0xff, 0xff, 0xff, 0xff, 0xff, 0xff, 
0xff, 0xff, 0xff, 0xff, 0xff, 0xff, 0xff, 0xff, 0xff, 0xff, 0xff, 0xff, 0xff, 0xff, 0xff, 0xff, 
0xff, 0xff, 0xff, 0xff, 0xff, 0xff, 0xff, 0xff, 0xdf, 0xff, 0xf3, 0x0d, 0xd1, 0x05, 0xd2, 0x05, 
0xd2, 0x05, 0xd2, 0x05, 0xd1, 0x05, 0xd2, 0x05, 0xd8, 0x7e, 0xff, 0xff, 0xff, 0xff, 0xff, 0xff, 
0xff, 0xff, 0xff, 0xff, 0xff, 0xff, 0xff, 0xff, 0xff, 0xff, 0xff, 0xff, 0xff, 0xff, 0xff, 0xff, 
0xff, 0xff, 0xff, 0xff, 0xff, 0xff, 0xff, 0xff, 0xff, 0xff, 0xff, 0xff, 0xff, 0xff, 0xff, 0xff, 
0xff, 0xff, 0xff, 0xff, 0xff, 0xff, 0xff, 0xff, 0xff, 0xff, 0xff, 0xff, 0xff, 0xff, 0xff, 0xff, 
0xff, 0xff, 0xff, 0xff, 0xde, 0xf7, 0xf3, 0x15, 0xd2, 0x05, 0xd2, 0x05, 0xd1, 0x05, 0xd2, 0x05, 
0xd2, 0x05, 0xd2, 0x05, 0xd1, 0x05, 0xd2, 0x05, 0xb7, 0x6e, 0xff, 0xff, 0xff, 0xff, 0xff, 0xff, 
0xff, 0xff, 0xff, 0xff, 0xff, 0xff, 0xff, 0xff, 0xff, 0xff, 0xff, 0xff, 0xff, 0xff, 0xff, 0xff, 
0x76, 0x46, 0xd2, 0x05, 0xd2, 0x05, 0xd2, 0x05, 0xd2, 0x05, 0xd2, 0x05, 0xd2, 0x05, 0xd2, 0x05, 
0xd2, 0x05, 0xd2, 0x05, 0xd2, 0x05, 0xd2, 0x05, 0xd2, 0x05, 0xd2, 0x05, 0xd2, 0x05, 0xd2, 0x05, 
0xd2, 0x05, 0xd2, 0x05, 0xd2, 0x05, 0xd2, 0x05, 0xd2, 0x05, 0xd2, 0x05, 0xd2, 0x05, 0xd2, 0x05, 
0xd2, 0x05, 0x3b, 0xaf, 0xff, 0xff, 0xff, 0xff, 0xff, 0xff, 0xff, 0xff, 0xff, 0xff, 0xff, 0xff, 
0xff, 0xff, 0xff, 0xff, 0xff, 0xff, 0xff, 0xff, 0xff, 0xff, 0xff, 0xff, 0xff, 0xff, 0xff, 0xff, 
0xff, 0xff, 0xd2, 0x05, 0xd2, 0x05, 0xd2, 0x05, 0xd2, 0x05, 0xd2, 0x05, 0xd2, 0x05, 0xd2, 0x05, 
0x76, 0x46, 0xff, 0xff, 0xff, 0xff, 0xff, 0xff, 0xff, 0xff, 0xff, 0xff, 0xff, 0xff, 0xff, 0xff, 
0xff, 0xff, 0xff, 0xff, 0xff, 0xff, 0xff, 0xff, 0xff, 0xff, 0xff, 0xff, 0xff, 0xff, 0xff, 0xff, 
0xff, 0xff, 0xff, 0xff, 0xff, 0xff, 0xff, 0xff, 0xff, 0xff, 0xff, 0xff, 0xff, 0xff, 0xff, 0xff, 
0xff, 0xff, 0xff, 0xff, 0xff, 0xff, 0xff, 0xff, 0xff, 0xff, 0xff, 0xff, 0xff, 0xff, 0xff, 0xff, 
0xd2, 0x05, 0xd2, 0x05, 0xd2, 0x05, 0xd2, 0x05, 0xd2, 0x05, 0xd2, 0x05, 0xd2, 0x05, 0xd2, 0x05, 
0xd2, 0x05, 0xff, 0xff, 0xff, 0xff, 0xff, 0xff, 0xff, 0xff, 0xff, 0xff, 0xff, 0xff, 0xff, 0xff, 
0xff, 0xff, 0xff, 0xff, 0xff, 0xff, 0xff, 0xff, 0x55, 0x3e, 0xd2, 0x05, 0xd2, 0x05, 0xd2, 0x05, 
0xd1, 0x05, 0xd2, 0x05, 0xd2, 0x05, 0xd2, 0x05, 0xd1, 0x05, 0xd2, 0x05, 0xd2, 0x05, 0xd2, 0x05, 
0xd1, 0x05, 0xd2, 0x05, 0xd2, 0x05, 0xd2, 0x05, 0xd1, 0x05, 0xd2, 0x05, 0xd2, 0x05, 0xd2, 0x05, 
0xd1, 0x05, 0xd2, 0x05, 0xd2, 0x05, 0xd2, 0x05, 0xd1, 0x05, 0xf9, 0x86, 0xff, 0xff, 0xff, 0xff, 
0xff, 0xff, 0xff, 0xff, 0xff, 0xff, 0xff, 0xff, 0xff, 0xff, 0xff, 0xff, 0xff, 0xff, 0xff, 0xff, 
0xff, 0xff, 0xff, 0xff, 0xff, 0xff, 0xff, 0xff, 0xff, 0xff, 0xd2, 0x05, 0xd2, 0x05, 0xd2, 0x05, 
0xd1, 0x05, 0xd2, 0x05, 0xd2, 0x05, 0xd2, 0x05, 0x55, 0x3e, 0xff, 0xff, 0xff, 0xff, 0xff, 0xff, 
0xff, 0xff, 0xff, 0xff, 0xff, 0xff, 0xff, 0xff, 0xff, 0xff, 0xff, 0xff, 0xff, 0xff, 0xff, 0xff, 
0xff, 0xff, 0xff, 0xff, 0xff, 0xff, 0xff, 0xff, 0xff, 0xff, 0xff, 0xff, 0xff, 0xff, 0xff, 0xff, 
0xff, 0xff, 0xff, 0xff, 0xff, 0xff, 0xff, 0xff, 0xff, 0xff, 0xff, 0xff, 0xff, 0xff, 0xff, 0xff, 
0xff, 0xff, 0xff, 0xff, 0xff, 0xff, 0xff, 0xff, 0x96, 0x5e, 0xd2, 0x05, 0xd2, 0x05, 0xd2, 0x05, 
0xd1, 0x05, 0xd2, 0x05, 0xd2, 0x05, 0xd2, 0x05, 0xd1, 0x05, 0x19, 0x97, 0xff, 0xff, 0xff, 0xff, 
0xff, 0xff, 0xff, 0xff, 0xff, 0xff, 0xff, 0xff, 0xff, 0xff, 0xff, 0xff, 0xff, 0xff, 0xff, 0xff, 
0xd8, 0x7e, 0xd2, 0x05, 0xd2, 0x05, 0xd2, 0x05, 0xd2, 0x05, 0xd2, 0x05, 0xd2, 0x05, 0xd2, 0x05, 
0xd2, 0x05, 0xd2, 0x05, 0xd2, 0x05, 0xd2, 0x05, 0xd2, 0x05, 0xd2, 0x05, 0xd2, 0x05, 0xd2, 0x05, 
0xd2, 0x05, 0xd2, 0x05, 0xd2, 0x05, 0xd2, 0x05, 0xd2, 0x05, 0xd2, 0x05, 0xd2, 0x05, 0xd2, 0x05, 
0xd2, 0x05, 0x3a, 0xa7, 0xff, 0xff, 0xff, 0xff, 0xff, 0xff, 0xff, 0xff, 0xff, 0xff, 0xff, 0xff, 
0xff, 0xff, 0xff, 0xff, 0xff, 0xff, 0xff, 0xff, 0xff, 0xff, 0xff, 0xff, 0xff, 0xff, 0xff, 0xff, 
0xff, 0xff, 0xd2, 0x05, 0xd2, 0x05, 0xd2, 0x05, 0xd2, 0x05, 0xd2, 0x05, 0xd2, 0x05, 0xd2, 0x05, 
0x75, 0x46, 0xff, 0xff, 0xff, 0xff, 0xff, 0xff, 0xff, 0xff, 0xff, 0xff, 0xff, 0xff, 0xff, 0xff, 
0xff, 0xff, 0xff, 0xff, 0xff, 0xff, 0xff, 0xff, 0xff, 0xff, 0xff, 0xff, 0xff, 0xff, 0xff, 0xff, 
0xff, 0xff, 0xff, 0xff, 0xff, 0xff, 0xff, 0xff, 0xff, 0xff, 0xff, 0xff, 0xff, 0xff, 0xff, 0xff, 
0xff, 0xff, 0xff, 0xff, 0xff, 0xff, 0xff, 0xff, 0xff, 0xff, 0xff, 0xff, 0xff, 0xff, 0xff, 0xff, 
0xff, 0xff, 0xd2, 0x05, 0xd2, 0x05, 0xd2, 0x05, 0xd2, 0x05, 0xd2, 0x05, 0xd2, 0x05, 0xd2, 0x05, 
0xd2, 0x05, 0xd2, 0x05, 0xff, 0xff, 0xff, 0xff, 0xff, 0xff, 0xff, 0xff, 0xff, 0xff, 0xff, 0xff, 
0xff, 0xff, 0xff, 0xff, 0xff, 0xff, 0xff, 0xff, 0x7c, 0xcf, 0xd2, 0x05, 0xd1, 0x05, 0xd2, 0x05, 
0xd2, 0x05, 0xd2, 0x05, 0xd1, 0x05, 0xd2, 0x05, 0xd2, 0x05, 0xd2, 0x05, 0xd1, 0x05, 0xd2, 0x05, 
0xd2, 0x05, 0xd2, 0x05, 0xd1, 0x05, 0xd2, 0x05, 0xd2, 0x05, 0xd2, 0x05, 0xd1, 0x05, 0xd2, 0x05, 
0xd2, 0x05, 0xd2, 0x05, 0xd1, 0x05, 0xd2, 0x05, 0xd2, 0x05, 0xff, 0xff, 0xff, 0xff, 0xff, 0xff, 
0xff, 0xff, 0xff, 0xff, 0xff, 0xff, 0xff, 0xff, 0xff, 0xff, 0xff, 0xff, 0xff, 0xff, 0xff, 0xff, 
0xff, 0xff, 0xff, 0xff, 0xff, 0xff, 0xff, 0xff, 0xff, 0xff, 0xd2, 0x05, 0xd1, 0x05, 0xd2, 0x05, 
0xd2, 0x05, 0xd2, 0x05, 0xd1, 0x05, 0xd2, 0x05, 0x55, 0x3e, 0xff, 0xff, 0xff, 0xff, 0xff, 0xff, 
0xff, 0xff, 0xff, 0xff, 0xff, 0xff, 0xff, 0xff, 0xff, 0xff, 0xff, 0xff, 0xff, 0xff, 0xff, 0xff, 
0xff, 0xff, 0xff, 0xff, 0xff, 0xff, 0xff, 0xff, 0xff, 0xff, 0xff, 0xff, 0xff, 0xff, 0xff, 0xff, 
0xff, 0xff, 0xff, 0xff, 0xff, 0xff, 0xff, 0xff, 0xff, 0xff, 0xff, 0xff, 0xff, 0xff, 0xff, 0xff, 
0xff, 0xff, 0xff, 0xff, 0xff, 0xff, 0xff, 0xff, 0xdf, 0xff, 0xd8, 0x86, 0xd1, 0x05, 0xd2, 0x05, 
0xd2, 0x05, 0xd2, 0x05, 0xd1, 0x05, 0xd2, 0x05, 0xd2, 0x05, 0xd2, 0x05, 0x5b, 0xb7, 0xff, 0xff, 
0xff, 0xff, 0xff, 0xff, 0xff, 0xff, 0xff, 0xff, 0xff, 0xff, 0xff, 0xff, 0xff, 0xff, 0xff, 0xff, 
0xff, 0xff, 0xf3, 0x1d, 0xd2, 0x05, 0xd2, 0x05, 0xd2, 0x05, 0xd2, 0x05, 0xd2, 0x05, 0xd2, 0x05, 
0xd2, 0x05, 0xd2, 0x05, 0xd2, 0x05, 0xd2, 0x05, 0xd2, 0x05, 0xd2, 0x05, 0xd2, 0x05, 0xd2, 0x05, 
0xd2, 0x05, 0xd2, 0x05, 0xd2, 0x05, 0xd2, 0x05, 0xd2, 0x05, 0xd2, 0x05, 0xd2, 0x05, 0xd2, 0x05, 
0x3b, 0xaf, 0xff, 0xff, 0xff, 0xff, 0xff, 0xff, 0xff, 0xff, 0xff, 0xff, 0xff, 0xff, 0xff, 0xff, 
0xff, 0xff, 0xff, 0xff, 0xff, 0xff, 0xff, 0xff, 0xff, 0xff, 0xff, 0xff, 0xff, 0xff, 0xff, 0xff, 
0xff, 0xff, 0xd2, 0x05, 0xd2, 0x05, 0xd2, 0x05, 0xd2, 0x05, 0xd2, 0x05, 0xd2, 0x05, 0xd2, 0x05, 
0x76, 0x46, 0xff, 0xff, 0xff, 0xff, 0xff, 0xff, 0xff, 0xff, 0xff, 0xff, 0xff, 0xff, 0xff, 0xff, 
0xff, 0xff, 0xff, 0xff, 0xff, 0xff, 0xff, 0xff, 0xff, 0xff, 0xff, 0xff, 0xff, 0xff, 0xff, 0xff, 
0xff, 0xff, 0xff, 0xff, 0xff, 0xff, 0xff, 0xff, 0xff, 0xff, 0xff, 0xff, 0xff, 0xff, 0xff, 0xff, 
0xff, 0xff, 0xff, 0xff, 0xff, 0xff, 0xff, 0xff, 0xff, 0xff, 0xff, 0xff, 0xff, 0xff, 0xff, 0xff, 
0xff, 0xff, 0xff, 0xff, 0xd2, 0x05, 0xd2, 0x05, 0xd2, 0x05, 0xd2, 0x05, 0xd2, 0x05, 0xd2, 0x05, 
0xd2, 0x05, 0xd2, 0x05, 0x14, 0x1e, 0xff, 0xff, 0xff, 0xff, 0xff, 0xff, 0xff, 0xff, 0xff, 0xff, 
0xff, 0xff, 0xff, 0xff, 0xff, 0xff, 0xff, 0xff, 0xff, 0xff, 0xff, 0xff, 0x5b, 0xb7, 0xf3, 0x15, 
0xd1, 0x05, 0xd2, 0x05, 0xd2, 0x05, 0xd2, 0x05, 0xd1, 0x05, 0xd2, 0x05, 0xd2, 0x05, 0xd2, 0x05, 
0xd1, 0x05, 0xd2, 0x05, 0xd2, 0x05, 0xd2, 0x05, 0xd1, 0x05, 0xd2, 0x05, 0xd2, 0x05, 0xd2, 0x05, 
0xd1, 0x05, 0xd2, 0x05, 0xf3, 0x1d, 0xbe, 0xe7, 0xff, 0xff, 0xff, 0xff, 0xff, 0xff, 0xff, 0xff, 
0xff, 0xff, 0xff, 0xff, 0xff, 0xff, 0xff, 0xff, 0xff, 0xff, 0xff, 0xff, 0xff, 0xff, 0xff, 0xff, 
0xff, 0xff, 0xff, 0xff, 0xff, 0xff, 0xff, 0xff, 0xff, 0xff, 0xd2, 0x05, 0xd2, 0x05, 0xd2, 0x05, 
0xd1, 0x05, 0xd2, 0x05, 0xd2, 0x05, 0xd2, 0x05, 0x55, 0x3e, 0xff, 0xff, 0xff, 0xff, 0xff, 0xff, 
0xff, 0xff, 0xff, 0xff, 0xff, 0xff, 0xff, 0xff, 0xff, 0xff, 0xff, 0xff, 0xff, 0xff, 0xff, 0xff, 
0xff, 0xff, 0xff, 0xff, 0xff, 0xff, 0xff, 0xff, 0xff, 0xff, 0xff, 0xff, 0xff, 0xff, 0xff, 0xff, 
0xff, 0xff, 0xff, 0xff, 0xff, 0xff, 0xff, 0xff, 0xff, 0xff, 0xff, 0xff, 0xff, 0xff, 0xff, 0xff, 
0xff, 0xff, 0xff, 0xff, 0xff, 0xff, 0xff, 0xff, 0xff, 0xff, 0xff, 0xff, 0xd8, 0x7e, 0xd2, 0x05, 
0xd1, 0x05, 0xd2, 0x05, 0xd2, 0x05, 0xd2, 0x05, 0xd1, 0x05, 0xd2, 0x05, 0xd2, 0x05, 0xff, 0xff, 
0xff, 0xff, 0xff, 0xff, 0xff, 0xff, 0xff, 0xff, 0xff, 0xff, 0xff, 0xff, 0xff, 0xff, 0xff, 0xff, 
0xff, 0xff, 0xff, 0xff, 0xff, 0xff, 0xff, 0xff, 0xff, 0xff, 0xff, 0xff, 0xff, 0xff, 0xff, 0xff, 
0xff, 0xff, 0xff, 0xff, 0xff, 0xff, 0xff, 0xff, 0xff, 0xff, 0xff, 0xff, 0xff, 0xff, 0xff, 0xff, 
0xff, 0xff, 0xff, 0xff, 0xff, 0xff, 0xff, 0xff, 0xff, 0xff, 0xff, 0xff, 0xff, 0xff, 0xff, 0xff, 
0xff, 0xff, 0xff, 0xff, 0xff, 0xff, 0xff, 0xff, 0xff, 0xff, 0xff, 0xff, 0xff, 0xff, 0xff, 0xff, 
0xff, 0xff, 0xff, 0xff, 0xff, 0xff, 0xff, 0xff, 0xff, 0xff, 0xff, 0xff, 0xff, 0xff, 0xff, 0xff, 
0xff, 0xff, 0xd2, 0x05, 0xd2, 0x05, 0xd2, 0x05, 0xd2, 0x05, 0xd2, 0x05, 0xd2, 0x05, 0xd2, 0x05, 
0x75, 0x46, 0xff, 0xff, 0xff, 0xff, 0xff, 0xff, 0xff, 0xff, 0xff, 0xff, 0xff, 0xff, 0xff, 0xff, 
0xff, 0xff, 0xff, 0xff, 0xff, 0xff, 0xff, 0xff, 0xff, 0xff, 0xff, 0xff, 0xff, 0xff, 0xff, 0xff, 
0xff, 0xff, 0xff, 0xff, 0xff, 0xff, 0xff, 0xff, 0xff, 0xff, 0xff, 0xff, 0xff, 0xff, 0xff, 0xff, 
0xff, 0xff, 0xff, 0xff, 0xff, 0xff, 0xff, 0xff, 0xff, 0xff, 0xff, 0xff, 0xff, 0xff, 0xff, 0xff, 
0xff, 0xff, 0xff, 0xff, 0xff, 0xff, 0xd2, 0x05, 0xd2, 0x05, 0xd2, 0x05, 0xd2, 0x05, 0xd2, 0x05, 
0xd2, 0x05, 0xd2, 0x05, 0xd2, 0x05, 0x19, 0x97, 0xff, 0xff, 0xff, 0xff, 0xff, 0xff, 0xff, 0xff, 
0xff, 0xff, 0xff, 0xff, 0xff, 0xff, 0xff, 0xff, 0xff, 0xff, 0xff, 0xff, 0xff, 0xff, 0xff, 0xff, 
0xff, 0xff, 0xff, 0xff, 0xff, 0xff, 0xff, 0xff, 0xff, 0xff, 0xff, 0xff, 0xff, 0xff, 0xff, 0xff, 
0xff, 0xff, 0xff, 0xff, 0xff, 0xff, 0xff, 0xff, 0xff, 0xff, 0xff, 0xff, 0xff, 0xff, 0xff, 0xff, 
0xff, 0xff, 0xff, 0xff, 0xff, 0xff, 0xff, 0xff, 0xff, 0xff, 0xff, 0xff, 0xff, 0xff, 0xff, 0xff, 
0xff, 0xff, 0xff, 0xff, 0xff, 0xff, 0xff, 0xff, 0xff, 0xff, 0xff, 0xff, 0xff, 0xff, 0xff, 0xff, 
0xff, 0xff, 0xff, 0xff, 0xff, 0xff, 0xff, 0xff, 0xff, 0xff, 0xd2, 0x05, 0xd1, 0x05, 0xd2, 0x05, 
0xd2, 0x05, 0xd2, 0x05, 0xd1, 0x05, 0xd2, 0x05, 0x55, 0x3e, 0xff, 0xff, 0xff, 0xff, 0xff, 0xff, 
0xff, 0xff, 0xff, 0xff, 0xff, 0xff, 0xff, 0xff, 0xff, 0xff, 0xff, 0xff, 0xff, 0xff, 0xff, 0xff, 
0xff, 0xff, 0xff, 0xff, 0xff, 0xff, 0xff, 0xff, 0xff, 0xff, 0xff, 0xff, 0xff, 0xff, 0xff, 0xff, 
0xff, 0xff, 0xff, 0xff, 0xff, 0xff, 0xff, 0xff, 0xff, 0xff, 0xff, 0xff, 0xff, 0xff, 0xff, 0xff, 
0xff, 0xff, 0xff, 0xff, 0xff, 0xff, 0xff, 0xff, 0xff, 0xff, 0xff, 0xff, 0xde, 0xf7, 0x13, 0x26, 
0xd2, 0x05, 0xd2, 0x05, 0xd1, 0x05, 0xd2, 0x05, 0xd2, 0x05, 0xd2, 0x05, 0xd1, 0x05, 0xd2, 0x05, 
0xff, 0xff, 0xff, 0xff, 0xff, 0xff, 0xff, 0xff, 0xff, 0xff, 0xff, 0xff, 0xff, 0xff, 0xff, 0xff, 
0xff, 0xff, 0xff, 0xff, 0xff, 0xff, 0xff, 0xff, 0xff, 0xff, 0xff, 0xff, 0xff, 0xff, 0xff, 0xff, 
0xff, 0xff, 0xff, 0xff, 0xff, 0xff, 0xff, 0xff, 0xff, 0xff, 0xff, 0xff, 0xff, 0xff, 0xff, 0xff, 
0xff, 0xff, 0xff, 0xff, 0xff, 0xff, 0xff, 0xff, 0xff, 0xff, 0xff, 0xff, 0xff, 0xff, 0xff, 0xff, 
0xff, 0xff, 0xff, 0xff, 0xff, 0xff, 0xff, 0xff, 0xff, 0xff, 0xff, 0xff, 0xff, 0xff, 0xff, 0xff, 
0xff, 0xff, 0xff, 0xff, 0xff, 0xff, 0xff, 0xff, 0xff, 0xff, 0xff, 0xff, 0xff, 0xff, 0xff, 0xff, 
0xff, 0xff, 0xd2, 0x05, 0xd2, 0x05, 0xd2, 0x05, 0xd2, 0x05, 0xd2, 0x05, 0xd2, 0x05, 0xd2, 0x05, 
0x76, 0x46, 0xff, 0xff, 0xff, 0xff, 0xff, 0xff, 0xff, 0xff, 0xff, 0xff, 0xff, 0xff, 0xff, 0xff, 
0xff, 0xff, 0xff, 0xff, 0xff, 0xff, 0xff, 0xff, 0xff, 0xff, 0xff, 0xff, 0xff, 0xff, 0xff, 0xff, 
0xff, 0xff, 0xff, 0xff, 0xff, 0xff, 0xff, 0xff, 0xff, 0xff, 0xff, 0xff, 0xff, 0xff, 0xff, 0xff, 
0xff, 0xff, 0xff, 0xff, 0xff, 0xff, 0xff, 0xff, 0xff, 0xff, 0xff, 0xff, 0xff, 0xff, 0xff, 0xff, 
0xff, 0xff, 0xff, 0xff, 0xff, 0xff, 0x7c, 0xbf, 0xd2, 0x05, 0xd2, 0x05, 0xd2, 0x05, 0xd2, 0x05, 
0xd2, 0x05, 0xd2, 0x05, 0xd2, 0x05, 0xd2, 0x05, 0xff, 0xff, 0xff, 0xff, 0xff, 0xff, 0xff, 0xff, 
0xff, 0xff, 0xff, 0xff, 0xff, 0xff, 0xff, 0xff, 0xff, 0xff, 0xff, 0xff, 0xff, 0xff, 0xff, 0xff, 
0xff, 0xff, 0xff, 0xff, 0xff, 0xff, 0xff, 0xff, 0xff, 0xff, 0xff, 0xff, 0xff, 0xff, 0xff, 0xff, 
0xff, 0xff, 0xff, 0xff, 0xff, 0xff, 0xff, 0xff, 0xff, 0xff, 0xff, 0xff, 0xff, 0xff, 0xff, 0xff, 
0xff, 0xff, 0xff, 0xff, 0xff, 0xff, 0xff, 0xff, 0xff, 0xff, 0xff, 0xff, 0xff, 0xff, 0xff, 0xff, 
0xff, 0xff, 0xff, 0xff, 0xff, 0xff, 0xff, 0xff, 0xff, 0xff, 0xff, 0xff, 0xff, 0xff, 0xff, 0xff, 
0xff, 0xff, 0xff, 0xff, 0xff, 0xff, 0xff, 0xff, 0xff, 0xff, 0xd2, 0x05, 0xd2, 0x05, 0xd2, 0x05, 
0xd1, 0x05, 0xd2, 0x05, 0xd2, 0x05, 0xd2, 0x05, 0x55, 0x3e, 0xff, 0xff, 0xff, 0xff, 0xff, 0xff, 
0xff, 0xff, 0xff, 0xff, 0xff, 0xff, 0xff, 0xff, 0xff, 0xff, 0xff, 0xff, 0xff, 0xff, 0xff, 0xff, 
0xff, 0xff, 0xff, 0xff, 0xff, 0xff, 0xff, 0xff, 0xff, 0xff, 0xff, 0xff, 0xff, 0xff, 0xff, 0xff, 
0xff, 0xff, 0xff, 0xff, 0xff, 0xff, 0xff, 0xff, 0xff, 0xff, 0xff, 0xff, 0xff, 0xff, 0xff, 0xff, 
0xff, 0xff, 0xff, 0xff, 0xff, 0xff, 0xff, 0xff, 0xff, 0xff, 0xff, 0xff, 0xff, 0xff, 0xff, 0xff, 
0xd1, 0x05, 0xd2, 0x05, 0xd2, 0x05, 0xd2, 0x05, 0xd1, 0x05, 0xd2, 0x05, 0xd2, 0x05, 0xd2, 0x05, 
0x3a, 0xa7, 0xff, 0xff, 0xff, 0xff, 0xff, 0xff, 0xff, 0xff, 0xff, 0xff, 0xff, 0xff, 0xff, 0xff, 
0xff, 0xff, 0xff, 0xff, 0xff, 0xff, 0xff, 0xff, 0xff, 0xff, 0xff, 0xff, 0xff, 0xff, 0xff, 0xff, 
0xff, 0xff, 0xff, 0xff, 0xff, 0xff, 0xff, 0xff, 0xff, 0xff, 0xff, 0xff, 0xff, 0xff, 0xff, 0xff, 
0xff, 0xff, 0xff, 0xff, 0xff, 0xff, 0xff, 0xff, 0xff, 0xff, 0xff, 0xff, 0xff, 0xff, 0xff, 0xff, 
0xff, 0xff, 0xff, 0xff, 0xff, 0xff, 0xff, 0xff, 0xff, 0xff, 0xff, 0xff, 0xff, 0xff, 0xff, 0xff, 
0xff, 0xff, 0xff, 0xff, 0xff, 0xff, 0xff, 0xff, 0xff, 0xff, 0xff, 0xff, 0xff, 0xff, 0xff, 0xff, 
0xff, 0xff, 0xd2, 0x05, 0xd2, 0x05, 0xd2, 0x05, 0xd2, 0x05, 0xd2, 0x05, 0xd2, 0x05, 0xd2, 0x05, 
0x75, 0x46, 0xff, 0xff, 0xff, 0xff, 0xff, 0xff, 0xff, 0xff, 0xff, 0xff, 0xff, 0xff, 0xff, 0xff, 
0xff, 0xff, 0xff, 0xff, 0xff, 0xff, 0xff, 0xff, 0xff, 0xff, 0xff, 0xff, 0xff, 0xff, 0xff, 0xff, 
0xff, 0xff, 0xff, 0xff, 0xff, 0xff, 0xff, 0xff, 0xff, 0xff, 0xff, 0xff, 0xff, 0xff, 0xff, 0xff, 
0xff, 0xff, 0xff, 0xff, 0xff, 0xff, 0xff, 0xff, 0xff, 0xff, 0xff, 0xff, 0xff, 0xff, 0xff, 0xff, 
0xff, 0xff, 0xff, 0xff, 0xff, 0xff, 0xff, 0xff, 0xf3, 0x0d, 0xd2, 0x05, 0xd2, 0x05, 0xd2, 0x05, 
0xd2, 0x05, 0xd2, 0x05, 0xd2, 0x05, 0xd2, 0x05, 0x34, 0x2e, 0xff, 0xff, 0xff, 0xff, 0xff, 0xff, 
0xff, 0xff, 0xff, 0xff, 0xff, 0xff, 0xff, 0xff, 0xff, 0xff, 0xff, 0xff, 0xff, 0xff, 0xff, 0xff, 
0xff, 0xff, 0xff, 0xff, 0xff, 0xff, 0xff, 0xff, 0xff, 0xff, 0xff, 0xff, 0xff, 0xff, 0xff, 0xff, 
0xff, 0xff, 0xff, 0xff, 0xff, 0xff, 0xff, 0xff, 0xff, 0xff, 0xff, 0xff, 0xff, 0xff, 0xff, 0xff, 
0xff, 0xff, 0xff, 0xff, 0xff, 0xff, 0xff, 0xff, 0xff, 0xff, 0xff, 0xff, 0xff, 0xff, 0xff, 0xff, 
0xff, 0xff, 0xff, 0xff, 0xff, 0xff, 0xff, 0xff, 0xff, 0xff, 0xff, 0xff, 0xff, 0xff, 0xff, 0xff, 
0xff, 0xff, 0xff, 0xff, 0xff, 0xff, 0xff, 0xff, 0xff, 0xff, 0xd2, 0x05, 0xd1, 0x05, 0xd2, 0x05, 
0xd2, 0x05, 0xd2, 0x05, 0xd1, 0x05, 0xd2, 0x05, 0x55, 0x3e, 0xff, 0xff, 0xff, 0xff, 0xff, 0xff, 
0xff, 0xff, 0xff, 0xff, 0xff, 0xff, 0xff, 0xff, 0xff, 0xff, 0xff, 0xff, 0xff, 0xff, 0xff, 0xff, 
0xff, 0xff, 0xff, 0xff, 0xff, 0xff, 0xff, 0xff, 0xff, 0xff, 0xff, 0xff, 0xff, 0xff, 0xff, 0xff, 
0xff, 0xff, 0xff, 0xff, 0xff, 0xff, 0xff, 0xff, 0xff, 0xff, 0xff, 0xff, 0xff, 0xff, 0xff, 0xff, 
0xff, 0xff, 0xff, 0xff, 0xff, 0xff, 0xff, 0xff, 0xff, 0xff, 0xff, 0xff, 0xff, 0xff, 0xff, 0xff, 
0xf9, 0x8e, 0xd2, 0x05, 0xd1, 0x05, 0xd2, 0x05, 0xd2, 0x05, 0xd2, 0x05, 0xd1, 0x05, 0xd2, 0x05, 
0xd2, 0x05, 0xff, 0xff, 0xff, 0xff, 0xff, 0xff, 0xff, 0xff, 0xff, 0xff, 0xff, 0xff, 0xff, 0xff, 
0xff, 0xff, 0xff, 0xff, 0xff, 0xff, 0xff, 0xff, 0xff, 0xff, 0xff, 0xff, 0xff, 0xff, 0xff, 0xff, 
0xff, 0xff, 0xff, 0xff, 0xff, 0xff, 0xff, 0xff, 0xff, 0xff, 0xff, 0xff, 0xff, 0xff, 0xff, 0xff, 
0xff, 0xff, 0xff, 0xff, 0xff, 0xff, 0xff, 0xff, 0xff, 0xff, 0xff, 0xff, 0xff, 0xff, 0xff, 0xff, 
0xff, 0xff, 0xff, 0xff, 0xff, 0xff, 0xff, 0xff, 0xff, 0xff, 0xff, 0xff, 0xff, 0xff, 0xff, 0xff, 
0xff, 0xff, 0xff, 0xff, 0xff, 0xff, 0xff, 0xff, 0xff, 0xff, 0xff, 0xff, 0xff, 0xff, 0xff, 0xff, 
0xff, 0xff, 0xd2, 0x05, 0xd2, 0x05, 0xd2, 0x05, 0xd2, 0x05, 0xd2, 0x05, 0xd2, 0x05, 0xd2, 0x05, 
0x76, 0x46, 0xff, 0xff, 0xff, 0xff, 0xff, 0xff, 0xff, 0xff, 0xff, 0xff, 0xff, 0xff, 0xff, 0xff, 
0xff, 0xff, 0xff, 0xff, 0xff, 0xff, 0xff, 0xff, 0xff, 0xff, 0xff, 0xff, 0xff, 0xff, 0xff, 0xff, 
0xff, 0xff, 0xff, 0xff, 0xff, 0xff, 0xff, 0xff, 0xff, 0xff, 0xff, 0xff, 0xff, 0xff, 0xff, 0xff, 
0xff, 0xff, 0xff, 0xff, 0xff, 0xff, 0xff, 0xff, 0xff, 0xff, 0xff, 0xff, 0xff, 0xff, 0xff, 0xff, 
0xff, 0xff, 0xff, 0xff, 0xff, 0xff, 0xff, 0xff, 0xff, 0xff, 0xd2, 0x05, 0xd2, 0x05, 0xd2, 0x05, 
0xd2, 0x05, 0xd2, 0x05, 0xd2, 0x05, 0xd2, 0x05, 0xd2, 0x05, 0xff, 0xff, 0xff, 0xff, 0xff, 0xff, 
0xff, 0xff, 0xff, 0xff, 0xff, 0xff, 0xff, 0xff, 0xff, 0xff, 0xff, 0xff, 0xff, 0xff, 0xff, 0xff, 
0xff, 0xff, 0xff, 0xff, 0xff, 0xff, 0xff, 0xff, 0xff, 0xff, 0xff, 0xff, 0xff, 0xff, 0xff, 0xff, 
0xff, 0xff, 0xff, 0xff, 0xff, 0xff, 0xff, 0xff, 0xff, 0xff, 0xff, 0xff, 0xff, 0xff, 0xff, 0xff, 
0xff, 0xff, 0xff, 0xff, 0xff, 0xff, 0xff, 0xff, 0xff, 0xff, 0xff, 0xff, 0xff, 0xff, 0xff, 0xff, 
0xff, 0xff, 0xff, 0xff, 0xff, 0xff, 0xff, 0xff, 0xff, 0xff, 0xff, 0xff, 0xff, 0xff, 0xff, 0xff, 
0xff, 0xff, 0xff, 0xff, 0xff, 0xff, 0xff, 0xff, 0xff, 0xff, 0xd2, 0x05, 0xd2, 0x05, 0xd2, 0x05, 
0xd1, 0x05, 0xd2, 0x05, 0xd2, 0x05, 0xd2, 0x05, 0x55, 0x3e, 0xff, 0xff, 0xff, 0xff, 0xff, 0xff, 
0xff, 0xff, 0xff, 0xff, 0xff, 0xff, 0xff, 0xff, 0xff, 0xff, 0xff, 0xff, 0xff, 0xff, 0xff, 0xff, 
0xff, 0xff, 0xff, 0xff, 0xff, 0xff, 0xff, 0xff, 0xff, 0xff, 0xff, 0xff, 0xff, 0xff, 0xff, 0xff, 
0xff, 0xff, 0xff, 0xff, 0xff, 0xff, 0xff, 0xff, 0xff, 0xff, 0xff, 0xff, 0xff, 0xff, 0xff, 0xff, 
0xff, 0xff, 0xff, 0xff, 0xff, 0xff, 0xff, 0xff, 0xff, 0xff, 0xff, 0xff, 0xff, 0xff, 0xff, 0xff, 
0xff, 0xff, 0xd2, 0x05, 0xd2, 0x05, 0xd2, 0x05, 0xd1, 0x05, 0xd2, 0x05, 0xd2, 0x05, 0xd2, 0x05, 
0xd1, 0x05, 0x7c, 0xc7, 0xff, 0xff, 0xff, 0xff, 0xff, 0xff, 0xff, 0xff, 0xff, 0xff, 0xff, 0xff, 
0xff, 0xff, 0xff, 0xff, 0xff, 0xff, 0xff, 0xff, 0xff, 0xff, 0xff, 0xff, 0xff, 0xff, 0xff, 0xff, 
0xff, 0xff, 0xff, 0xff, 0xff, 0xff, 0xff, 0xff, 0xff, 0xff, 0xff, 0xff, 0xff, 0xff, 0xff, 0xff, 
0xff, 0xff, 0xff, 0xff, 0xff, 0xff, 0xff, 0xff, 0xff, 0xff, 0xff, 0xff, 0xff, 0xff, 0xff, 0xff, 
0xff, 0xff, 0xff, 0xff, 0xff, 0xff, 0xff, 0xff, 0xff, 0xff, 0xff, 0xff, 0xff, 0xff, 0xff, 0xff, 
0xff, 0xff, 0xff, 0xff, 0xff, 0xff, 0xff, 0xff, 0xff, 0xff, 0xff, 0xff, 0xff, 0xff, 0xff, 0xff, 
0xff, 0xff, 0xd2, 0x05, 0xd2, 0x05, 0xd2, 0x05, 0xd2, 0x05, 0xd2, 0x05, 0xd2, 0x05, 0xd2, 0x05, 
0x75, 0x46, 0xff, 0xff, 0xff, 0xff, 0xff, 0xff, 0xff, 0xff, 0xff, 0xff, 0xff, 0xff, 0xff, 0xff, 
0xff, 0xff, 0xff, 0xff, 0xff, 0xff, 0xff, 0xff, 0xff, 0xff, 0xff, 0xff, 0xff, 0xff, 0xff, 0xff, 
0xff, 0xff, 0xff, 0xff, 0xff, 0xff, 0xff, 0xff, 0xff, 0xff, 0xff, 0xff, 0xff, 0xff, 0xff, 0xff, 
0xff, 0xff, 0xff, 0xff, 0xff, 0xff, 0xff, 0xff, 0xff, 0xff, 0xff, 0xff, 0xff, 0xff, 0xff, 0xff, 
0xff, 0xff, 0xff, 0xff, 0xff, 0xff, 0xff, 0xff, 0xff, 0xff, 0xd2, 0x05, 0xd2, 0x05, 0xd2, 0x05, 
0xd2, 0x05, 0xd2, 0x05, 0xd2, 0x05, 0xd2, 0x05, 0xd2, 0x05, 0xd8, 0x7e, 0xff, 0xff, 0xff, 0xff, 
0xff, 0xff, 0xff, 0xff, 0xff, 0xff, 0xff, 0xff, 0xff, 0xff, 0xff, 0xff, 0xff, 0xff, 0xff, 0xff, 
0xff, 0xff, 0xff, 0xff, 0xff, 0xff, 0xff, 0xff, 0xff, 0xff, 0xff, 0xff, 0xff, 0xff, 0xff, 0xff, 
0xff, 0xff, 0xff, 0xff, 0xff, 0xff, 0xff, 0xff, 0xff, 0xff, 0xff, 0xff, 0xff, 0xff, 0xff, 0xff, 
0xff, 0xff, 0xff, 0xff, 0xff, 0xff, 0xff, 0xff, 0xff, 0xff, 0xff, 0xff, 0xff, 0xff, 0xff, 0xff, 
0xff, 0xff, 0xff, 0xff, 0xff, 0xff, 0xff, 0xff, 0xff, 0xff, 0xff, 0xff, 0xff, 0xff, 0xff, 0xff, 
0xff, 0xff, 0xff, 0xff, 0xff, 0xff, 0xff, 0xff, 0xff, 0xff, 0xd2, 0x05, 0xd1, 0x05, 0xd2, 0x05, 
0xd2, 0x05, 0xd2, 0x05, 0xd1, 0x05, 0xd2, 0x05, 0x55, 0x3e, 0xff, 0xff, 0xff, 0xff, 0xff, 0xff, 
0xff, 0xff, 0xff, 0xff, 0xff, 0xff, 0xff, 0xff, 0xff, 0xff, 0xff, 0xff, 0xff, 0xff, 0xff, 0xff, 
0xff, 0xff, 0xff, 0xff, 0xff, 0xff, 0xff, 0xff, 0xff, 0xff, 0xff, 0xff, 0xff, 0xff, 0xff, 0xff, 
0xff, 0xff, 0xff, 0xff, 0xff, 0xff, 0xff, 0xff, 0xff, 0xff, 0xff, 0xff, 0xff, 0xff, 0xff, 0xff, 
0xff, 0xff, 0xff, 0xff, 0xff, 0xff, 0xff, 0xff, 0xff, 0xff, 0xff, 0xff, 0xff, 0xff, 0xff, 0xff, 
0xdf, 0xff, 0xb7, 0x66, 0xd1, 0x05, 0xd2, 0x05, 0xd2, 0x05, 0xd2, 0x05, 0xd1, 0x05, 0xd2, 0x05, 
0xd2, 0x05, 0x55, 0x46, 0xff, 0xff, 0xff, 0xff, 0xff, 0xff, 0xff, 0xff, 0xff, 0xff, 0xff, 0xff, 
0xff, 0xff, 0xff, 0xff, 0xff, 0xff, 0xff, 0xff, 0xff, 0xff, 0xff, 0xff, 0xff, 0xff, 0xff, 0xff, 
0xff, 0xff, 0xff, 0xff, 0xff, 0xff, 0xff, 0xff, 0xff, 0xff, 0xff, 0xff, 0xff, 0xff, 0xff, 0xff, 
0xff, 0xff, 0xff, 0xff, 0xff, 0xff, 0xff, 0xff, 0xff, 0xff, 0xff, 0xff, 0xff, 0xff, 0xff, 0xff, 
0xff, 0xff, 0xff, 0xff, 0xff, 0xff, 0xff, 0xff, 0xff, 0xff, 0xff, 0xff, 0xff, 0xff, 0xff, 0xff, 
0xff, 0xff, 0xff, 0xff, 0xff, 0xff, 0xff, 0xff, 0xff, 0xff, 0xff, 0xff, 0xff, 0xff, 0xff, 0xff, 
0xff, 0xff, 0xd2, 0x05, 0xd2, 0x05, 0xd2, 0x05, 0xd2, 0x05, 0xd2, 0x05, 0xd2, 0x05, 0xd2, 0x05, 
0x76, 0x46, 0xff, 0xff, 0xff, 0xff, 0xff, 0xff, 0xff, 0xff, 0xff, 0xff, 0xff, 0xff, 0xff, 0xff, 
0xff, 0xff, 0xff, 0xff, 0xff, 0xff, 0xff, 0xff, 0xff, 0xff, 0xff, 0xff, 0xff, 0xff, 0xff, 0xff, 
0xff, 0xff, 0xff, 0xff, 0xff, 0xff, 0xff, 0xff, 0xff, 0xff, 0xff, 0xff, 0xff, 0xff, 0xff, 0xff, 
0xff, 0xff, 0xff, 0xff, 0xff, 0xff, 0xff, 0xff, 0xff, 0xff, 0xff, 0xff, 0xff, 0xff, 0xff, 0xff, 
0xff, 0xff, 0xff, 0xff, 0xff, 0xff, 0xff, 0xff, 0xff, 0xff, 0x3a, 0xa7, 0xd2, 0x05, 0xd2, 0x05, 
0xd2, 0x05, 0xd2, 0x05, 0xd2, 0x05, 0xd2, 0x05, 0xd2, 0x05, 0xd2, 0x05, 0xff, 0xff, 0xff, 0xff, 
0xff, 0xff, 0xff, 0xff, 0xff, 0xff, 0xff, 0xff, 0xff, 0xff, 0xff, 0xff, 0xff, 0xff, 0xff, 0xff, 
0xff, 0xff, 0xff, 0xff, 0xff, 0xff, 0xff, 0xff, 0xff, 0xff, 0xff, 0xff, 0xff, 0xff, 0xff, 0xff, 
0xff, 0xff, 0xff, 0xff, 0xff, 0xff, 0xff, 0xff, 0xff, 0xff, 0xff, 0xff, 0xff, 0xff, 0xff, 0xff, 
0xff, 0xff, 0xff, 0xff, 0xff, 0xff, 0xff, 0xff, 0xff, 0xff, 0xff, 0xff, 0xff, 0xff, 0xff, 0xff, 
0xff, 0xff, 0xff, 0xff, 0xff, 0xff, 0xff, 0xff, 0xff, 0xff, 0xff, 0xff, 0xff, 0xff, 0xff, 0xff, 
0xff, 0xff, 0xff, 0xff, 0xff, 0xff, 0xff, 0xff, 0xff, 0xff, 0xd2, 0x05, 0xd2, 0x05, 0xd2, 0x05, 
0xd1, 0x05, 0xd2, 0x05, 0xd2, 0x05, 0xd2, 0x05, 0x55, 0x3e, 0xff, 0xff, 0xff, 0xff, 0xff, 0xff, 
0xff, 0xff, 0xff, 0xff, 0xff, 0xff, 0xff, 0xff, 0xff, 0xff, 0xff, 0xff, 0xff, 0xff, 0xff, 0xff, 
0xff, 0xff, 0xff, 0xff, 0xff, 0xff, 0xff, 0xff, 0xff, 0xff, 0xff, 0xff, 0xff, 0xff, 0xff, 0xff, 
0xff, 0xff, 0xff, 0xff, 0xff, 0xff, 0xff, 0xff, 0xff, 0xff, 0xff, 0xff, 0xff, 0xff, 0xff, 0xff, 
0xff, 0xff, 0xff, 0xff, 0xff, 0xff, 0xff, 0xff, 0xff, 0xff, 0xff, 0xff, 0xff, 0xff, 0xff, 0xff, 
0xde, 0xf7, 0xbd, 0xdf, 0xd2, 0x05, 0xd2, 0x05, 0xd1, 0x05, 0xd2, 0x05, 0xd2, 0x05, 0xd2, 0x05, 
0xd1, 0x05, 0xd2, 0x05, 0xff, 0xff, 0xff, 0xff, 0xff, 0xff, 0xff, 0xff, 0x3a, 0x9f, 0xd2, 0x05, 
0xd2, 0x05, 0xf2, 0x15, 0x7c, 0xc7, 0xff, 0xff, 0xff, 0xff, 0xff, 0xff, 0xff, 0xff, 0xff, 0xff, 
0xff, 0xff, 0xff, 0xff, 0xff, 0xff, 0xff, 0xff, 0xff, 0xff, 0xff, 0xff, 0xff, 0xff, 0xff, 0xff, 
0xff, 0xff, 0xff, 0xff, 0xff, 0xff, 0xff, 0xff, 0xff, 0xff, 0xff, 0xff, 0xff, 0xff, 0xff, 0xff, 
0xff, 0xff, 0xff, 0xff, 0xff, 0xff, 0xff, 0xff, 0xff, 0xff, 0xff, 0xff, 0xff, 0xff, 0xff, 0xff, 
0xff, 0xff, 0xff, 0xff, 0xff, 0xff, 0xff, 0xff, 0xff, 0xff, 0xff, 0xff, 0xff, 0xff, 0xff, 0xff, 
0xff, 0xff, 0xd2, 0x05, 0xd2, 0x05, 0xd2, 0x05, 0xd2, 0x05, 0xd2, 0x05, 0xd2, 0x05, 0xd2, 0x05, 
0x75, 0x46, 0xff, 0xff, 0xff, 0xff, 0xff, 0xff, 0xff, 0xff, 0xff, 0xff, 0xff, 0xff, 0xff, 0xff, 
0xff, 0xff, 0xff, 0xff, 0xff, 0xff, 0xff, 0xff, 0xff, 0xff, 0xff, 0xff, 0xff, 0xff, 0xff, 0xff, 
0xff, 0xff, 0xff, 0xff, 0xff, 0xff, 0xff, 0xff, 0xff, 0xff, 0xff, 0xff, 0xff, 0xff, 0xff, 0xff, 
0xff, 0xff, 0xff, 0xff, 0xff, 0xff, 0xff, 0xff, 0xff, 0xff, 0xff, 0xff, 0xff, 0xff, 0xff, 0xff, 
0xff, 0xff, 0xff, 0xff, 0xff, 0xff, 0xff, 0xff, 0xff, 0xff, 0xff, 0xff, 0xd2, 0x05, 0xd2, 0x05, 
0xd2, 0x05, 0xd2, 0x05, 0xd2, 0x05, 0xd2, 0x05, 0xd2, 0x05, 0xd2, 0x05, 0xff, 0xff, 0xff, 0xff, 
0xdf, 0xff, 0x13, 0x1e, 0xd1, 0x05, 0xd2, 0x05, 0xd2, 0x05, 0xd2, 0x05, 0xd1, 0x05, 0xd8, 0x7e, 
0xff, 0xff, 0xff, 0xff, 0xff, 0xff, 0xff, 0xff, 0xff, 0xff, 0xff, 0xff, 0xff, 0xff, 0xff, 0xff, 
0xff, 0xff, 0xff, 0xff, 0xff, 0xff, 0xff, 0xff, 0xff, 0xff, 0xff, 0xff, 0xff, 0xff, 0xff, 0xff, 
0xff, 0xff, 0xff, 0xff, 0xff, 0xff, 0xff, 0xff, 0xff, 0xff, 0xff, 0xff, 0xff, 0xff, 0xff, 0xff, 
0xff, 0xff, 0xff, 0xff, 0xff, 0xff, 0xff, 0xff, 0xff, 0xff, 0xff, 0xff, 0xff, 0xff, 0xff, 0xff, 
0xff, 0xff, 0xff, 0xff, 0xff, 0xff, 0xff, 0xff, 0xff, 0xff, 0xd2, 0x05, 0xd1, 0x05, 0xd2, 0x05, 
0xd2, 0x05, 0xd2, 0x05, 0xd1, 0x05, 0xd2, 0x05, 0x55, 0x3e, 0xff, 0xff, 0xff, 0xff, 0xff, 0xff, 
0xff, 0xff, 0xff, 0xff, 0xff, 0xff, 0xff, 0xff, 0xff, 0xff, 0xff, 0xff, 0xff, 0xff, 0xff, 0xff, 
0xff, 0xff, 0xff, 0xff, 0xff, 0xff, 0xff, 0xff, 0xff, 0xff, 0xff, 0xff, 0xff, 0xff, 0xff, 0xff, 
0xff, 0xff, 0xff, 0xff, 0xff, 0xff, 0xff, 0xff, 0xff, 0xff, 0xff, 0xff, 0xff, 0xff, 0xff, 0xff, 
0xff, 0xff, 0xff, 0xff, 0xff, 0xff, 0xff, 0xff, 0xff, 0xff, 0xff, 0xff, 0xff, 0xff, 0xff, 0xff, 
0xff, 0xff, 0xff, 0xff, 0xd1, 0x05, 0xd2, 0x05, 0xd2, 0x05, 0xd2, 0x05, 0xd1, 0x05, 0xd2, 0x05, 
0xd2, 0x05, 0xd2, 0x05, 0xff, 0xff, 0xff, 0xff, 0x9d, 0xcf, 0xd2, 0x05, 0xd2, 0x05, 0xd2, 0x05, 
0xd2, 0x05, 0xd2, 0x05, 0xd2, 0x05, 0xd2, 0x05, 0xff, 0xff, 0xff, 0xff, 0xff, 0xff, 0xff, 0xff, 
0xff, 0xff, 0xff, 0xff, 0xff, 0xff, 0xff, 0xff, 0xff, 0xff, 0xff, 0xff, 0xff, 0xff, 0xff, 0xff, 
0xff, 0xff, 0xff, 0xff, 0xff, 0xff, 0xff, 0xff, 0xff, 0xff, 0xff, 0xff, 0xff, 0xff, 0xff, 0xff, 
0xff, 0xff, 0xff, 0xff, 0xff, 0xff, 0xff, 0xff, 0xff, 0xff, 0xff, 0xff, 0xff, 0xff, 0xff, 0xff, 
0xff, 0xff, 0xff, 0xff, 0xff, 0xff, 0xff, 0xff, 0xff, 0xff, 0xff, 0xff, 0xff, 0xff, 0xff, 0xff, 
0xff, 0xff, 0xd2, 0x05, 0xd2, 0x05, 0xd2, 0x05, 0xd2, 0x05, 0xd2, 0x05, 0xd2, 0x05, 0xd2, 0x05, 
0x76, 0x46, 0xff, 0xff, 0xff, 0xff, 0xff, 0xff, 0xff, 0xff, 0xff, 0xff, 0xff, 0xff, 0xff, 0xff, 
0xff, 0xff, 0xff, 0xff, 0xff, 0xff, 0xff, 0xff, 0xff, 0xff, 0xff, 0xff, 0xff, 0xff, 0xff, 0xff, 
0xff, 0xff, 0xff, 0xff, 0xff, 0xff, 0xff, 0xff, 0xff, 0xff, 0xff, 0xff, 0xff, 0xff, 0xff, 0xff, 
0xff, 0xff, 0xff, 0xff, 0xff, 0xff, 0xff, 0xff, 0xff, 0xff, 0xff, 0xff, 0xff, 0xff, 0xff, 0xff, 
0xff, 0xff, 0xff, 0xff, 0xff, 0xff, 0xff, 0xff, 0xff, 0xff, 0xff, 0xff, 0xd2, 0x05, 0xd2, 0x05, 
0xd2, 0x05, 0xd2, 0x05, 0xd2, 0x05, 0xd2, 0x05, 0xd2, 0x05, 0xd2, 0x05, 0xff, 0xff, 0xff, 0xff, 
0x96, 0x5e, 0xd2, 0x05, 0xd2, 0x05, 0xd2, 0x05, 0xd1, 0x05, 0xd2, 0x05, 0xd2, 0x05, 0xd2, 0x05, 
0x5b, 0xb7, 0xff, 0xff, 0xff, 0xff, 0xff, 0xff, 0xff, 0xff, 0xff, 0xff, 0xff, 0xff, 0xff, 0xff, 
0xff, 0xff, 0xff, 0xff, 0xff, 0xff, 0xff, 0xff, 0xff, 0xff, 0xff, 0xff, 0xff, 0xff, 0xff, 0xff, 
0xff, 0xff, 0xff, 0xff, 0xff, 0xff, 0xff, 0xff, 0xff, 0xff, 0xff, 0xff, 0xff, 0xff, 0xff, 0xff, 
0xff, 0xff, 0xff, 0xff, 0xff, 0xff, 0xff, 0xff, 0xff, 0xff, 0xff, 0xff, 0xff, 0xff, 0xff, 0xff, 
0xff, 0xff, 0xff, 0xff, 0xff, 0xff, 0xff, 0xff, 0xff, 0xff, 0xd2, 0x05, 0xd2, 0x05, 0xd2, 0x05, 
0xd1, 0x05, 0xd2, 0x05, 0xd2, 0x05, 0xd2, 0x05, 0x55, 0x3e, 0xff, 0xff, 0xff, 0xff, 0xff, 0xff, 
0xff, 0xff, 0xff, 0xff, 0xff, 0xff, 0xff, 0xff, 0xff, 0xff, 0xff, 0xff, 0xff, 0xff, 0xff, 0xff, 
0xff, 0xff, 0xff, 0xff, 0xff, 0xff, 0xff, 0xff, 0xff, 0xff, 0xff, 0xff, 0xff, 0xff, 0xff, 0xff, 
0xff, 0xff, 0xff, 0xff, 0xff, 0xff, 0xff, 0xff, 0xff, 0xff, 0xff, 0xff, 0xff, 0xff, 0xff, 0xff, 
0xff, 0xff, 0xff, 0xff, 0xff, 0xff, 0xff, 0xff, 0xff, 0xff, 0xff, 0xff, 0xff, 0xff, 0xff, 0xff, 
0xff, 0xff, 0xff, 0xff, 0xd2, 0x05, 0xd2, 0x05, 0xd1, 0x05, 0xd2, 0x05, 0xd2, 0x05, 0xd2, 0x05, 
0xd1, 0x05, 0xd2, 0x05, 0xff, 0xff, 0xff, 0xff, 0xf2, 0x0d, 0xd2, 0x05, 0xd2, 0x05, 0xd2, 0x05, 
0xd2, 0x05, 0xd2, 0x05, 0xd2, 0x05, 0xd2, 0x05, 0xd8, 0x7e, 0xff, 0xff, 0xff, 0xff, 0xff, 0xff, 
0xff, 0xff, 0xff, 0xff, 0xff, 0xff, 0xff, 0xff, 0xff, 0xff, 0xff, 0xff, 0xff, 0xff, 0xff, 0xff, 
0xff, 0xff, 0xff, 0xff, 0xff, 0xff, 0xff, 0xff, 0xff, 0xff, 0xff, 0xff, 0xff, 0xff, 0xff, 0xff, 
0xff, 0xff, 0xff, 0xff, 0xff, 0xff, 0xff, 0xff, 0xff, 0xff, 0xff, 0xff, 0xff, 0xff, 0xff, 0xff, 
0xff, 0xff, 0xff, 0xff, 0xff, 0xff, 0xff, 0xff, 0xff, 0xff, 0xff, 0xff, 0xff, 0xff, 0xff, 0xff, 
0xff, 0xff, 0xd2, 0x05, 0xd2, 0x05, 0xd2, 0x05, 0xd2, 0x05, 0xd2, 0x05, 0xd2, 0x05, 0xd2, 0x05, 
0x75, 0x46, 0xff, 0xff, 0xff, 0xff, 0xff, 0xff, 0xff, 0xff, 0xff, 0xff, 0xff, 0xff, 0xff, 0xff, 
0xff, 0xff, 0xff, 0xff, 0xff, 0xff, 0xff, 0xff, 0xff, 0xff, 0xff, 0xff, 0xff, 0xff, 0xff, 0xff, 
0xff, 0xff, 0xff, 0xff, 0xff, 0xff, 0xff, 0xff, 0xff, 0xff, 0xff, 0xff, 0xff, 0xff, 0xff, 0xff, 
0xff, 0xff, 0xff, 0xff, 0xff, 0xff, 0xff, 0xff, 0xff, 0xff, 0xff, 0xff, 0xff, 0xff, 0xff, 0xff, 
0xff, 0xff, 0xff, 0xff, 0xff, 0xff, 0xff, 0xff, 0xff, 0xff, 0xff, 0xff, 0xd2, 0x05, 0xd2, 0x05, 
0xd2, 0x05, 0xd2, 0x05, 0xd2, 0x05, 0xd2, 0x05, 0xd2, 0x05, 0xd2, 0x05, 0xff, 0xff, 0xff, 0xff, 
0x13, 0x26, 0xd2, 0x05, 0xd1, 0x05, 0xd2, 0x05, 0xd2, 0x05, 0xd2, 0x05, 0xd1, 0x05, 0xd2, 0x05, 
0x76, 0x56, 0xff, 0xff, 0xff, 0xff, 0xff, 0xff, 0xff, 0xff, 0xff, 0xff, 0xff, 0xff, 0xff, 0xff, 
0xff, 0xff, 0xff, 0xff, 0xff, 0xff, 0xff, 0xff, 0xff, 0xff, 0xff, 0xff, 0xff, 0xff, 0xff, 0xff, 
0xff, 0xff, 0xff, 0xff, 0xff, 0xff, 0xff, 0xff, 0xff, 0xff, 0xff, 0xff, 0xff, 0xff, 0xff, 0xff, 
0xff, 0xff, 0xff, 0xff, 0xff, 0xff, 0xff, 0xff, 0xff, 0xff, 0xff, 0xff, 0xff, 0xff, 0xff, 0xff, 
0xff, 0xff, 0xff, 0xff, 0xff, 0xff, 0xff, 0xff, 0xff, 0xff, 0xd2, 0x05, 0xd1, 0x05, 0xd2, 0x05, 
0xd2, 0x05, 0xd2, 0x05, 0xd1, 0x05, 0xd2, 0x05, 0x55, 0x3e, 0xff, 0xff, 0xff, 0xff, 0xff, 0xff, 
0xff, 0xff, 0xff, 0xff, 0xff, 0xff, 0xff, 0xff, 0xff, 0xff, 0xff, 0xff, 0xff, 0xff, 0xff, 0xff, 
0xff, 0xff, 0xff, 0xff, 0xff, 0xff, 0xff, 0xff, 0xff, 0xff, 0xff, 0xff, 0xff, 0xff, 0xff, 0xff, 
0xff, 0xff, 0xff, 0xff, 0xff, 0xff, 0xff, 0xff, 0xff, 0xff, 0xff, 0xff, 0xff, 0xff, 0xff, 0xff, 
0xff, 0xff, 0xff, 0xff, 0xff, 0xff, 0xff, 0xff, 0xff, 0xff, 0xff, 0xff, 0xff, 0xff, 0xff, 0xff, 
0xff, 0xff, 0xff, 0xff, 0xd1, 0x05, 0xd2, 0x05, 0xd2, 0x05, 0xd2, 0x05, 0xd1, 0x05, 0xd2, 0x05, 
0xd2, 0x05, 0xd2, 0x05, 0xff, 0xff, 0xff, 0xff, 0x55, 0x46, 0xd2, 0x05, 0xd2, 0x05, 0xd2, 0x05, 
0xd2, 0x05, 0xd2, 0x05, 0xd2, 0x05, 0xd2, 0x05, 0x35, 0x36, 0xff, 0xff, 0xff, 0xff, 0xff, 0xff, 
0xff, 0xff, 0xff, 0xff, 0xff, 0xff, 0xff, 0xff, 0xff, 0xff, 0xff, 0xff, 0xff, 0xff, 0xff, 0xff, 
0xff, 0xff, 0xff, 0xff, 0xff, 0xff, 0xff, 0xff, 0xff, 0xff, 0xff, 0xff, 0xff, 0xff, 0xff, 0xff, 
0xff, 0xff, 0xff, 0xff, 0xff, 0xff, 0xff, 0xff, 0xff, 0xff, 0xff, 0xff, 0xff, 0xff, 0xff, 0xff, 
0xff, 0xff, 0xff, 0xff, 0xff, 0xff, 0xff, 0xff, 0xff, 0xff, 0xff, 0xff, 0xff, 0xff, 0xff, 0xff, 
0xff, 0xff, 0xd2, 0x05, 0xd2, 0x05, 0xd2, 0x05, 0xd2, 0x05, 0xd2, 0x05, 0xd2, 0x05, 0xd2, 0x05, 
0xd2, 0x05, 0xbd, 0xdf, 0xff, 0xff, 0xff, 0xff, 0xff, 0xff, 0xff, 0xff, 0xff, 0xff, 0xff, 0xff, 
0xff, 0xff, 0xff, 0xff, 0xff, 0xff, 0xff, 0xff, 0xff, 0xff, 0xff, 0xff, 0xff, 0xff, 0xff, 0xff, 
0xff, 0xff, 0xff, 0xff, 0xff, 0xff, 0xff, 0xff, 0xff, 0xff, 0xff, 0xff, 0xff, 0xff, 0xff, 0xff, 
0xff, 0xff, 0xff, 0xff, 0xff, 0xff, 0xff, 0xff, 0xff, 0xff, 0xff, 0xff, 0xff, 0xff, 0xff, 0xff, 
0xff, 0xff, 0xff, 0xff, 0xff, 0xff, 0xff, 0xff, 0xff, 0xff, 0xff, 0xff, 0xd2, 0x05, 0xd2, 0x05, 
0xd2, 0x05, 0xd2, 0x05, 0xd2, 0x05, 0xd2, 0x05, 0xd2, 0x05, 0xd2, 0x05, 0xff, 0xff, 0xff, 0xff, 
0x76, 0x56, 0xd2, 0x05, 0xd2, 0x05, 0xd2, 0x05, 0xd1, 0x05, 0xd2, 0x05, 0xd2, 0x05, 0xd2, 0x05, 
0xd2, 0x0d, 0xff, 0xff, 0xff, 0xff, 0xff, 0xff, 0xff, 0xff, 0xff, 0xff, 0xff, 0xff, 0xff, 0xff, 
0xff, 0xff, 0xff, 0xff, 0xff, 0xff, 0xff, 0xff, 0xff, 0xff, 0xff, 0xff, 0xff, 0xff, 0xff, 0xff, 
0xff, 0xff, 0xff, 0xff, 0xff, 0xff, 0xff, 0xff, 0xff, 0xff, 0xff, 0xff, 0xff, 0xff, 0xff, 0xff, 
0xff, 0xff, 0xff, 0xff, 0xff, 0xff, 0xff, 0xff, 0xff, 0xff, 0xff, 0xff, 0xff, 0xff, 0xff, 0xff, 
0xff, 0xff, 0xff, 0xff, 0xff, 0xff, 0xff, 0xff, 0xff, 0xff, 0xd2, 0x05, 0xd2, 0x05, 0xd2, 0x05, 
0xd1, 0x05, 0xd2, 0x05, 0xd2, 0x05, 0xd2, 0x05, 0xd1, 0x05, 0xd2, 0x05, 0xde, 0xef, 0xff, 0xff, 
0xff, 0xff, 0xff, 0xff, 0xff, 0xff, 0xff, 0xff, 0xff, 0xff, 0xff, 0xff, 0xff, 0xff, 0xff, 0xff, 
0xff, 0xff, 0xff, 0xff, 0xff, 0xff, 0xff, 0xff, 0xff, 0xff, 0xff, 0xff, 0xff, 0xff, 0xff, 0xff, 
0xff, 0xff, 0xff, 0xff, 0xff, 0xff, 0xff, 0xff, 0xff, 0xff, 0xff, 0xff, 0xff, 0xff, 0xff, 0xff, 
0xff, 0xff, 0xff, 0xff, 0xff, 0xff, 0xff, 0xff, 0xff, 0xff, 0xff, 0xff, 0xff, 0xff, 0xff, 0xff, 
0xde, 0xf7, 0xbe, 0xe7, 0xd2, 0x05, 0xd2, 0x05, 0xd1, 0x05, 0xd2, 0x05, 0xd2, 0x05, 0xd2, 0x05, 
0xd1, 0x05, 0xd2, 0x05, 0xff, 0xff, 0xff, 0xff, 0xd8, 0x76, 0xd2, 0x05, 0xd2, 0x05, 0xd2, 0x05, 
0xd2, 0x05, 0xd2, 0x05, 0xd2, 0x05, 0xd2, 0x05, 0xd2, 0x05, 0xff, 0xff, 0xff, 0xff, 0xff, 0xff, 
0xff, 0xff, 0xff, 0xff, 0xff, 0xff, 0xff, 0xff, 0xff, 0xff, 0xff, 0xff, 0xff, 0xff, 0xff, 0xff, 
0xff, 0xff, 0xff, 0xff, 0xff, 0xff, 0xff, 0xff, 0xff, 0xff, 0xff, 0xff, 0xff, 0xff, 0xff, 0xff, 
0xff, 0xff, 0xff, 0xff, 0xff, 0xff, 0xff, 0xff, 0xff, 0xff, 0xff, 0xff, 0xff, 0xff, 0xff, 0xff, 
0xff, 0xff, 0xff, 0xff, 0xff, 0xff, 0xff, 0xff, 0xff, 0xff, 0xff, 0xff, 0xff, 0xff, 0xff, 0xff, 
0xff, 0xff, 0xd2, 0x05, 0xd2, 0x05, 0xd2, 0x05, 0xd2, 0x05, 0xd2, 0x05, 0xd2, 0x05, 0xd2, 0x05, 
0xd2, 0x05, 0xd2, 0x05, 0xd2, 0x05, 0xff, 0xff, 0xff, 0xff, 0xff, 0xff, 0xff, 0xff, 0xff, 0xff, 
0xff, 0xff, 0xff, 0xff, 0xff, 0xff, 0xff, 0xff, 0xff, 0xff, 0xff, 0xff, 0xff, 0xff, 0xff, 0xff, 
0xff, 0xff, 0xff, 0xff, 0xff, 0xff, 0xff, 0xff, 0xff, 0xff, 0xff, 0xff, 0xff, 0xff, 0xff, 0xff, 
0xff, 0xff, 0xff, 0xff, 0xff, 0xff, 0xff, 0xff, 0xff, 0xff, 0xff, 0xff, 0xff, 0xff, 0xff, 0xff, 
0xff, 0xff, 0xff, 0xff, 0xff, 0xff, 0xff, 0xff, 0xff, 0xff, 0x7c, 0xc7, 0xd2, 0x05, 0xd2, 0x05, 
0xd2, 0x05, 0xd2, 0x05, 0xd2, 0x05, 0xd2, 0x05, 0xd2, 0x05, 0xd2, 0x05, 0xff, 0xff, 0xff, 0xff, 
0x1a, 0x9f, 0xd2, 0x05, 0xd1, 0x05, 0xd2, 0x05, 0xd2, 0x05, 0xd2, 0x05, 0xd1, 0x05, 0xd2, 0x05, 
0xd2, 0x05, 0xff, 0xff, 0xff, 0xff, 0xff, 0xff, 0xff, 0xff, 0xff, 0xff, 0xff, 0xff, 0xff, 0xff, 
0xff, 0xff, 0xff, 0xff, 0xff, 0xff, 0xff, 0xff, 0xff, 0xff, 0xff, 0xff, 0xff, 0xff, 0xff, 0xff, 
0xff, 0xff, 0xff, 0xff, 0xff, 0xff, 0xff, 0xff, 0xff, 0xff, 0xff, 0xff, 0xff, 0xff, 0xff, 0xff, 
0xff, 0xff, 0xff, 0xff, 0xff, 0xff, 0xff, 0xff, 0xff, 0xff, 0xff, 0xff, 0xff, 0xff, 0xff, 0xff, 
0xff, 0xff, 0xff, 0xff, 0xff, 0xff, 0xff, 0xff, 0xff, 0xff, 0xd2, 0x05, 0xd1, 0x05, 0xd2, 0x05, 
0xd2, 0x05, 0xd2, 0x05, 0xd1, 0x05, 0xd2, 0x05, 0xd2, 0x05, 0xd2, 0x05, 0xd1, 0x05, 0xd2, 0x05, 
0xff, 0xff, 0xff, 0xff, 0xff, 0xff, 0xff, 0xff, 0xff, 0xff, 0xff, 0xff, 0xff, 0xff, 0xff, 0xff, 
0xff, 0xff, 0xff, 0xff, 0xff, 0xff, 0xff, 0xff, 0xff, 0xff, 0xff, 0xff, 0xff, 0xff, 0xff, 0xff, 
0xff, 0xff, 0xff, 0xff, 0xff, 0xff, 0xff, 0xff, 0xff, 0xff, 0xff, 0xff, 0xff, 0xff, 0xff, 0xff, 
0xff, 0xff, 0xff, 0xff, 0xff, 0xff, 0xff, 0xff, 0xff, 0xff, 0xff, 0xff, 0xff, 0xff, 0xff, 0xff, 
0xdf, 0xff, 0xb8, 0x76, 0xd1, 0x05, 0xd2, 0x05, 0xd2, 0x05, 0xd2, 0x05, 0xd1, 0x05, 0xd2, 0x05, 
0xd2, 0x05, 0xd2, 0x05, 0xff, 0xff, 0xff, 0xff, 0xbe, 0xe7, 0xd2, 0x05, 0xd2, 0x05, 0xd2, 0x05, 
0xd2, 0x05, 0xd2, 0x05, 0xd2, 0x05, 0xd2, 0x05, 0xd2, 0x05, 0xff, 0xff, 0xff, 0xff, 0xff, 0xff, 
0xff, 0xff, 0xff, 0xff, 0xff, 0xff, 0xff, 0xff, 0xff, 0xff, 0xff, 0xff, 0xff, 0xff, 0xff, 0xff, 
0xff, 0xff, 0xff, 0xff, 0xff, 0xff, 0xff, 0xff, 0xff, 0xff, 0xff, 0xff, 0xff, 0xff, 0xff, 0xff, 
0xff, 0xff, 0xff, 0xff, 0xff, 0xff, 0xff, 0xff, 0xff, 0xff, 0xff, 0xff, 0xff, 0xff, 0xff, 0xff, 
0xff, 0xff, 0xff, 0xff, 0xff, 0xff, 0xff, 0xff, 0xff, 0xff, 0xff, 0xff, 0xff, 0xff, 0xff, 0xff, 
0xff, 0xff, 0xd8, 0x76, 0xd2, 0x05, 0xd2, 0x05, 0xd2, 0x05, 0xd2, 0x05, 0xd2, 0x05, 0xd2, 0x05, 
0xd2, 0x05, 0xd2, 0x05, 0xd2, 0x05, 0xd2, 0x05, 0xd2, 0x05, 0xff, 0xff, 0xff, 0xff, 0xff, 0xff, 
0xff, 0xff, 0xff, 0xff, 0xff, 0xff, 0xff, 0xff, 0xff, 0xff, 0xff, 0xff, 0xff, 0xff, 0xff, 0xff, 
0xff, 0xff, 0xff, 0xff, 0xff, 0xff, 0xff, 0xff, 0xff, 0xff, 0xff, 0xff, 0xff, 0xff, 0xff, 0xff, 
0xff, 0xff, 0xff, 0xff, 0xff, 0xff, 0xff, 0xff, 0xff, 0xff, 0xff, 0xff, 0xff, 0xff, 0xff, 0xff, 
0xff, 0xff, 0xff, 0xff, 0xff, 0xff, 0xff, 0xff, 0xff, 0xff, 0xf3, 0x15, 0xd2, 0x05, 0xd2, 0x05, 
0xd2, 0x05, 0xd2, 0x05, 0xd2, 0x05, 0xd2, 0x05, 0xd2, 0x05, 0x14, 0x26, 0xff, 0xff, 0xff, 0xff, 
0xff, 0xff, 0xd2, 0x05, 0xd2, 0x05, 0xd2, 0x05, 0xd1, 0x05, 0xd2, 0x05, 0xd2, 0x05, 0xd2, 0x05, 
0xd1, 0x05, 0xde, 0xef, 0xff, 0xff, 0xff, 0xff, 0xff, 0xff, 0xff, 0xff, 0xff, 0xff, 0xff, 0xff, 
0xff, 0xff, 0xff, 0xff, 0xff, 0xff, 0xff, 0xff, 0xff, 0xff, 0xff, 0xff, 0xff, 0xff, 0xff, 0xff, 
0xff, 0xff, 0xff, 0xff, 0xff, 0xff, 0xff, 0xff, 0xff, 0xff, 0xff, 0xff, 0xff, 0xff, 0xff, 0xff, 
0xff, 0xff, 0xff, 0xff, 0xff, 0xff, 0xff, 0xff, 0xff, 0xff, 0xff, 0xff, 0xff, 0xff, 0xff, 0xff, 
0xff, 0xff, 0xff, 0xff, 0xff, 0xff, 0xff, 0xff, 0xff, 0xff, 0xff, 0xff, 0x96, 0x5e, 0xd2, 0x05, 
0xd1, 0x05, 0xd2, 0x05, 0xd2, 0x05, 0xd2, 0x05, 0xd1, 0x05, 0xd2, 0x05, 0xd2, 0x05, 0xd2, 0x05, 
0xd1, 0x05, 0xd2, 0x05, 0xff, 0xff, 0xff, 0xff, 0xff, 0xff, 0xff, 0xff, 0xff, 0xff, 0xff, 0xff, 
0xff, 0xff, 0xff, 0xff, 0xff, 0xff, 0xff, 0xff, 0xff, 0xff, 0xff, 0xff, 0xff, 0xff, 0xff, 0xff, 
0xff, 0xff, 0xff, 0xff, 0xff, 0xff, 0xff, 0xff, 0xff, 0xff, 0xff, 0xff, 0xff, 0xff, 0xff, 0xff, 
0xff, 0xff, 0xff, 0xff, 0xff, 0xff, 0xff, 0xff, 0xff, 0xff, 0xff, 0xff, 0xff, 0xff, 0xff, 0xff, 
0xff, 0xff, 0xd2, 0x05, 0xd2, 0x05, 0xd2, 0x05, 0xd1, 0x05, 0xd2, 0x05, 0xd2, 0x05, 0xd2, 0x05, 
0xd1, 0x05, 0xb7, 0x6e, 0xff, 0xff, 0xff, 0xff, 0xff, 0xff, 0xd2, 0x05, 0xd2, 0x05, 0xd2, 0x05, 
0xd2, 0x05, 0xd2, 0x05, 0xd2, 0x05, 0xd2, 0x05, 0xd2, 0x05, 0xf9, 0x86, 0xff, 0xff, 0xff, 0xff, 
0xff, 0xff, 0xff, 0xff, 0xff, 0xff, 0xff, 0xff, 0xff, 0xff, 0xff, 0xff, 0xff, 0xff, 0xff, 0xff, 
0xff, 0xff, 0xff, 0xff, 0xff, 0xff, 0xff, 0xff, 0xff, 0xff, 0xff, 0xff, 0xff, 0xff, 0xff, 0xff, 
0xff, 0xff, 0xff, 0xff, 0xff, 0xff, 0xff, 0xff, 0xff, 0xff, 0xff, 0xff, 0xff, 0xff, 0xff, 0xff, 
0xff, 0xff, 0xff, 0xff, 0xff, 0xff, 0xff, 0xff, 0xff, 0xff, 0xff, 0xff, 0xff, 0xff, 0xff, 0xff, 
0xff, 0xff, 0xff, 0xff, 0xff, 0xff, 0x76, 0x4e, 0xd2, 0x05, 0xd2, 0x05, 0xd2, 0x05, 0xd2, 0x05, 
0xd2, 0x05, 0xd2, 0x05, 0xd2, 0x05, 0xd2, 0x05, 0xd2, 0x05, 0xd2, 0x05, 0xd2, 0x05, 0xff, 0xff, 
0xff, 0xff, 0xff, 0xff, 0xff, 0xff, 0xff, 0xff, 0xff, 0xff, 0xff, 0xff, 0xff, 0xff, 0xff, 0xff, 
0xff, 0xff, 0xff, 0xff, 0xff, 0xff, 0xff, 0xff, 0xff, 0xff, 0xff, 0xff, 0xff, 0xff, 0xff, 0xff, 
0xff, 0xff, 0xff, 0xff, 0xff, 0xff, 0xff, 0xff, 0xff, 0xff, 0xff, 0xff, 0xff, 0xff, 0xff, 0xff, 
0xff, 0xff, 0xff, 0xff, 0xff, 0xff, 0xff, 0xff, 0xff, 0xff, 0xd2, 0x05, 0xd2, 0x05, 0xd2, 0x05, 
0xd2, 0x05, 0xd2, 0x05, 0xd2, 0x05, 0xd2, 0x05, 0xd2, 0x05, 0x3a, 0xaf, 0xff, 0xff, 0xff, 0xff, 
0xff, 0xff, 0xd2, 0x05, 0xd1, 0x05, 0xd2, 0x05, 0xd2, 0x05, 0xd2, 0x05, 0xd1, 0x05, 0xd2, 0x05, 
0xd2, 0x05, 0x14, 0x26, 0xff, 0xff, 0xff, 0xff, 0xff, 0xff, 0xff, 0xff, 0xff, 0xff, 0xff, 0xff, 
0xff, 0xff, 0xff, 0xff, 0xff, 0xff, 0xff, 0xff, 0xff, 0xff, 0xff, 0xff, 0xff, 0xff, 0xff, 0xff, 
0xff, 0xff, 0xff, 0xff, 0xff, 0xff, 0xff, 0xff, 0xff, 0xff, 0xff, 0xff, 0xff, 0xff, 0xff, 0xff, 
0xff, 0xff, 0xff, 0xff, 0xff, 0xff, 0xff, 0xff, 0xff, 0xff, 0xff, 0xff, 0xff, 0xff, 0xff, 0xff, 
0xff, 0xff, 0xff, 0xff, 0xff, 0xff, 0xff, 0xff, 0xff, 0xff, 0xff, 0xff, 0xff, 0xff, 0xff, 0xff, 
0x34, 0x2e, 0xd2, 0x05, 0xd1, 0x05, 0xd2, 0x05, 0xd2, 0x05, 0xd2, 0x05, 0xd1, 0x05, 0xd2, 0x05, 
0xd2, 0x05, 0xd2, 0x05, 0xd1, 0x05, 0xd2, 0x05, 0xff, 0xff, 0xff, 0xff, 0xff, 0xff, 0xff, 0xff, 
0xff, 0xff, 0xff, 0xff, 0xff, 0xff, 0xff, 0xff, 0xff, 0xff, 0xff, 0xff, 0xff, 0xff, 0xff, 0xff, 
0xff, 0xff, 0xff, 0xff, 0xff, 0xff, 0xff, 0xff, 0xff, 0xff, 0xff, 0xff, 0xff, 0xff, 0xff, 0xff, 
0xff, 0xff, 0xff, 0xff, 0xff, 0xff, 0xff, 0xff, 0xff, 0xff, 0xff, 0xff, 0xff, 0xff, 0xff, 0xff, 
0x7c, 0xc7, 0xd2, 0x05, 0xd1, 0x05, 0xd2, 0x05, 0xd2, 0x05, 0xd2, 0x05, 0xd1, 0x05, 0xd2, 0x05, 
0xd2, 0x05, 0xde, 0xef, 0xff, 0xff, 0xff, 0xff, 0xff, 0xff, 0x34, 0x2e, 0xd2, 0x05, 0xd2, 0x05, 
0xd2, 0x05, 0xd2, 0x05, 0xd2, 0x05, 0xd2, 0x05, 0xd2, 0x05, 0xd2, 0x05, 0xff, 0xff, 0xff, 0xff, 
0xff, 0xff, 0xff, 0xff, 0xff, 0xff, 0xff, 0xff, 0xff, 0xff, 0xff, 0xff, 0xff, 0xff, 0xff, 0xff, 
0xff, 0xff, 0xff, 0xff, 0xff, 0xff, 0xff, 0xff, 0xff, 0xff, 0xff, 0xff, 0xff, 0xff, 0xff, 0xff, 
0xff, 0xff, 0xff, 0xff, 0xff, 0xff, 0xff, 0xff, 0xff, 0xff, 0xff, 0xff, 0xff, 0xff, 0xff, 0xff, 
0xff, 0xff, 0xff, 0xff, 0xff, 0xff, 0xff, 0xff, 0xff, 0xff, 0xff, 0xff, 0xff, 0xff, 0xff, 0xff, 
0xff, 0xff, 0xff, 0xff, 0xff, 0xff, 0xff, 0xff, 0xff, 0xff, 0xf3, 0x1d, 0xd2, 0x05, 0xd2, 0x05, 
0xd2, 0x05, 0xd2, 0x05, 0xd2, 0x05, 0xd2, 0x05, 0xd2, 0x05, 0xd2, 0x05, 0xd2, 0x05, 0xd2, 0x05, 
0x97, 0x5e, 0xff, 0xff, 0xff, 0xff, 0xff, 0xff, 0xff, 0xff, 0xff, 0xff, 0xff, 0xff, 0xff, 0xff, 
0xff, 0xff, 0xff, 0xff, 0xff, 0xff, 0xff, 0xff, 0xff, 0xff, 0xff, 0xff, 0xff, 0xff, 0xff, 0xff, 
0xff, 0xff, 0xff, 0xff, 0xff, 0xff, 0xff, 0xff, 0xff, 0xff, 0xff, 0xff, 0xff, 0xff, 0xff, 0xff, 
0xff, 0xff, 0xff, 0xff, 0xff, 0xff, 0xff, 0xff, 0x96, 0x56, 0xd2, 0x05, 0xd2, 0x05, 0xd2, 0x05, 
0xd2, 0x05, 0xd2, 0x05, 0xd2, 0x05, 0xd2, 0x05, 0xd2, 0x05, 0xff, 0xff, 0xff, 0xff, 0xff, 0xff, 
0xde, 0xf7, 0x5b, 0xb7, 0xd2, 0x05, 0xd2, 0x05, 0xd1, 0x05, 0xd2, 0x05, 0xd2, 0x05, 0xd2, 0x05, 
0xd1, 0x05, 0xd2, 0x05, 0xff, 0xff, 0xff, 0xff, 0xff, 0xff, 0xff, 0xff, 0xff, 0xff, 0xff, 0xff, 
0xff, 0xff, 0xff, 0xff, 0xff, 0xff, 0xff, 0xff, 0xff, 0xff, 0xff, 0xff, 0xff, 0xff, 0xff, 0xff, 
0xff, 0xff, 0xff, 0xff, 0xff, 0xff, 0xff, 0xff, 0xff, 0xff, 0xff, 0xff, 0xff, 0xff, 0xff, 0xff, 
0xff, 0xff, 0xff, 0xff, 0xff, 0xff, 0xff, 0xff, 0xff, 0xff, 0xff, 0xff, 0xff, 0xff, 0xff, 0xff, 
0xff, 0xff, 0xff, 0xff, 0xff, 0xff, 0xff, 0xff, 0xff, 0xff, 0xff, 0xff, 0xff, 0xff, 0xff, 0xff, 
0xff, 0xff, 0xff, 0xff, 0xb1, 0x05, 0xd2, 0x05, 0xd1, 0x05, 0xd2, 0x05, 0xd2, 0x05, 0xd2, 0x05, 
0xd1, 0x05, 0xd2, 0x05, 0xd2, 0x05, 0xd2, 0x05, 0xd1, 0x05, 0xff, 0xff, 0xff, 0xff, 0xff, 0xff, 
0xff, 0xff, 0xff, 0xff, 0xff, 0xff, 0xff, 0xff, 0xff, 0xff, 0xff, 0xff, 0xff, 0xff, 0xff, 0xff, 
0xff, 0xff, 0xff, 0xff, 0xff, 0xff, 0xff, 0xff, 0xff, 0xff, 0xff, 0xff, 0xff, 0xff, 0xff, 0xff, 
0xff, 0xff, 0xff, 0xff, 0xff, 0xff, 0xff, 0xff, 0xff, 0xff, 0xff, 0xff, 0xff, 0xff, 0xff, 0xff, 
0xd1, 0x05, 0xd2, 0x05, 0xd2, 0x05, 0xd2, 0x05, 0xd1, 0x05, 0xd2, 0x05, 0xd2, 0x05, 0xd2, 0x05, 
0xd1, 0x05, 0xff, 0xff, 0xff, 0xff, 0xff, 0xff, 0xff, 0xff, 0xff, 0xff, 0xd2, 0x05, 0xd2, 0x05, 
0xd2, 0x05, 0xd2, 0x05, 0xd2, 0x05, 0xd2, 0x05, 0xd2, 0x05, 0xd2, 0x05, 0xb8, 0x76, 0xff, 0xff, 
0xff, 0xff, 0xff, 0xff, 0xff, 0xff, 0xff, 0xff, 0xff, 0xff, 0xff, 0xff, 0xff, 0xff, 0xff, 0xff, 
0xff, 0xff, 0xff, 0xff, 0xff, 0xff, 0xff, 0xff, 0xff, 0xff, 0xff, 0xff, 0xff, 0xff, 0xff, 0xff, 
0xff, 0xff, 0xff, 0xff, 0xff, 0xff, 0xff, 0xff, 0xff, 0xff, 0xff, 0xff, 0xff, 0xff, 0xff, 0xff, 
0xff, 0xff, 0xff, 0xff, 0xff, 0xff, 0xff, 0xff, 0xff, 0xff, 0xff, 0xff, 0xff, 0xff, 0xff, 0xff, 
0xff, 0xff, 0xff, 0xff, 0xff, 0xff, 0xff, 0xff, 0xff, 0xff, 0xff, 0xff, 0xff, 0xff, 0xd2, 0x05, 
0xd2, 0x05, 0xd2, 0x05, 0xd2, 0x05, 0xd2, 0x05, 0xd2, 0x05, 0xd2, 0x05, 0xd2, 0x05, 0xd2, 0x05, 
0xd2, 0x05, 0xff, 0xff, 0xff, 0xff, 0xff, 0xff, 0xff, 0xff, 0xff, 0xff, 0xff, 0xff, 0xff, 0xff, 
0xff, 0xff, 0xff, 0xff, 0xff, 0xff, 0xff, 0xff, 0xff, 0xff, 0xff, 0xff, 0xff, 0xff, 0xff, 0xff, 
0xff, 0xff, 0xff, 0xff, 0xff, 0xff, 0xff, 0xff, 0xff, 0xff, 0xff, 0xff, 0xff, 0xff, 0xff, 0xff, 
0xff, 0xff, 0xff, 0xff, 0xff, 0xff, 0xff, 0xff, 0xd2, 0x05, 0xd2, 0x05, 0xd2, 0x05, 0xd2, 0x05, 
0xd2, 0x05, 0xd2, 0x05, 0xd2, 0x05, 0xd2, 0x05, 0xd8, 0x7e, 0xff, 0xff, 0xff, 0xff, 0xff, 0xff, 
0xff, 0xff, 0xff, 0xff, 0xd1, 0x05, 0xd2, 0x05, 0xd2, 0x05, 0xd2, 0x05, 0xd1, 0x05, 0xd2, 0x05, 
0xd2, 0x05, 0xd2, 0x05, 0xd1, 0x05, 0xff, 0xff, 0xff, 0xff, 0xff, 0xff, 0xff, 0xff, 0xff, 0xff, 
0xff, 0xff, 0xff, 0xff, 0xff, 0xff, 0xff, 0xff, 0xff, 0xff, 0xff, 0xff, 0xff, 0xff, 0xff, 0xff, 
0xff, 0xff, 0xff, 0xff, 0xff, 0xff, 0xff, 0xff, 0xff, 0xff, 0xff, 0xff, 0xff, 0xff, 0xff, 0xff, 
0xff, 0xff, 0xff, 0xff, 0xff, 0xff, 0xff, 0xff, 0xff, 0xff, 0xff, 0xff, 0xff, 0xff, 0xff, 0xff, 
0xff, 0xff, 0xff, 0xff, 0xff, 0xff, 0xff, 0xff, 0xff, 0xff, 0xff, 0xff, 0xff, 0xff, 0xff, 0xff, 
0xff, 0xff, 0xff, 0xff, 0xff, 0xff, 0xff, 0xff, 0xd2, 0x05, 0xd2, 0x05, 0xd1, 0x05, 0xd2, 0x05, 
0xd2, 0x05, 0xd2, 0x05, 0xd1, 0x05, 0xd2, 0x05, 0xd2, 0x05, 0xff, 0xff, 0xff, 0xff, 0xff, 0xff, 
0xff, 0xff, 0xff, 0xff, 0xff, 0xff, 0xff, 0xff, 0xff, 0xff, 0xff, 0xff, 0xff, 0xff, 0xff, 0xff, 
0xff, 0xff, 0xff, 0xff, 0xff, 0xff, 0xff, 0xff, 0xff, 0xff, 0xff, 0xff, 0xff, 0xff, 0xff, 0xff, 
0xff, 0xff, 0xff, 0xff, 0xff, 0xff, 0xff, 0xff, 0xff, 0xff, 0xff, 0xff, 0xde, 0xf7, 0xb7, 0x6e, 
0xd2, 0x05, 0xd2, 0x05, 0xd1, 0x05, 0xd2, 0x05, 0xd2, 0x05, 0xd2, 0x05, 0xd1, 0x05, 0xd2, 0x05, 
0xde, 0xf7, 0xff, 0xff, 0xff, 0xff, 0xff, 0xff, 0xff, 0xff, 0xff, 0xff, 0x97, 0x5e, 0xd2, 0x05, 
0xd2, 0x05, 0xd2, 0x05, 0xd2, 0x05, 0xd2, 0x05, 0xd2, 0x05, 0xd2, 0x05, 0xd2, 0x05, 0xde, 0xef, 
0xff, 0xff, 0xff, 0xff, 0xff, 0xff, 0xff, 0xff, 0xff, 0xff, 0xff, 0xff, 0xff, 0xff, 0xff, 0xff, 
0xff, 0xff, 0xff, 0xff, 0xff, 0xff, 0xff, 0xff, 0xff, 0xff, 0xff, 0xff, 0xff, 0xff, 0xff, 0xff, 
0xff, 0xff, 0xff, 0xff, 0xff, 0xff, 0xff, 0xff, 0xff, 0xff, 0xff, 0xff, 0xff, 0xff, 0xff, 0xff, 
0xff, 0xff, 0xff, 0xff, 0xff, 0xff, 0xff, 0xff, 0xff, 0xff, 0xff, 0xff, 0xff, 0xff, 0xff, 0xff, 
0xff, 0xff, 0xff, 0xff, 0xff, 0xff, 0xff, 0xff, 0xff, 0xff, 0xff, 0xff, 0xff, 0xff, 0xff, 0xff, 
0xff, 0xff, 0xd2, 0x05, 0xd2, 0x05, 0xd2, 0x05, 0xd2, 0x05, 0xd2, 0x05, 0xd2, 0x05, 0xd2, 0x05, 
0xd2, 0x05, 0xff, 0xff, 0xff, 0xff, 0xff, 0xff, 0xff, 0xff, 0xff, 0xff, 0xff, 0xff, 0xff, 0xff, 
0xff, 0xff, 0xff, 0xff, 0xff, 0xff, 0xff, 0xff, 0xff, 0xff, 0xff, 0xff, 0xff, 0xff, 0xff, 0xff, 
0xff, 0xff, 0xff, 0xff, 0xff, 0xff, 0xff, 0xff, 0xff, 0xff, 0xff, 0xff, 0xff, 0xff, 0xff, 0xff, 
0xff, 0xff, 0xff, 0xff, 0xff, 0xff, 0xd2, 0x05, 0xd2, 0x05, 0xd2, 0x05, 0xd2, 0x05, 0xd2, 0x05, 
0xd2, 0x05, 0xd2, 0x05, 0xd2, 0x05, 0xd2, 0x05, 0xff, 0xff, 0xff, 0xff, 0xff, 0xff, 0xff, 0xff, 
0xff, 0xff, 0xff, 0xff, 0xde, 0xef, 0xd2, 0x05, 0xd1, 0x05, 0xd2, 0x05, 0xd2, 0x05, 0xd2, 0x05, 
0xd1, 0x05, 0xd2, 0x05, 0xd2, 0x05, 0x35, 0x36, 0xff, 0xff, 0xff, 0xff, 0xff, 0xff, 0xff, 0xff, 
0xff, 0xff, 0xff, 0xff, 0xff, 0xff, 0xff, 0xff, 0xff, 0xff, 0xff, 0xff, 0xff, 0xff, 0xff, 0xff, 
0xff, 0xff, 0xff, 0xff, 0xff, 0xff, 0xff, 0xff, 0xff, 0xff, 0xff, 0xff, 0xff, 0xff, 0xff, 0xff, 
0xff, 0xff, 0xff, 0xff, 0xff, 0xff, 0xff, 0xff, 0xff, 0xff, 0xff, 0xff, 0xff, 0xff, 0xff, 0xff, 
0xff, 0xff, 0xff, 0xff, 0xff, 0xff, 0xff, 0xff, 0xff, 0xff, 0xff, 0xff, 0xff, 0xff, 0xff, 0xff, 
0xff, 0xff, 0xff, 0xff, 0xff, 0xff, 0xff, 0xff, 0xff, 0xff, 0xff, 0xff, 0xd2, 0x05, 0xd2, 0x05, 
0xd1, 0x05, 0xd2, 0x05, 0xd2, 0x05, 0xd2, 0x05, 0xff, 0xff, 0xff, 0xff, 0xff, 0xff, 0xff, 0xff, 
0xff, 0xff, 0xff, 0xff, 0xff, 0xff, 0xff, 0xff, 0xff, 0xff, 0xff, 0xff, 0xff, 0xff, 0xff, 0xff, 
0xff, 0xff, 0xff, 0xff, 0xff, 0xff, 0xff, 0xff, 0xff, 0xff, 0xff, 0xff, 0xff, 0xff, 0xff, 0xff, 
0xff, 0xff, 0xff, 0xff, 0xff, 0xff, 0xff, 0xff, 0xff, 0xff, 0xff, 0xff, 0x7c, 0xc7, 0xd2, 0x05, 
0xd1, 0x05, 0xd2, 0x05, 0xd2, 0x05, 0xd2, 0x05, 0xd1, 0x05, 0xd2, 0x05, 0xd2, 0x05, 0x96, 0x5e, 
0xff, 0xff, 0xff, 0xff, 0xff, 0xff, 0xff, 0xff, 0xff, 0xff, 0xff, 0xff, 0xff, 0xff, 0xd2, 0x05, 
0xd2, 0x05, 0xd2, 0x05, 0xd2, 0x05, 0xd2, 0x05, 0xd2, 0x05, 0xd2, 0x05, 0xd2, 0x05, 0xd2, 0x05, 
0xff, 0xff, 0xff, 0xff, 0xff, 0xff, 0xff, 0xff, 0xff, 0xff, 0xff, 0xff, 0xff, 0xff, 0xff, 0xff, 
0xff, 0xff, 0xff, 0xff, 0xff, 0xff, 0xff, 0xff, 0xff, 0xff, 0xff, 0xff, 0xff, 0xff, 0xff, 0xff, 
0xff, 0xff, 0xff, 0xff, 0xff, 0xff, 0xff, 0xff, 0xff, 0xff, 0xff, 0xff, 0xff, 0xff, 0xff, 0xff, 
0xff, 0xff, 0xff, 0xff, 0xff, 0xff, 0xff, 0xff, 0xff, 0xff, 0xff, 0xff, 0xff, 0xff, 0xff, 0xff, 
0xff, 0xff, 0xff, 0xff, 0xff, 0xff, 0xff, 0xff, 0xff, 0xff, 0xff, 0xff, 0xff, 0xff, 0xff, 0xff, 
0xff, 0xff, 0xff, 0xff, 0xff, 0xff, 0x1a, 0x97, 0x14, 0x26, 0x34, 0x36, 0xd8, 0x7e, 0xff, 0xff, 
0xff, 0xff, 0xff, 0xff, 0xff, 0xff, 0xff, 0xff, 0xff, 0xff, 0xff, 0xff, 0xff, 0xff, 0xff, 0xff, 
0xff, 0xff, 0xff, 0xff, 0xff, 0xff, 0xff, 0xff, 0xff, 0xff, 0xff, 0xff, 0xff, 0xff, 0xff, 0xff, 
0xff, 0xff, 0xff, 0xff, 0xff, 0xff, 0xff, 0xff, 0xff, 0xff, 0xff, 0xff, 0xff, 0xff, 0xff, 0xff, 
0xff, 0xff, 0xff, 0xff, 0xf3, 0x1d, 0xd2, 0x05, 0xd2, 0x05, 0xd2, 0x05, 0xd2, 0x05, 0xd2, 0x05, 
0xd2, 0x05, 0xd2, 0x05, 0xd2, 0x05, 0xde, 0xef, 0xff, 0xff, 0xff, 0xff, 0xff, 0xff, 0xff, 0xff, 
0xff, 0xff, 0xff, 0xff, 0xde, 0xf7, 0xd8, 0x76, 0xd2, 0x05, 0xd2, 0x05, 0xd1, 0x05, 0xd2, 0x05, 
0xd2, 0x05, 0xd2, 0x05, 0xd1, 0x05, 0xd2, 0x05, 0x97, 0x66, 0xff, 0xff, 0xff, 0xff, 0xff, 0xff, 
0xff, 0xff, 0xff, 0xff, 0xff, 0xff, 0xff, 0xff, 0xff, 0xff, 0xff, 0xff, 0xff, 0xff, 0xff, 0xff, 
0xff, 0xff, 0xff, 0xff, 0xff, 0xff, 0xff, 0xff, 0xff, 0xff, 0xff, 0xff, 0xff, 0xff, 0xff, 0xff, 
0xff, 0xff, 0xff, 0xff, 0xff, 0xff, 0xff, 0xff, 0xff, 0xff, 0xff, 0xff, 0xff, 0xff, 0xff, 0xff, 
0xff, 0xff, 0xff, 0xff, 0xff, 0xff, 0xff, 0xff, 0xff, 0xff, 0xff, 0xff, 0xff, 0xff, 0xff, 0xff, 
0xff, 0xff, 0xff, 0xff, 0xff, 0xff, 0xff, 0xff, 0xff, 0xff, 0xff, 0xff, 0xff, 0xff, 0xff, 0xff, 
0xff, 0xff, 0xff, 0xff, 0xff, 0xff, 0xff, 0xff, 0xff, 0xff, 0xff, 0xff, 0xff, 0xff, 0xff, 0xff, 
0xff, 0xff, 0xff, 0xff, 0xff, 0xff, 0xff, 0xff, 0xff, 0xff, 0xff, 0xff, 0xff, 0xff, 0xff, 0xff, 
0xff, 0xff, 0xff, 0xff, 0xff, 0xff, 0xff, 0xff, 0xff, 0xff, 0xff, 0xff, 0xff, 0xff, 0xff, 0xff, 
0xff, 0xff, 0xff, 0xff, 0xff, 0xff, 0xff, 0xff, 0xff, 0xff, 0xff, 0xff, 0xd1, 0x05, 0xd2, 0x05, 
0xd2, 0x05, 0xd2, 0x05, 0xd1, 0x05, 0xd2, 0x05, 0xd2, 0x05, 0xd2, 0x05, 0xd1, 0x05, 0xff, 0xff, 
0xff, 0xff, 0xff, 0xff, 0xff, 0xff, 0xff, 0xff, 0xff, 0xff, 0xff, 0xff, 0xff, 0xff, 0xff, 0xff, 
0xd2, 0x05, 0xd2, 0x05, 0xd2, 0x05, 0xd2, 0x05, 0xd2, 0x05, 0xd2, 0x05, 0xd2, 0x05, 0xd2, 0x05, 
0xd2, 0x05, 0xff, 0xff, 0xff, 0xff, 0xff, 0xff, 0xff, 0xff, 0xff, 0xff, 0xff, 0xff, 0xff, 0xff, 
0xff, 0xff, 0xff, 0xff, 0xff, 0xff, 0xff, 0xff, 0xff, 0xff, 0xff, 0xff, 0xff, 0xff, 0xff, 0xff, 
0xff, 0xff, 0xff, 0xff, 0xff, 0xff, 0xff, 0xff, 0xff, 0xff, 0xff, 0xff, 0xff, 0xff, 0xff, 0xff, 
0xff, 0xff, 0xff, 0xff, 0xff, 0xff, 0xff, 0xff, 0xff, 0xff, 0xff, 0xff, 0xff, 0xff, 0xff, 0xff, 
0xff, 0xff, 0xff, 0xff, 0xff, 0xff, 0xff, 0xff, 0xff, 0xff, 0xff, 0xff, 0xff, 0xff, 0xff, 0xff, 
0xff, 0xff, 0xff, 0xff, 0xff, 0xff, 0xff, 0xff, 0xff, 0xff, 0xff, 0xff, 0xff, 0xff, 0xff, 0xff, 
0xff, 0xff, 0xff, 0xff, 0xff, 0xff, 0xff, 0xff, 0xff, 0xff, 0xff, 0xff, 0xff, 0xff, 0xff, 0xff, 
0xff, 0xff, 0xff, 0xff, 0xff, 0xff, 0xff, 0xff, 0xff, 0xff, 0xff, 0xff, 0xff, 0xff, 0xff, 0xff, 
0xff, 0xff, 0xff, 0xff, 0xff, 0xff, 0xff, 0xff, 0xff, 0xff, 0xff, 0xff, 0xff, 0xff, 0xff, 0xff, 
0xff, 0xff, 0x34, 0x2e, 0xd2, 0x05, 0xd2, 0x05, 0xd2, 0x05, 0xd2, 0x05, 0xd2, 0x05, 0xd2, 0x05, 
0xd2, 0x05, 0xd2, 0x05, 0xd8, 0x7e, 0xff, 0xff, 0xff, 0xff, 0xff, 0xff, 0xff, 0xff, 0xff, 0xff, 
0xff, 0xff, 0xff, 0xff, 0xff, 0xff, 0xff, 0xff, 0xf2, 0x15, 0xd2, 0x05, 0xd2, 0x05, 0xd2, 0x05, 
0xd1, 0x05, 0xd2, 0x05, 0xd2, 0x05, 0xd2, 0x05, 0xd1, 0x05, 0x96, 0x5e, 0xff, 0xff, 0xff, 0xff, 
0xff, 0xff, 0xff, 0xff, 0xff, 0xff, 0xff, 0xff, 0xff, 0xff, 0xff, 0xff, 0xff, 0xff, 0xff, 0xff, 
0xff, 0xff, 0xff, 0xff, 0xff, 0xff, 0xff, 0xff, 0xff, 0xff, 0xff, 0xff, 0xff, 0xff, 0xff, 0xff, 
0xff, 0xff, 0xff, 0xff, 0xff, 0xff, 0xff, 0xff, 0xff, 0xff, 0xff, 0xff, 0xff, 0xff, 0xff, 0xff, 
0xff, 0xff, 0xff, 0xff, 0xff, 0xff, 0xff, 0xff, 0xff, 0xff, 0xff, 0xff, 0xff, 0xff, 0xff, 0xff, 
0xff, 0xff, 0xff, 0xff, 0xff, 0xff, 0xff, 0xff, 0xff, 0xff, 0xff, 0xff, 0xff, 0xff, 0xff, 0xff, 
0xff, 0xff, 0xff, 0xff, 0xff, 0xff, 0xff, 0xff, 0xff, 0xff, 0xff, 0xff, 0xff, 0xff, 0xff, 0xff, 
0xff, 0xff, 0xff, 0xff, 0xff, 0xff, 0xff, 0xff, 0xff, 0xff, 0xff, 0xff, 0xff, 0xff, 0xff, 0xff, 
0xff, 0xff, 0xff, 0xff, 0xff, 0xff, 0xff, 0xff, 0xff, 0xff, 0xff, 0xff, 0xff, 0xff, 0xff, 0xff, 
0xff, 0xff, 0xff, 0xff, 0xff, 0xff, 0xff, 0xff, 0xbe, 0xe7, 0xd2, 0x05, 0xd2, 0x05, 0xd2, 0x05, 
0xd1, 0x05, 0xd2, 0x05, 0xd2, 0x05, 0xd2, 0x05, 0xd1, 0x05, 0xd2, 0x05, 0xff, 0xff, 0xff, 0xff, 
0xff, 0xff, 0xff, 0xff, 0xff, 0xff, 0xff, 0xff, 0xff, 0xff, 0xff, 0xff, 0xff, 0xff, 0xff, 0xff, 
0xbd, 0xd7, 0xd2, 0x05, 0xd2, 0x05, 0xd2, 0x05, 0xd2, 0x05, 0xd2, 0x05, 0xd2, 0x05, 0xd2, 0x05, 
0xd2, 0x05, 0xd2, 0x05, 0xff, 0xff, 0xff, 0xff, 0xff, 0xff, 0xff, 0xff, 0xff, 0xff, 0xff, 0xff, 
0xff, 0xff, 0xff, 0xff, 0xff, 0xff, 0xff, 0xff, 0xff, 0xff, 0xff, 0xff, 0xff, 0xff, 0xff, 0xff, 
0xff, 0xff, 0xff, 0xff, 0xff, 0xff, 0xff, 0xff, 0xff, 0xff, 0xff, 0xff, 0xff, 0xff, 0xff, 0xff, 
0xff, 0xff, 0xff, 0xff, 0xff, 0xff, 0xff, 0xff, 0xff, 0xff, 0xff, 0xff, 0xff, 0xff, 0xff, 0xff, 
0xff, 0xff, 0xff, 0xff, 0xff, 0xff, 0xff, 0xff, 0xff, 0xff, 0xff, 0xff, 0xff, 0xff, 0xff, 0xff, 
0xff, 0xff, 0xff, 0xff, 0xff, 0xff, 0xff, 0xff, 0xff, 0xff, 0xff, 0xff, 0xff, 0xff, 0xff, 0xff, 
0xff, 0xff, 0xff, 0xff, 0xff, 0xff, 0xff, 0xff, 0xff, 0xff, 0xff, 0xff, 0xff, 0xff, 0xff, 0xff, 
0xff, 0xff, 0xff, 0xff, 0xff, 0xff, 0xff, 0xff, 0xff, 0xff, 0xff, 0xff, 0xff, 0xff, 0xff, 0xff, 
0xff, 0xff, 0xff, 0xff, 0xff, 0xff, 0xff, 0xff, 0xff, 0xff, 0xff, 0xff, 0xff, 0xff, 0xff, 0xff, 
0x13, 0x1e, 0xd2, 0x05, 0xd2, 0x05, 0xd2, 0x05, 0xd2, 0x05, 0xd2, 0x05, 0xd2, 0x05, 0xd2, 0x05, 
0xd2, 0x05, 0x75, 0x4e, 0xff, 0xff, 0xff, 0xff, 0xff, 0xff, 0xff, 0xff, 0xff, 0xff, 0xff, 0xff, 
0xff, 0xff, 0xff, 0xff, 0xff, 0xff, 0xff, 0xff, 0xff, 0xff, 0xd2, 0x05, 0xd1, 0x05, 0xd2, 0x05, 
0xd2, 0x05, 0xd2, 0x05, 0xd1, 0x05, 0xd2, 0x05, 0xd2, 0x05, 0xd2, 0x05, 0x13, 0x1e, 0xff, 0xff, 
0xff, 0xff, 0xff, 0xff, 0xff, 0xff, 0xff, 0xff, 0xff, 0xff, 0xff, 0xff, 0xff, 0xff, 0xff, 0xff, 
0xff, 0xff, 0xff, 0xff, 0xff, 0xff, 0xff, 0xff, 0xff, 0xff, 0xff, 0xff, 0xff, 0xff, 0xff, 0xff, 
0xff, 0xff, 0xff, 0xff, 0xff, 0xff, 0xff, 0xff, 0xff, 0xff, 0xff, 0xff, 0xff, 0xff, 0xff, 0xff, 
0xff, 0xff, 0xff, 0xff, 0xff, 0xff, 0xff, 0xff, 0xff, 0xff, 0xff, 0xff, 0xff, 0xff, 0xff, 0xff, 
0xff, 0xff, 0xff, 0xff, 0xff, 0xff, 0xff, 0xff, 0xff, 0xff, 0xff, 0xff, 0xff, 0xff, 0xff, 0xff, 
0xff, 0xff, 0xff, 0xff, 0xff, 0xff, 0xff, 0xff, 0xff, 0xff, 0xff, 0xff, 0xff, 0xff, 0xff, 0xff, 
0xff, 0xff, 0xff, 0xff, 0xff, 0xff, 0xff, 0xff, 0xff, 0xff, 0xff, 0xff, 0xff, 0xff, 0xff, 0xff, 
0xff, 0xff, 0xff, 0xff, 0xff, 0xff, 0xff, 0xff, 0xff, 0xff, 0xff, 0xff, 0xff, 0xff, 0xff, 0xff, 
0xff, 0xff, 0xff, 0xff, 0xde, 0xf7, 0x3b, 0xaf, 0xd2, 0x05, 0xd2, 0x05, 0xd1, 0x05, 0xd2, 0x05, 
0xd2, 0x05, 0xd2, 0x05, 0xd1, 0x05, 0xd2, 0x05, 0xd2, 0x05, 0xff, 0xff, 0xff, 0xff, 0xff, 0xff, 
0xff, 0xff, 0xff, 0xff, 0xff, 0xff, 0xff, 0xff, 0xff, 0xff, 0xff, 0xff, 0xff, 0xff, 0xff, 0xff, 
0xff, 0xff, 0x5b, 0xbf, 0xd2, 0x05, 0xd2, 0x05, 0xd2, 0x05, 0xd2, 0x05, 0xd2, 0x05, 0xd2, 0x05, 
0xd2, 0x05, 0xd2, 0x05, 0xd2, 0x05, 0x1a, 0x9f, 0xff, 0xff, 0xff, 0xff, 0xff, 0xff, 0xff, 0xff, 
0xff, 0xff, 0xff, 0xff, 0xff, 0xff, 0xff, 0xff, 0xff, 0xff, 0xff, 0xff, 0xff, 0xff, 0xff, 0xff, 
0xff, 0xff, 0xff, 0xff, 0xff, 0xff, 0xff, 0xff, 0xff, 0xff, 0xff, 0xff, 0xff, 0xff, 0xff, 0xff, 
0xff, 0xff, 0xff, 0xff, 0xff, 0xff, 0xff, 0xff, 0xff, 0xff, 0xff, 0xff, 0xff, 0xff, 0xff, 0xff, 
0xff, 0xff, 0xff, 0xff, 0xff, 0xff, 0xff, 0xff, 0xff, 0xff, 0xff, 0xff, 0xff, 0xff, 0xff, 0xff, 
0xff, 0xff, 0xff, 0xff, 0xff, 0xff, 0xff, 0xff, 0xff, 0xff, 0xff, 0xff, 0xff, 0xff, 0xff, 0xff, 
0xff, 0xff, 0xff, 0xff, 0xff, 0xff, 0xff, 0xff, 0xff, 0xff, 0xff, 0xff, 0xff, 0xff, 0xff, 0xff, 
0xff, 0xff, 0xff, 0xff, 0xff, 0xff, 0xff, 0xff, 0xff, 0xff, 0xff, 0xff, 0xff, 0xff, 0xff, 0xff, 
0xff, 0xff, 0xff, 0xff, 0xff, 0xff, 0xff, 0xff, 0xff, 0xff, 0xff, 0xff, 0xff, 0xff, 0xd2, 0x05, 
0xd2, 0x05, 0xd2, 0x05, 0xd2, 0x05, 0xd2, 0x05, 0xd2, 0x05, 0xd2, 0x05, 0xd2, 0x05, 0xd2, 0x05, 
0x34, 0x2e, 0xff, 0xff, 0xff, 0xff, 0xff, 0xff, 0xff, 0xff, 0xff, 0xff, 0xff, 0xff, 0xff, 0xff, 
0xff, 0xff, 0xff, 0xff, 0xff, 0xff, 0xff, 0xff, 0xff, 0xff, 0xff, 0xff, 0xd2, 0x05, 0xd2, 0x05, 
0xd1, 0x05, 0xd2, 0x05, 0xd2, 0x05, 0xd2, 0x05, 0xd1, 0x05, 0xd2, 0x05, 0xd2, 0x05, 0xd2, 0x05, 
0xff, 0xff, 0xff, 0xff, 0xff, 0xff, 0xff, 0xff, 0xff, 0xff, 0xff, 0xff, 0xff, 0xff, 0xff, 0xff, 
0xff, 0xff, 0xff, 0xff, 0xff, 0xff, 0xff, 0xff, 0xff, 0xff, 0xff, 0xff, 0xff, 0xff, 0xff, 0xff, 
0xff, 0xff, 0xff, 0xff, 0xff, 0xff, 0xff, 0xff, 0xff, 0xff, 0xff, 0xff, 0xff, 0xff, 0xff, 0xff, 
0xff, 0xff, 0xff, 0xff, 0xff, 0xff, 0xff, 0xff, 0xff, 0xff, 0xff, 0xff, 0xff, 0xff, 0xff, 0xff, 
0xff, 0xff, 0xff, 0xff, 0xff, 0xff, 0xff, 0xff, 0xff, 0xff, 0xff, 0xff, 0xff, 0xff, 0xff, 0xff, 
0xff, 0xff, 0xff, 0xff, 0xff, 0xff, 0xff, 0xff, 0xff, 0xff, 0xff, 0xff, 0xff, 0xff, 0xff, 0xff, 
0xff, 0xff, 0xff, 0xff, 0xff, 0xff, 0xff, 0xff, 0xff, 0xff, 0xff, 0xff, 0xff, 0xff, 0xff, 0xff, 
0xff, 0xff, 0xff, 0xff, 0xff, 0xff, 0xff, 0xff, 0xff, 0xff, 0xff, 0xff, 0xff, 0xff, 0xff, 0xff, 
0xff, 0xff, 0xff, 0xff, 0x34, 0x3e, 0xd2, 0x05, 0xd1, 0x05, 0xd2, 0x05, 0xd2, 0x05, 0xd2, 0x05, 
0xd1, 0x05, 0xd2, 0x05, 0xd2, 0x05, 0xd2, 0x05, 0xbd, 0xe7, 0xff, 0xff, 0xff, 0xff, 0xff, 0xff, 
0xff, 0xff, 0xff, 0xff, 0xff, 0xff, 0xff, 0xff, 0xff, 0xff, 0xff, 0xff, 0xff, 0xff, 0xff, 0xff, 
0xff, 0xff, 0xff, 0xff, 0xbe, 0xe7, 0xd2, 0x05, 0xd2, 0x05, 0xd2, 0x05, 0xd2, 0x05, 0xd2, 0x05, 
0xd2, 0x05, 0xd2, 0x05, 0xd2, 0x05, 0xd2, 0x05, 0xd2, 0x0d, 0xff, 0xff, 0xff, 0xff, 0xff, 0xff, 
0xff, 0xff, 0xff, 0xff, 0xff, 0xff, 0xff, 0xff, 0xff, 0xff, 0xff, 0xff, 0xff, 0xff, 0xff, 0xff, 
0xff, 0xff, 0xff, 0xff, 0xff, 0xff, 0xff, 0xff, 0xff, 0xff, 0xff, 0xff, 0xff, 0xff, 0xff, 0xff, 
0xff, 0xff, 0xff, 0xff, 0xff, 0xff, 0xff, 0xff, 0xff, 0xff, 0xff, 0xff, 0xff, 0xff, 0xff, 0xff, 
0xff, 0xff, 0xff, 0xff, 0xff, 0xff, 0xff, 0xff, 0xff, 0xff, 0xff, 0xff, 0xff, 0xff, 0xff, 0xff, 
0xff, 0xff, 0xff, 0xff, 0xff, 0xff, 0xff, 0xff, 0xff, 0xff, 0xff, 0xff, 0xff, 0xff, 0xff, 0xff, 
0xff, 0xff, 0xff, 0xff, 0xff, 0xff, 0xff, 0xff, 0xff, 0xff, 0xff, 0xff, 0xff, 0xff, 0xff, 0xff, 
0xff, 0xff, 0xff, 0xff, 0xff, 0xff, 0xff, 0xff, 0xff, 0xff, 0xff, 0xff, 0xff, 0xff, 0xff, 0xff, 
0xff, 0xff, 0xff, 0xff, 0xff, 0xff, 0xff, 0xff, 0xff, 0xff, 0xf9, 0x8e, 0xd2, 0x05, 0xd2, 0x05, 
0xd2, 0x05, 0xd2, 0x05, 0xd2, 0x05, 0xd2, 0x05, 0xd2, 0x05, 0xd2, 0x05, 0xd2, 0x05, 0x55, 0x46, 
0xff, 0xff, 0xff, 0xff, 0xff, 0xff, 0xff, 0xff, 0xff, 0xff, 0xff, 0xff, 0xff, 0xff, 0xff, 0xff, 
0xff, 0xff, 0xff, 0xff, 0xff, 0xff, 0xff, 0xff, 0xff, 0xff, 0xff, 0xff, 0xde, 0xf7, 0x76, 0x4e, 
0xd2, 0x05, 0xd2, 0x05, 0xd1, 0x05, 0xd2, 0x05, 0xd2, 0x05, 0xd2, 0x05, 0xd1, 0x05, 0xd2, 0x05, 
0xd2, 0x05, 0x96, 0x56, 0xff, 0xff, 0xff, 0xff, 0xff, 0xff, 0xff, 0xff, 0xff, 0xff, 0xff, 0xff, 
0xff, 0xff, 0xff, 0xff, 0xff, 0xff, 0xff, 0xff, 0xff, 0xff, 0xff, 0xff, 0xff, 0xff, 0xff, 0xff, 
0xff, 0xff, 0xff, 0xff, 0xff, 0xff, 0xff, 0xff, 0xff, 0xff, 0xff, 0xff, 0xff, 0xff, 0xff, 0xff, 
0xff, 0xff, 0xff, 0xff, 0xff, 0xff, 0xff, 0xff, 0xff, 0xff, 0xff, 0xff, 0xff, 0xff, 0xff, 0xff, 
0xff, 0xff, 0xff, 0xff, 0xff, 0xff, 0xff, 0xff, 0xff, 0xff, 0xff, 0xff, 0xff, 0xff, 0xff, 0xff, 
0xff, 0xff, 0xff, 0xff, 0xff, 0xff, 0xff, 0xff, 0xff, 0xff, 0xff, 0xff, 0xff, 0xff, 0xff, 0xff, 
0xff, 0xff, 0xff, 0xff, 0xff, 0xff, 0xff, 0xff, 0xff, 0xff, 0xff, 0xff, 0xff, 0xff, 0xff, 0xff, 
0xff, 0xff, 0xff, 0xff, 0xff, 0xff, 0xff, 0xff, 0xff, 0xff, 0xff, 0xff, 0xff, 0xff, 0xff, 0xff, 
0xbd, 0xe7, 0xd2, 0x05, 0xd1, 0x05, 0xd2, 0x05, 0xd2, 0x05, 0xd2, 0x05, 0xd1, 0x05, 0xd2, 0x05, 
0xd2, 0x05, 0xd2, 0x05, 0xd1, 0x05, 0xff, 0xff, 0xff, 0xff, 0xff, 0xff, 0xff, 0xff, 0xff, 0xff, 
0xff, 0xff, 0xff, 0xff, 0xff, 0xff, 0xff, 0xff, 0xff, 0xff, 0xff, 0xff, 0xff, 0xff, 0xff, 0xff, 
0xff, 0xff, 0xff, 0xff, 0xff, 0xff, 0xff, 0xff, 0xd2, 0x05, 0xd2, 0x05, 0xd2, 0x05, 0xd2, 0x05, 
0xd2, 0x05, 0xd2, 0x05, 0xd2, 0x05, 0xd2, 0x05, 0xd2, 0x05, 0xd2, 0x05, 0x3a, 0xa7, 0xff, 0xff, 
0xff, 0xff, 0xff, 0xff, 0xff, 0xff, 0xff, 0xff, 0xff, 0xff, 0xff, 0xff, 0xff, 0xff, 0xff, 0xff, 
0xff, 0xff, 0xff, 0xff, 0xff, 0xff, 0xff, 0xff, 0xff, 0xff, 0xff, 0xff, 0xff, 0xff, 0xff, 0xff, 
0xff, 0xff, 0xff, 0xff, 0xff, 0xff, 0xff, 0xff, 0xff, 0xff, 0xff, 0xff, 0xff, 0xff, 0xff, 0xff, 
0xff, 0xff, 0xff, 0xff, 0xff, 0xff, 0xff, 0xff, 0xff, 0xff, 0xff, 0xff, 0xff, 0xff, 0xff, 0xff, 
0xff, 0xff, 0xff, 0xff, 0xff, 0xff, 0xff, 0xff, 0xff, 0xff, 0xff, 0xff, 0xff, 0xff, 0xff, 0xff, 
0xff, 0xff, 0xff, 0xff, 0xff, 0xff, 0xff, 0xff, 0xff, 0xff, 0xff, 0xff, 0xff, 0xff, 0xff, 0xff, 
0xff, 0xff, 0xff, 0xff, 0xff, 0xff, 0xff, 0xff, 0xff, 0xff, 0xff, 0xff, 0xff, 0xff, 0xff, 0xff, 
0xff, 0xff, 0xff, 0xff, 0xff, 0xff, 0xff, 0xff, 0xd2, 0x05, 0xd2, 0x05, 0xd2, 0x05, 0xd2, 0x05, 
0xd2, 0x05, 0xd2, 0x05, 0xd2, 0x05, 0xd2, 0x05, 0xd2, 0x05, 0xd2, 0x05, 0xf9, 0x86, 0xff, 0xff, 
0xff, 0xff, 0xff, 0xff, 0xff, 0xff, 0xff, 0xff, 0xff, 0xff, 0xff, 0xff, 0xff, 0xff, 0xff, 0xff, 
0xff, 0xff, 0xff, 0xff, 0xff, 0xff, 0xff, 0xff, 0xff, 0xff, 0xff, 0xff, 0xff, 0xff, 0xff, 0xff, 
0x1a, 0x9f, 0xd2, 0x05, 0xd2, 0x05, 0xd2, 0x05, 0xd1, 0x05, 0xd2, 0x05, 0xd2, 0x05, 0xd2, 0x05, 
0xd1, 0x05, 0xd2, 0x05, 0xd2, 0x05, 0x3b, 0xaf, 0xff, 0xff, 0xff, 0xff, 0xff, 0xff, 0xff, 0xff, 
0xff, 0xff, 0xff, 0xff, 0xff, 0xff, 0xff, 0xff, 0xff, 0xff, 0xff, 0xff, 0xff, 0xff, 0xff, 0xff, 
0xff, 0xff, 0xff, 0xff, 0xff, 0xff, 0xff, 0xff, 0xff, 0xff, 0xff, 0xff, 0xff, 0xff, 0xff, 0xff, 
0xff, 0xff, 0xff, 0xff, 0xff, 0xff, 0xff, 0xff, 0xff, 0xff, 0xff, 0xff, 0xff, 0xff, 0xff, 0xff, 
0xff, 0xff, 0xff, 0xff, 0xff, 0xff, 0xff, 0xff, 0xff, 0xff, 0xff, 0xff, 0xff, 0xff, 0xff, 0xff, 
0xff, 0xff, 0xff, 0xff, 0xff, 0xff, 0xff, 0xff, 0xff, 0xff, 0xff, 0xff, 0xff, 0xff, 0xff, 0xff, 
0xff, 0xff, 0xff, 0xff, 0xff, 0xff, 0xff, 0xff, 0xff, 0xff, 0xff, 0xff, 0xff, 0xff, 0xff, 0xff, 
0xff, 0xff, 0xff, 0xff, 0xff, 0xff, 0xff, 0xff, 0xff, 0xff, 0xff, 0xff, 0xff, 0xff, 0xd2, 0x05, 
0xd1, 0x05, 0xd2, 0x05, 0xd2, 0x05, 0xd2, 0x05, 0xd1, 0x05, 0xd2, 0x05, 0xd2, 0x05, 0xd2, 0x05, 
0xd1, 0x05, 0xd2, 0x05, 0xff, 0xff, 0xff, 0xff, 0xff, 0xff, 0xff, 0xff, 0xff, 0xff, 0xff, 0xff, 
0xff, 0xff, 0xff, 0xff, 0xff, 0xff, 0xff, 0xff, 0xff, 0xff, 0xff, 0xff, 0xff, 0xff, 0xff, 0xff, 
0xff, 0xff, 0xff, 0xff, 0xff, 0xff, 0xff, 0xff, 0xff, 0xff, 0x55, 0x46, 0xd2, 0x05, 0xd2, 0x05, 
0xd2, 0x05, 0xd2, 0x05, 0xd2, 0x05, 0xd2, 0x05, 0xd2, 0x05, 0xd2, 0x05, 0xd2, 0x05, 0xd2, 0x05, 
0xbe, 0xdf, 0xff, 0xff, 0xff, 0xff, 0xff, 0xff, 0xff, 0xff, 0xff, 0xff, 0xff, 0xff, 0xff, 0xff, 
0xff, 0xff, 0xff, 0xff, 0xff, 0xff, 0xff, 0xff, 0xff, 0xff, 0xff, 0xff, 0xff, 0xff, 0xff, 0xff, 
0xff, 0xff, 0xff, 0xff, 0xff, 0xff, 0xff, 0xff, 0xff, 0xff, 0xff, 0xff, 0xff, 0xff, 0xff, 0xff, 
0xff, 0xff, 0xff, 0xff, 0xff, 0xff, 0xff, 0xff, 0xff, 0xff, 0xff, 0xff, 0xff, 0xff, 0xff, 0xff, 
0xff, 0xff, 0xff, 0xff, 0xff, 0xff, 0xff, 0xff, 0xff, 0xff, 0xff, 0xff, 0xff, 0xff, 0xff, 0xff, 
0xff, 0xff, 0xff, 0xff, 0xff, 0xff, 0xff, 0xff, 0xff, 0xff, 0xff, 0xff, 0xff, 0xff, 0xff, 0xff, 
0xff, 0xff, 0xff, 0xff, 0xff, 0xff, 0xff, 0xff, 0xff, 0xff, 0xff, 0xff, 0xff, 0xff, 0xff, 0xff, 
0xff, 0xff, 0xff, 0xff, 0xd2, 0x05, 0xd2, 0x05, 0xd2, 0x05, 0xd2, 0x05, 0xd2, 0x05, 0xd2, 0x05, 
0xd2, 0x05, 0xd2, 0x05, 0xd2, 0x05, 0xd2, 0x05, 0xd2, 0x05, 0xff, 0xff, 0xff, 0xff, 0xff, 0xff, 
0xff, 0xff, 0xff, 0xff, 0xff, 0xff, 0xff, 0xff, 0xff, 0xff, 0xff, 0xff, 0xff, 0xff, 0xff, 0xff, 
0xff, 0xff, 0xff, 0xff, 0xff, 0xff, 0xff, 0xff, 0xff, 0xff, 0xff, 0xff, 0xff, 0xff, 0xff, 0xff, 
0xff, 0xff, 0xff, 0xff, 0xd1, 0x05, 0xd2, 0x05, 0xd2, 0x05, 0xd2, 0x05, 0xd1, 0x05, 0xd2, 0x05, 
0xd2, 0x05, 0xd2, 0x05, 0xd1, 0x05, 0xd2, 0x05, 0xd2, 0x05, 0xbe, 0xe7, 0xff, 0xff, 0xff, 0xff, 
0xff, 0xff, 0xff, 0xff, 0xff, 0xff, 0xff, 0xff, 0xff, 0xff, 0xff, 0xff, 0xff, 0xff, 0xff, 0xff, 
0xff, 0xff, 0xff, 0xff, 0xff, 0xff, 0xff, 0xff, 0xff, 0xff, 0xff, 0xff, 0xff, 0xff, 0xff, 0xff, 
0xff, 0xff, 0xff, 0xff, 0xff, 0xff, 0xff, 0xff, 0xff, 0xff, 0xff, 0xff, 0xff, 0xff, 0xff, 0xff, 
0xff, 0xff, 0xff, 0xff, 0xff, 0xff, 0xff, 0xff, 0xff, 0xff, 0xff, 0xff, 0xff, 0xff, 0xff, 0xff, 
0xff, 0xff, 0xff, 0xff, 0xff, 0xff, 0xff, 0xff, 0xff, 0xff, 0xff, 0xff, 0xff, 0xff, 0xff, 0xff, 
0xff, 0xff, 0xff, 0xff, 0xff, 0xff, 0xff, 0xff, 0xff, 0xff, 0xff, 0xff, 0xff, 0xff, 0xff, 0xff, 
0xff, 0xff, 0xff, 0xff, 0xff, 0xff, 0xff, 0xff, 0xff, 0xff, 0xd2, 0x05, 0xd1, 0x05, 0xd2, 0x05, 
0xd2, 0x05, 0xd2, 0x05, 0xd1, 0x05, 0xd2, 0x05, 0xd2, 0x05, 0xd2, 0x05, 0xd1, 0x05, 0xd2, 0x05, 
0x3b, 0xaf, 0xff, 0xff, 0xff, 0xff, 0xff, 0xff, 0xff, 0xff, 0xff, 0xff, 0xff, 0xff, 0xff, 0xff, 
0xff, 0xff, 0xff, 0xff, 0xff, 0xff, 0xff, 0xff, 0xff, 0xff, 0xff, 0xff, 0xff, 0xff, 0xff, 0xff, 
0xff, 0xff, 0xff, 0xff, 0xff, 0xff, 0xff, 0xff, 0xff, 0xff, 0xff, 0xff, 0xff, 0xf7, 0xd2, 0x05, 
0xd2, 0x05, 0xd2, 0x05, 0xd2, 0x05, 0xd2, 0x05, 0xd2, 0x05, 0xd2, 0x05, 0xd2, 0x05, 0xd2, 0x05, 
0xd2, 0x05, 0xd2, 0x05, 0x3b, 0xa7, 0xff, 0xff, 0xff, 0xff, 0xff, 0xff, 0xff, 0xff, 0xff, 0xff, 
0xff, 0xff, 0xff, 0xff, 0xff, 0xff, 0xff, 0xff, 0xff, 0xff, 0xff, 0xff, 0xff, 0xff, 0xff, 0xff, 
0xff, 0xff, 0xff, 0xff, 0xff, 0xff, 0xff, 0xff, 0xff, 0xff, 0xff, 0xff, 0xff, 0xff, 0xff, 0xff, 
0xff, 0xff, 0xff, 0xff, 0xff, 0xff, 0xff, 0xff, 0xff, 0xff, 0xff, 0xff, 0xff, 0xff, 0xff, 0xff, 
0xff, 0xff, 0xff, 0xff, 0xff, 0xff, 0xff, 0xff, 0xff, 0xff, 0xff, 0xff, 0xff, 0xff, 0xff, 0xff, 
0xff, 0xff, 0xff, 0xff, 0xff, 0xff, 0xff, 0xff, 0xff, 0xff, 0xff, 0xff, 0xff, 0xff, 0xff, 0xff, 
0xff, 0xff, 0xff, 0xff, 0xff, 0xff, 0xff, 0xff, 0xff, 0xff, 0xff, 0xff, 0xff, 0xff, 0xff, 0xff, 
0xd2, 0x05, 0xd2, 0x05, 0xd2, 0x05, 0xd2, 0x05, 0xd2, 0x05, 0xd2, 0x05, 0xd2, 0x05, 0xd2, 0x05, 
0xd2, 0x05, 0xd2, 0x05, 0xd2, 0x05, 0x96, 0x5e, 0xff, 0xff, 0xff, 0xff, 0xff, 0xff, 0xff, 0xff, 
0xff, 0xff, 0xff, 0xff, 0xff, 0xff, 0xff, 0xff, 0xff, 0xff, 0xff, 0xff, 0xff, 0xff, 0xff, 0xff, 
0xff, 0xff, 0xff, 0xff, 0xff, 0xff, 0xff, 0xff, 0xff, 0xff, 0xff, 0xff, 0xff, 0xff, 0xff, 0xff, 
0xff, 0xff, 0xff, 0xff, 0xdf, 0xff, 0x3a, 0xa7, 0xd1, 0x05, 0xd2, 0x05, 0xd2, 0x05, 0xd2, 0x05, 
0xd1, 0x05, 0xd2, 0x05, 0xd2, 0x05, 0xd2, 0x05, 0xd1, 0x05, 0xd2, 0x05, 0xd2, 0x05, 0xb7, 0x66, 
0xff, 0xff, 0xff, 0xff, 0xff, 0xff, 0xff, 0xff, 0xff, 0xff, 0xff, 0xff, 0xff, 0xff, 0xff, 0xff, 
0xff, 0xff, 0xff, 0xff, 0xff, 0xff, 0xff, 0xff, 0xff, 0xff, 0xff, 0xff, 0xff, 0xff, 0xff, 0xff, 
0xff, 0xff, 0xff, 0xff, 0xff, 0xff, 0xff, 0xff, 0xff, 0xff, 0xff, 0xff, 0xff, 0xff, 0xff, 0xff, 
0xff, 0xff, 0xff, 0xff, 0xff, 0xff, 0xff, 0xff, 0xff, 0xff, 0xff, 0xff, 0xff, 0xff, 0xff, 0xff, 
0xff, 0xff, 0xff, 0xff, 0xff, 0xff, 0xff, 0xff, 0xff, 0xff, 0xff, 0xff, 0xff, 0xff, 0xff, 0xff, 
0xff, 0xff, 0xff, 0xff, 0xff, 0xff, 0xff, 0xff, 0xff, 0xff, 0xff, 0xff, 0xff, 0xff, 0xff, 0xff, 
0xff, 0xff, 0xff, 0xff, 0x7c, 0xc7, 0xd2, 0x05, 0xd1, 0x05, 0xd2, 0x05, 0xd2, 0x05, 0xd2, 0x05, 
0xd1, 0x05, 0xd2, 0x05, 0xd2, 0x05, 0xd2, 0x05, 0xd1, 0x05, 0xd2, 0x05, 0x13, 0x26, 0xff, 0xff, 
0xff, 0xff, 0xff, 0xff, 0xff, 0xff, 0xff, 0xff, 0xff, 0xff, 0xff, 0xff, 0xff, 0xff, 0xff, 0xff, 
0xff, 0xff, 0xff, 0xff, 0xff, 0xff, 0xff, 0xff, 0xff, 0xff, 0xff, 0xff, 0xff, 0xff, 0xff, 0xff, 
0xff, 0xff, 0xff, 0xff, 0xff, 0xff, 0xff, 0xff, 0xff, 0xff, 0xff, 0xff, 0xff, 0xff, 0xff, 0xff, 
0xd8, 0x76, 0xd2, 0x05, 0xd2, 0x05, 0xd2, 0x05, 0xd2, 0x05, 0xd2, 0x05, 0xd2, 0x05, 0xd2, 0x05, 
0xd2, 0x05, 0xd2, 0x05, 0xd2, 0x05, 0xd2, 0x05, 0xf2, 0x0d, 0xff, 0xff, 0xff, 0xff, 0xff, 0xff, 
0xff, 0xff, 0xff, 0xff, 0xff, 0xff, 0xff, 0xff, 0xff, 0xff, 0xff, 0xff, 0xff, 0xff, 0xff, 0xff, 
0xff, 0xff, 0xff, 0xff, 0xff, 0xff, 0xff, 0xff, 0xff, 0xff, 0xff, 0xff, 0xff, 0xff, 0xff, 0xff, 
0xff, 0xff, 0xff, 0xff, 0xff, 0xff, 0xff, 0xff, 0xff, 0xff, 0xff, 0xff, 0xff, 0xff, 0xff, 0xff, 
0xff, 0xff, 0xff, 0xff, 0xff, 0xff, 0xff, 0xff, 0xff, 0xff, 0xff, 0xff, 0xff, 0xff, 0xff, 0xff, 
0xff, 0xff, 0xff, 0xff, 0xff, 0xff, 0xff, 0xff, 0xff, 0xff, 0xff, 0xff, 0xff, 0xff, 0xff, 0xff, 
0xff, 0xff, 0xff, 0xff, 0xff, 0xff, 0xff, 0xff, 0xff, 0xff, 0xd8, 0x7e, 0xd2, 0x05, 0xd2, 0x05, 
0xd2, 0x05, 0xd2, 0x05, 0xd2, 0x05, 0xd2, 0x05, 0xd2, 0x05, 0xd2, 0x05, 0xd2, 0x05, 0xd2, 0x05, 
0xd2, 0x05, 0xd2, 0x05, 0xff, 0xff, 0xff, 0xff, 0xff, 0xff, 0xff, 0xff, 0xff, 0xff, 0xff, 0xff, 
0xff, 0xff, 0xff, 0xff, 0xff, 0xff, 0xff, 0xff, 0xff, 0xff, 0xff, 0xff, 0xff, 0xff, 0xff, 0xff, 
0xff, 0xff, 0xff, 0xff, 0xff, 0xff, 0xff, 0xff, 0xff, 0xff, 0xff, 0xff, 0xff, 0xff, 0xff, 0xff, 
0xff, 0xff, 0xff, 0xff, 0xff, 0xff, 0xff, 0xff, 0xdf, 0xff, 0x55, 0x46, 0xd1, 0x05, 0xd2, 0x05, 
0xd2, 0x05, 0xd2, 0x05, 0xd1, 0x05, 0xd2, 0x05, 0xd2, 0x05, 0xd2, 0x05, 0xd1, 0x05, 0xd2, 0x05, 
0xd2, 0x05, 0xd2, 0x05, 0x5b, 0xb7, 0xff, 0xff, 0xff, 0xff, 0xff, 0xff, 0xff, 0xff, 0xff, 0xff, 
0xff, 0xff, 0xff, 0xff, 0xff, 0xff, 0xff, 0xff, 0xff, 0xff, 0xff, 0xff, 0xff, 0xff, 0xff, 0xff, 
0xff, 0xff, 0xff, 0xff, 0xff, 0xff, 0xff, 0xff, 0xff, 0xff, 0xff, 0xff, 0xff, 0xff, 0xff, 0xff, 
0xff, 0xff, 0xff, 0xff, 0xff, 0xff, 0xff, 0xff, 0xff, 0xff, 0xff, 0xff, 0xff, 0xff, 0xff, 0xff, 
0xff, 0xff, 0xff, 0xff, 0xff, 0xff, 0xff, 0xff, 0xff, 0xff, 0xff, 0xff, 0xff, 0xff, 0xff, 0xff, 
0xff, 0xff, 0xff, 0xff, 0xff, 0xff, 0xff, 0xff, 0xff, 0xff, 0xff, 0xff, 0xff, 0xff, 0xff, 0xff, 
0xd2, 0x05, 0xd2, 0x05, 0xd1, 0x05, 0xd2, 0x05, 0xd2, 0x05, 0xd2, 0x05, 0xd1, 0x05, 0xd2, 0x05, 
0xd2, 0x05, 0xd2, 0x05, 0xd1, 0x05, 0xd2, 0x05, 0xd2, 0x05, 0xff, 0xff, 0xff, 0xff, 0xff, 0xff, 
0xff, 0xff, 0xff, 0xff, 0xff, 0xff, 0xff, 0xff, 0xff, 0xff, 0xff, 0xff, 0xff, 0xff, 0xff, 0xff, 
0xff, 0xff, 0xff, 0xff, 0xff, 0xff, 0xff, 0xff, 0xff, 0xff, 0xff, 0xff, 0xff, 0xff, 0xff, 0xff, 
0xff, 0xff, 0xff, 0xff, 0xff, 0xff, 0xff, 0xff, 0xff, 0xff, 0xff, 0xff, 0xff, 0xff, 0xff, 0xff, 
0xff, 0xff, 0xff, 0xff, 0xf3, 0x15, 0xd2, 0x05, 0xd2, 0x05, 0xd2, 0x05, 0xd2, 0x05, 0xd2, 0x05, 
0xd2, 0x05, 0xd2, 0x05, 0xd2, 0x05, 0xd2, 0x05, 0xd2, 0x05, 0xd2, 0x05, 0xd2, 0x05, 0x14, 0x26, 
0xff, 0xff, 0xff, 0xff, 0xff, 0xff, 0xff, 0xff, 0xff, 0xff, 0xff, 0xff, 0xff, 0xff, 0xff, 0xff, 
0xff, 0xff, 0xff, 0xff, 0xff, 0xff, 0xff, 0xff, 0xff, 0xff, 0xff, 0xff, 0xff, 0xff, 0xff, 0xff, 
0xff, 0xff, 0xff, 0xff, 0xff, 0xff, 0xff, 0xff, 0xff, 0xff, 0xff, 0xff, 0xff, 0xff, 0xff, 0xff, 
0xff, 0xff, 0xff, 0xff, 0xff, 0xff, 0xff, 0xff, 0xff, 0xff, 0xff, 0xff, 0xff, 0xff, 0xff, 0xff, 
0xff, 0xff, 0xff, 0xff, 0xff, 0xff, 0xff, 0xff, 0xff, 0xff, 0xff, 0xff, 0xff, 0xff, 0xff, 0xff, 
0xff, 0xff, 0xff, 0xff, 0xf9, 0x8e, 0xd2, 0x05, 0xd2, 0x05, 0xd2, 0x05, 0xd2, 0x05, 0xd2, 0x05, 
0xd2, 0x05, 0xd2, 0x05, 0xd2, 0x05, 0xd2, 0x05, 0xd2, 0x05, 0xd2, 0x05, 0xd2, 0x05, 0xd2, 0x05, 
0xff, 0xff, 0xff, 0xff, 0xff, 0xff, 0xff, 0xff, 0xff, 0xff, 0xff, 0xff, 0xff, 0xff, 0xff, 0xff, 
0xff, 0xff, 0xff, 0xff, 0xff, 0xff, 0xff, 0xff, 0xff, 0xff, 0xff, 0xff, 0xff, 0xff, 0xff, 0xff, 
0xff, 0xff, 0xff, 0xff, 0xff, 0xff, 0xff, 0xff, 0xff, 0xff, 0xff, 0xff, 0xff, 0xff, 0xff, 0xff, 
0xff, 0xff, 0xff, 0xff, 0xff, 0xff, 0xff, 0xff, 0xff, 0xff, 0xff, 0xff, 0xdf, 0xff, 0x55, 0x3e, 
0xd1, 0x05, 0xd2, 0x05, 0xd2, 0x05, 0xd2, 0x05, 0xd1, 0x05, 0xd2, 0x05, 0xd2, 0x05, 0xd2, 0x05, 
0xd1, 0x05, 0xd2, 0x05, 0xd2, 0x05, 0xd2, 0x05, 0xd1, 0x05, 0xd8, 0x76, 0xff, 0xff, 0xff, 0xff, 
0xff, 0xff, 0xff, 0xff, 0xff, 0xff, 0xff, 0xff, 0xff, 0xff, 0xff, 0xff, 0xff, 0xff, 0xff, 0xff, 
0xff, 0xff, 0xff, 0xff, 0xff, 0xff, 0xff, 0xff, 0xff, 0xff, 0xff, 0xff, 0xff, 0xff, 0xff, 0xff, 
0xff, 0xff, 0xff, 0xff, 0xff, 0xff, 0xff, 0xff, 0xff, 0xff, 0xff, 0xff, 0xff, 0xff, 0xff, 0xff, 
0xff, 0xff, 0xff, 0xff, 0xff, 0xff, 0xff, 0xff, 0xff, 0xff, 0xff, 0xff, 0xff, 0xff, 0xff, 0xff, 
0xff, 0xff, 0xff, 0xff, 0xff, 0xff, 0xff, 0xff, 0x7c, 0xcf, 0xd2, 0x05, 0xd2, 0x05, 0xd2, 0x05, 
0xd1, 0x05, 0xd2, 0x05, 0xd2, 0x05, 0xd2, 0x05, 0xd1, 0x05, 0xd2, 0x05, 0xd2, 0x05, 0xd2, 0x05, 
0xd1, 0x05, 0xd2, 0x05, 0xd2, 0x05, 0xff, 0xff, 0xff, 0xff, 0xff, 0xff, 0xff, 0xff, 0xff, 0xff, 
0xff, 0xff, 0xff, 0xff, 0xff, 0xff, 0xff, 0xff, 0xff, 0xff, 0xff, 0xff, 0xff, 0xff, 0xff, 0xff, 
0xff, 0xff, 0xff, 0xff, 0xff, 0xff, 0xff, 0xff, 0xff, 0xff, 0xff, 0xff, 0xff, 0xff, 0xff, 0xff, 
0xff, 0xff, 0xff, 0xff, 0xff, 0xff, 0xff, 0xff, 0xff, 0xff, 0xff, 0xff, 0xff, 0xff, 0xff, 0xff, 
0xff, 0xff, 0xff, 0xff, 0xff, 0xff, 0xff, 0xff, 0xf9, 0x86, 0xd2, 0x05, 0xd2, 0x05, 0xd2, 0x05, 
0xd2, 0x05, 0xd2, 0x05, 0xd2, 0x05, 0xd2, 0x05, 0xd2, 0x05, 0xd2, 0x05, 0xd2, 0x05, 0xd2, 0x05, 
0xd2, 0x05, 0xd2, 0x05, 0xd2, 0x05, 0x97, 0x66, 0xff, 0xff, 0xff, 0xff, 0xff, 0xff, 0xff, 0xff, 
0xff, 0xff, 0xff, 0xff, 0xff, 0xff, 0xff, 0xff, 0xff, 0xff, 0xff, 0xff, 0xff, 0xff, 0xff, 0xff, 
0xff, 0xff, 0xff, 0xff, 0xff, 0xff, 0xff, 0xff, 0xff, 0xff, 0xff, 0xff, 0xff, 0xff, 0xff, 0xff, 
0xff, 0xff, 0xff, 0xff, 0xff, 0xff, 0xff, 0xff, 0xff, 0xff, 0xff, 0xff, 0xff, 0xff, 0xff, 0xff, 
0xff, 0xff, 0xff, 0xff, 0xff, 0xff, 0xff, 0xff, 0xff, 0xff, 0xff, 0xff, 0x5c, 0xb7, 0xd2, 0x05, 
0xd2, 0x05, 0xd2, 0x05, 0xd2, 0x05, 0xd2, 0x05, 0xd2, 0x05, 0xd2, 0x05, 0xd2, 0x05, 0xd2, 0x05, 
0xd2, 0x05, 0xd2, 0x05, 0xd2, 0x05, 0xd2, 0x05, 0xd2, 0x05, 0xd2, 0x05, 0xff, 0xff, 0xff, 0xff, 
0xff, 0xff, 0xff, 0xff, 0xff, 0xff, 0xff, 0xff, 0xff, 0xff, 0xff, 0xff, 0xff, 0xff, 0xff, 0xff, 
0xff, 0xff, 0xff, 0xff, 0xff, 0xff, 0xff, 0xff, 0xff, 0xff, 0xff, 0xff, 0xff, 0xff, 0xff, 0xff, 
0xff, 0xff, 0xff, 0xff, 0xff, 0xff, 0xff, 0xff, 0xff, 0xff, 0xff, 0xff, 0xff, 0xff, 0xff, 0xff, 
0xff, 0xff, 0xff, 0xff, 0xff, 0xff, 0xff, 0xff, 0xff, 0xff, 0xff, 0xff, 0xff, 0xff, 0xff, 0xff, 
0xdf, 0xff, 0x1a, 0x9f, 0xd1, 0x05, 0xd2, 0x05, 0xd2, 0x05, 0xd2, 0x05, 0xd1, 0x05, 0xd2, 0x05, 
0xd2, 0x05, 0xd2, 0x05, 0xd1, 0x05, 0xd2, 0x05, 0xd2, 0x05, 0xd2, 0x05, 0xd1, 0x05, 0xd2, 0x05, 
0xd2, 0x05, 0x34, 0x36, 0x7c, 0xc7, 0xff, 0xff, 0xff, 0xff, 0xff, 0xff, 0xff, 0xff, 0xff, 0xff, 
0xff, 0xff, 0xff, 0xff, 0xff, 0xff, 0xff, 0xff, 0xff, 0xff, 0xff, 0xff, 0xff, 0xff, 0xff, 0xff, 
0xff, 0xff, 0xff, 0xff, 0xff, 0xff, 0xff, 0xff, 0xff, 0xff, 0xff, 0xff, 0xff, 0xff, 0xff, 0xff, 
0xff, 0xff, 0xff, 0xff, 0xff, 0xff, 0xff, 0xff, 0xff, 0xff, 0xff, 0xff, 0xff, 0xff, 0xff, 0xff, 
0xb7, 0x6e, 0xd2, 0x05, 0xd1, 0x05, 0xd2, 0x05, 0xd2, 0x05, 0xd2, 0x05, 0xd1, 0x05, 0xd2, 0x05, 
0xd2, 0x05, 0xd2, 0x05, 0xd1, 0x05, 0xd2, 0x05, 0xd2, 0x05, 0xd2, 0x05, 0xd1, 0x05, 0xd2, 0x05, 
0xf3, 0x1d, 0xff, 0xff, 0xff, 0xff, 0xff, 0xff, 0xff, 0xff, 0xff, 0xff, 0xff, 0xff, 0xff, 0xff, 
0xff, 0xff, 0xff, 0xff, 0xff, 0xff, 0xff, 0xff, 0xff, 0xff, 0xff, 0xff, 0xff, 0xff, 0xff, 0xff, 
0xff, 0xff, 0xff, 0xff, 0xff, 0xff, 0xff, 0xff, 0xff, 0xff, 0xff, 0xff, 0xff, 0xff, 0xff, 0xff, 
0xff, 0xff, 0xff, 0xff, 0xff, 0xff, 0xff, 0xff, 0xff, 0xff, 0xff, 0xff, 0xff, 0xff, 0xff, 0xff, 
0xff, 0xff, 0xff, 0xff, 0xff, 0xff, 0xff, 0xff, 0xff, 0xff, 0xff, 0xff, 0x7c, 0xc7, 0xd2, 0x05, 
0xd2, 0x05, 0xd2, 0x05, 0xd2, 0x05, 0xd2, 0x05, 0xd2, 0x05, 0xd2, 0x05, 0xd2, 0x05, 0xd2, 0x05, 
0xd2, 0x05, 0xd2, 0x05, 0xd2, 0x05, 0xd2, 0x05, 0xd2, 0x05, 0xd2, 0x05, 0xd2, 0x05, 0xd2, 0x05, 
0x97, 0x5e, 0x9d, 0xd7, 0xff, 0xff, 0xff, 0xff, 0xff, 0xff, 0xff, 0xff, 0xff, 0xff, 0xff, 0xff, 
0xff, 0xff, 0xff, 0xff, 0xff, 0xff, 0xff, 0xff, 0xff, 0xff, 0xff, 0xff, 0xff, 0xff, 0xff, 0xff, 
0xff, 0xff, 0xff, 0xff, 0xff, 0xff, 0xff, 0xff, 0xff, 0xff, 0xff, 0xff, 0xff, 0xff, 0xff, 0xff, 
0xff, 0xff, 0x5c, 0xbf, 0x34, 0x2e, 0xd2, 0x05, 0xd2, 0x05, 0xd2, 0x05, 0xd2, 0x05, 0xd2, 0x05, 
0xd2, 0x05, 0xd2, 0x05, 0xd2, 0x05, 0xd2, 0x05, 0xd2, 0x05, 0xd2, 0x05, 0xd2, 0x05, 0xd2, 0x05, 
0xd2, 0x05, 0xd2, 0x05, 0xd2, 0x05, 0xb7, 0x6e, 0xff, 0xff, 0xff, 0xff, 0xff, 0xff, 0xff, 0xff, 
0xff, 0xff, 0xff, 0xff, 0xff, 0xff, 0xff, 0xff, 0xff, 0xff, 0xff, 0xff, 0xff, 0xff, 0xff, 0xff, 
0xff, 0xff, 0xff, 0xff, 0xff, 0xff, 0xff, 0xff, 0xff, 0xff, 0xff, 0xff, 0xff, 0xff, 0xff, 0xff, 
0xff, 0xff, 0xff, 0xff, 0xff, 0xff, 0xff, 0xff, 0xff, 0xff, 0xff, 0xff, 0xff, 0xff, 0xff, 0xff, 
0xff, 0xff, 0xff, 0xff, 0xff, 0xff, 0xff, 0xff, 0xff, 0xff, 0xff, 0xff, 0xff, 0xff, 0xff, 0xff, 
0xff, 0xff, 0xff, 0xff, 0xff, 0xff, 0xff, 0xff, 0xd1, 0x05, 0xd2, 0x05, 0xd2, 0x05, 0xd2, 0x05, 
0xd1, 0x05, 0xd2, 0x05, 0xd2, 0x05, 0xd2, 0x05, 0xd1, 0x05, 0xd2, 0x05, 0xd2, 0x05, 0xd2, 0x05, 
0xd1, 0x05, 0xd2, 0x05, 0xd2, 0x05, 0xd2, 0x05, 0xd1, 0x05, 0xd2, 0x05, 0xd2, 0x05, 0xf3, 0x0d, 
0xd8, 0x76, 0x9d, 0xd7, 0xff, 0xff, 0xff, 0xff, 0xff, 0xff, 0xff, 0xff, 0xff, 0xff, 0xff, 0xff, 
0xff, 0xff, 0xff, 0xff, 0xff, 0xff, 0xff, 0xff, 0xff, 0xff, 0xff, 0xff, 0xff, 0xff, 0xff, 0xff, 
0xde, 0xf7, 0x7c, 0xc7, 0x97, 0x66, 0xd2, 0x05, 0xd1, 0x05, 0xd2, 0x05, 0xd2, 0x05, 0xd2, 0x05, 
0xd1, 0x05, 0xd2, 0x05, 0xd2, 0x05, 0xd2, 0x05, 0xd1, 0x05, 0xd2, 0x05, 0xd2, 0x05, 0xd2, 0x05, 
0xd1, 0x05, 0xd2, 0x05, 0xd2, 0x05, 0xd2, 0x05, 0xd1, 0x05, 0xd2, 0x05, 0x7c, 0xc7, 0xff, 0xff, 
0xff, 0xff, 0xff, 0xff, 0xff, 0xff, 0xff, 0xff, 0xff, 0xff, 0xff, 0xff, 0xff, 0xff, 0xff, 0xff, 
0xff, 0xff, 0xff, 0xff, 0xff, 0xff, 0xff, 0xff, 0xff, 0xff, 0xff, 0xff, 0xff, 0xff, 0xff, 0xff, 
0xff, 0xff, 0xff, 0xff, 0xff, 0xff, 0xff, 0xff, 0xff, 0xff, 0xff, 0xff, 0xff, 0xff, 0xff, 0xff, 
0xff, 0xff, 0xff, 0xff, 0xff, 0xff, 0xff, 0xff, 0xff, 0xff, 0xff, 0xff, 0xff, 0xff, 0xff, 0xff, 
0xff, 0xff, 0xff, 0xff, 0xff, 0xff, 0xff, 0xff, 0xff, 0xff, 0xff, 0xff, 0xff, 0xff, 0xff, 0xff, 
0xff, 0xff, 0x76, 0x56, 0xd2, 0x05, 0xd2, 0x05, 0xd2, 0x05, 0xd2, 0x05, 0xd2, 0x05, 0xd2, 0x05, 
0xd2, 0x05, 0xd2, 0x05, 0xd2, 0x05, 0xd2, 0x05, 0xd2, 0x05, 0xd2, 0x05, 0xd2, 0x05, 0xd2, 0x05, 
0xd2, 0x05, 0xd2, 0x05, 0xd2, 0x05, 0xd2, 0x05, 0xd2, 0x05, 0xd2, 0x05, 0xd2, 0x05, 0xd2, 0x05, 
0xd2, 0x05, 0xd2, 0x05, 0xf3, 0x0d, 0x34, 0x36, 0x97, 0x66, 0xd8, 0x7e, 0xb8, 0x6e, 0x76, 0x56, 
0x75, 0x46, 0xd2, 0x05, 0xd2, 0x05, 0xd2, 0x05, 0xd2, 0x05, 0xd2, 0x05, 0xd2, 0x05, 0xd2, 0x05, 
0xd2, 0x05, 0xd2, 0x05, 0xd2, 0x05, 0xd2, 0x05, 0xd2, 0x05, 0xd2, 0x05, 0xd2, 0x05, 0xd2, 0x05, 
0xd2, 0x05, 0xd2, 0x05, 0xd2, 0x05, 0xd2, 0x05, 0xd2, 0x05, 0xd2, 0x05, 0xd2, 0x05, 0xd2, 0x05, 
0x13, 0x1e, 0xff, 0xff, 0xff, 0xff, 0xff, 0xff, 0xff, 0xff, 0xff, 0xff, 0xff, 0xff, 0xff, 0xff, 
0xff, 0xff, 0xff, 0xff, 0xff, 0xff, 0xff, 0xff, 0xff, 0xff, 0xff, 0xff, 0xff, 0xff, 0xff, 0xff, 
0xff, 0xff, 0xff, 0xff, 0xff, 0xff, 0xff, 0xff, 0xff, 0xff, 0xff, 0xff, 0xff, 0xff, 0xff, 0xff, 
0xff, 0xff, 0xff, 0xff, 0xff, 0xff, 0xff, 0xff, 0xff, 0xff, 0xff, 0xff, 0xff, 0xff, 0xff, 0xff, 
0xff, 0xff, 0xff, 0xff, 0xff, 0xff, 0xff, 0xff, 0xff, 0xff, 0xff, 0xff, 0xff, 0xff, 0xff, 0xff, 
0xff, 0xff, 0xff, 0xff, 0xff, 0xff, 0xff, 0xff, 0xff, 0xff, 0xff, 0xff, 0x9c, 0xcf, 0xd2, 0x05, 
0xd2, 0x05, 0xd2, 0x05, 0xd1, 0x05, 0xd2, 0x05, 0xd2, 0x05, 0xd2, 0x05, 0xd1, 0x05, 0xd2, 0x05, 
0xd2, 0x05, 0xd2, 0x05, 0xd1, 0x05, 0xd2, 0x05, 0xd2, 0x05, 0xd2, 0x05, 0xd1, 0x05, 0xd2, 0x05, 
0xd2, 0x05, 0xd2, 0x05, 0xd1, 0x05, 0xd2, 0x05, 0xd2, 0x05, 0xd2, 0x05, 0xd1, 0x05, 0xd2, 0x05, 
0xd2, 0x05, 0xd2, 0x05, 0xd1, 0x05, 0xd2, 0x05, 0xd2, 0x05, 0xd2, 0x05, 0xd1, 0x05, 0xd2, 0x05, 
0xd2, 0x05, 0xd2, 0x05, 0xd1, 0x05, 0xd2, 0x05, 0xd2, 0x05, 0xd2, 0x05, 0xd1, 0x05, 0xd2, 0x05, 
0xd2, 0x05, 0xd2, 0x05, 0xd1, 0x05, 0xd2, 0x05, 0xd2, 0x05, 0xd2, 0x05, 0xd1, 0x05, 0xd2, 0x05, 
0xd2, 0x05, 0xd2, 0x05, 0xd1, 0x05, 0x3a, 0xa7, 0xff, 0xff, 0xff, 0xff, 0xff, 0xff, 0xff, 0xff, 
0xff, 0xff, 0xff, 0xff, 0xff, 0xff, 0xff, 0xff, 0xff, 0xff, 0xff, 0xff, 0xff, 0xff, 0xff, 0xff, 
0xff, 0xff, 0xff, 0xff, 0xff, 0xff, 0xff, 0xff, 0xff, 0xff, 0xff, 0xff, 0xff, 0xff, 0xff, 0xff, 
0xff, 0xff, 0xff, 0xff, 0xff, 0xff, 0xff, 0xff, 0xff, 0xff, 0xff, 0xff, 0xff, 0xff, 0xff, 0xff, 
0xff, 0xff, 0xff, 0xff, 0xff, 0xff, 0xff, 0xff, 0xff, 0xff, 0xff, 0xff, 0xff, 0xff, 0xff, 0xff, 
0xff, 0xff, 0xff, 0xff, 0xff, 0xff, 0xff, 0xff, 0xff, 0xff, 0xff, 0xff, 0xff, 0xff, 0xff, 0xff, 
0xff, 0xff, 0xff, 0xff, 0xff, 0xff, 0xff, 0xff, 0x3a, 0x9f, 0xd2, 0x05, 0xd2, 0x05, 0xd2, 0x05, 
0xd2, 0x05, 0xd2, 0x05, 0xd2, 0x05, 0xd2, 0x05, 0xd2, 0x05, 0xd2, 0x05, 0xd2, 0x05, 0xd2, 0x05, 
0xd2, 0x05, 0xd2, 0x05, 0xd2, 0x05, 0xd2, 0x05, 0xd2, 0x05, 0xd2, 0x05, 0xd2, 0x05, 0xd2, 0x05, 
0xd2, 0x05, 0xd2, 0x05, 0xd2, 0x05, 0xd2, 0x05, 0xd2, 0x05, 0xd2, 0x05, 0xd2, 0x05, 0xd2, 0x05, 
0xd2, 0x05, 0xd2, 0x05, 0xd2, 0x05, 0xd2, 0x05, 0xd2, 0x05, 0xd2, 0x05, 0xd2, 0x05, 0xd2, 0x05, 
0xd2, 0x05, 0xd2, 0x05, 0xd2, 0x05, 0xd2, 0x05, 0xd2, 0x05, 0xd2, 0x05, 0xd2, 0x05, 0xd2, 0x05, 
0xd2, 0x05, 0xd2, 0x05, 0xd2, 0x05, 0xd2, 0x05, 0xd2, 0x05, 0x76, 0x56, 0xff, 0xff, 0xff, 0xff, 
0xff, 0xff, 0xff, 0xff, 0xff, 0xff, 0xff, 0xff, 0xff, 0xff, 0xff, 0xff, 0xff, 0xff, 0xff, 0xff, 
0xff, 0xff, 0xff, 0xff, 0xff, 0xff, 0xff, 0xff, 0xff, 0xff, 0xff, 0xff, 0xff, 0xff, 0xff, 0xff, 
0xff, 0xff, 0xff, 0xff, 0xff, 0xff, 0xff, 0xff, 0xff, 0xff, 0xff, 0xff, 0xff, 0xff, 0xff, 0xff, 
0xff, 0xff, 0xff, 0xff, 0xff, 0xff, 0xff, 0xff, 0xff, 0xff, 0xff, 0xff, 0xff, 0xff, 0xff, 0xff, 
0xff, 0xff, 0xff, 0xff, 0xff, 0xff, 0xff, 0xff, 0xff, 0xff, 0xff, 0xff, 0xff, 0xff, 0xff, 0xff, 
0xff, 0xff, 0xff, 0xff, 0xff, 0xff, 0xff, 0xff, 0xff, 0xff, 0xff, 0xff, 0xff, 0xff, 0xff, 0xff, 
0xff, 0xff, 0xff, 0xff, 0x97, 0x66, 0xd2, 0x05, 0xd1, 0x05, 0xd2, 0x05, 0xd2, 0x05, 0xd2, 0x05, 
0xd1, 0x05, 0xd2, 0x05, 0xd2, 0x05, 0xd2, 0x05, 0xd1, 0x05, 0xd2, 0x05, 0xd2, 0x05, 0xd2, 0x05, 
0xd1, 0x05, 0xd2, 0x05, 0xd2, 0x05, 0xd2, 0x05, 0xd1, 0x05, 0xd2, 0x05, 0xd2, 0x05, 0xd2, 0x05, 
0xd1, 0x05, 0xd2, 0x05, 0xd2, 0x05, 0xd2, 0x05, 0xd1, 0x05, 0xd2, 0x05, 0xd2, 0x05, 0xd2, 0x05, 
0xd1, 0x05, 0xd2, 0x05, 0xd2, 0x05, 0xd2, 0x05, 0xd1, 0x05, 0xd2, 0x05, 0xd2, 0x05, 0xd2, 0x05, 
0xd1, 0x05, 0xd2, 0x05, 0xd2, 0x05, 0xd2, 0x05, 0xd1, 0x05, 0xd2, 0x05, 0xd2, 0x05, 0x13, 0x1e, 
0xbe, 0xe7, 0xff, 0xff, 0xff, 0xff, 0xff, 0xff, 0xff, 0xff, 0xff, 0xff, 0xff, 0xff, 0xff, 0xff, 
0xff, 0xff, 0xff, 0xff, 0xff, 0xff, 0xff, 0xff, 0xff, 0xff, 0xff, 0xff, 0xff, 0xff, 0xff, 0xff, 
0xff, 0xff, 0xff, 0xff, 0xff, 0xff, 0xff, 0xff, 0xff, 0xff, 0xff, 0xff, 0xff, 0xff, 0xff, 0xff, 
0xff, 0xff, 0xff, 0xff, 0xff, 0xff, 0xff, 0xff, 0xff, 0xff, 0xff, 0xff, 0xff, 0xff, 0xff, 0xff, 
0xff, 0xff, 0xff, 0xff, 0xff, 0xff, 0xff, 0xff, 0xff, 0xff, 0xff, 0xff, 0xff, 0xff, 0xff, 0xff, 
0xff, 0xff, 0xff, 0xff, 0xff, 0xff, 0xff, 0xff, 0xff, 0xff, 0xff, 0xff, 0xff, 0xff, 0xff, 0xff, 
0xff, 0xff, 0xff, 0xff, 0xff, 0xff, 0xff, 0xff, 0xff, 0xff, 0xff, 0xff, 0xff, 0xff, 0xff, 0xff, 
0xd8, 0x76, 0xd2, 0x05, 0xd2, 0x05, 0xd2, 0x05, 0xd2, 0x05, 0xd2, 0x05, 0xd2, 0x05, 0xd2, 0x05, 
0xd2, 0x05, 0xd2, 0x05, 0xd2, 0x05, 0xd2, 0x05, 0xd2, 0x05, 0xd2, 0x05, 0xd2, 0x05, 0xd2, 0x05, 
0xd2, 0x05, 0xd2, 0x05, 0xd2, 0x05, 0xd2, 0x05, 0xd2, 0x05, 0xd2, 0x05, 0xd2, 0x05, 0xd2, 0x05, 
0xd2, 0x05, 0xd2, 0x05, 0xd2, 0x05, 0xd2, 0x05, 0xd2, 0x05, 0xd2, 0x05, 0xd2, 0x05, 0xd2, 0x05, 
0xd2, 0x05, 0xd2, 0x05, 0xd2, 0x05, 0xd2, 0x05, 0xd2, 0x05, 0xd2, 0x05, 0xd2, 0x05, 0xd2, 0x05, 
0xd2, 0x05, 0x13, 0x1e, 0xde, 0xe7, 0xff, 0xff, 0xff, 0xff, 0xff, 0xff, 0xff, 0xff, 0xff, 0xff, 
0xff, 0xff, 0xff, 0xff, 0xff, 0xff, 0xff, 0xff, 0xff, 0xff, 0xff, 0xff, 0xff, 0xff, 0xff, 0xff, 
0xff, 0xff, 0xff, 0xff, 0xff, 0xff, 0xff, 0xff, 0xff, 0xff, 0xff, 0xff, 0xff, 0xff, 0xff, 0xff, 
0xff, 0xff, 0xff, 0xff, 0xff, 0xff, 0xff, 0xff, 0xff, 0xff, 0xff, 0xff, 0xff, 0xff, 0xff, 0xff, 
0xff, 0xff, 0xff, 0xff, 0xff, 0xff, 0xff, 0xff, 0xff, 0xff, 0xff, 0xff, 0xff, 0xff, 0xff, 0xff, 
0xff, 0xff, 0xff, 0xff, 0xff, 0xff, 0xff, 0xff, 0xff, 0xff, 0xff, 0xff, 0xff, 0xff, 0xff, 0xff, 
0xff, 0xff, 0xff, 0xff, 0xff, 0xff, 0xff, 0xff, 0xff, 0xff, 0xff, 0xff, 0xff, 0xff, 0xff, 0xff, 
0xff, 0xff, 0xff, 0xff, 0xff, 0xff, 0xff, 0xff, 0xff, 0xff, 0xff, 0xff, 0xd8, 0x7e, 0xd2, 0x05, 
0xd2, 0x05, 0xd2, 0x05, 0xd1, 0x05, 0xd2, 0x05, 0xd2, 0x05, 0xd2, 0x05, 0xd1, 0x05, 0xd2, 0x05, 
0xd2, 0x05, 0xd2, 0x05, 0xd1, 0x05, 0xd2, 0x05, 0xd2, 0x05, 0xd2, 0x05, 0xd1, 0x05, 0xd2, 0x05, 
0xd2, 0x05, 0xd2, 0x05, 0xd1, 0x05, 0xd2, 0x05, 0xd2, 0x05, 0xd2, 0x05, 0xd1, 0x05, 0xd2, 0x05, 
0xd2, 0x05, 0xd2, 0x05, 0xd1, 0x05, 0xd2, 0x05, 0xd2, 0x05, 0xd2, 0x05, 0xd1, 0x05, 0xd2, 0x05, 
0xd2, 0x05, 0xd2, 0x05, 0xd1, 0x05, 0x55, 0x3e, 0xbd, 0xe7, 0xff, 0xff, 0xff, 0xff, 0xff, 0xff, 
0xff, 0xff, 0xff, 0xff, 0xff, 0xff, 0xff, 0xff, 0xff, 0xff, 0xff, 0xff, 0xff, 0xff, 0xff, 0xff, 
0xff, 0xff, 0xff, 0xff, 0xff, 0xff, 0xff, 0xff, 0xff, 0xff, 0xff, 0xff, 0xff, 0xff, 0xff, 0xff, 
0xff, 0xff, 0xff, 0xff, 0xff, 0xff, 0xff, 0xff, 0xff, 0xff, 0xff, 0xff, 0xff, 0xff, 0xff, 0xff, 
0xff, 0xff, 0xff, 0xff, 0xff, 0xff, 0xff, 0xff, 0xff, 0xff, 0xff, 0xff, 0xff, 0xff, 0xff, 0xff, 
0xff, 0xff, 0xff, 0xff, 0xff, 0xff, 0xff, 0xff, 0xff, 0xff, 0xff, 0xff, 0xff, 0xff, 0xff, 0xff, 
0xff, 0xff, 0xff, 0xff, 0xff, 0xff, 0xff, 0xff, 0xff, 0xff, 0xff, 0xff, 0xff, 0xff, 0xff, 0xff, 
0xff, 0xff, 0xff, 0xff, 0xff, 0xff, 0xff, 0xff, 0xff, 0xff, 0xff, 0xff, 0xff, 0xff, 0xff, 0xff, 
0xff, 0xff, 0xff, 0xff, 0xff, 0xff, 0xff, 0xff, 0xff, 0xff, 0xd8, 0x7e, 0xd2, 0x05, 0xd2, 0x05, 
0xd2, 0x05, 0xd2, 0x05, 0xd2, 0x05, 0xd2, 0x05, 0xd2, 0x05, 0xd2, 0x05, 0xd2, 0x05, 0xd2, 0x05, 
0xd2, 0x05, 0xd2, 0x05, 0xd2, 0x05, 0xd2, 0x05, 0xd2, 0x05, 0xd2, 0x05, 0xd2, 0x05, 0xd2, 0x05, 
0xd2, 0x05, 0xd2, 0x05, 0xd2, 0x05, 0xd2, 0x05, 0xd2, 0x05, 0xd2, 0x05, 0xd2, 0x05, 0xd2, 0x05, 
0xd2, 0x05, 0xd2, 0x05, 0xd2, 0x05, 0xd2, 0x05, 0x76, 0x4e, 0x9d, 0xd7, 0xff, 0xff, 0xff, 0xff, 
0xff, 0xff, 0xff, 0xff, 0xff, 0xff, 0xff, 0xff, 0xff, 0xff, 0xff, 0xff, 0xff, 0xff, 0xff, 0xff, 
0xff, 0xff, 0xff, 0xff, 0xff, 0xff, 0xff, 0xff, 0xff, 0xff, 0xff, 0xff, 0xff, 0xff, 0xff, 0xff, 
0xff, 0xff, 0xff, 0xff, 0xff, 0xff, 0xff, 0xff, 0xff, 0xff, 0xff, 0xff, 0xff, 0xff, 0xff, 0xff, 
0xff, 0xff, 0xff, 0xff, 0xff, 0xff, 0xff, 0xff, 0xff, 0xff, 0xff, 0xff, 0xff, 0xff, 0xff, 0xff, 
0xff, 0xff, 0xff, 0xff, 0xff, 0xff, 0xff, 0xff, 0xff, 0xff, 0xff, 0xff, 0xff, 0xff, 0xff, 0xff, 
0xff, 0xff, 0xff, 0xff, 0xff, 0xff, 0xff, 0xff, 0xff, 0xff, 0xff, 0xff, 0xff, 0xff, 0xff, 0xff, 
0xff, 0xff, 0xff, 0xff, 0xff, 0xff, 0xff, 0xff, 0xff, 0xff, 0xff, 0xff, 0xff, 0xff, 0xff, 0xff, 
0xff, 0xff, 0xff, 0xff, 0xff, 0xff, 0xff, 0xff, 0xff, 0xff, 0xff, 0xff, 0xff, 0xff, 0xff, 0xff, 
0xff, 0xff, 0xff, 0xff, 0xff, 0xff, 0xff, 0xff, 0x3a, 0xa7, 0x34, 0x2e, 0xd2, 0x05, 0xd2, 0x05, 
0xd1, 0x05, 0xd2, 0x05, 0xd2, 0x05, 0xd2, 0x05, 0xd1, 0x05, 0xd2, 0x05, 0xd2, 0x05, 0xd2, 0x05, 
0xd1, 0x05, 0xd2, 0x05, 0xd2, 0x05, 0xd2, 0x05, 0xd1, 0x05, 0xd2, 0x05, 0xd2, 0x05, 0xd2, 0x05, 
0xd1, 0x05, 0xd2, 0x05, 0xd2, 0x05, 0xd2, 0x05, 0xd1, 0x05, 0xf9, 0x86, 0xde, 0xf7, 0xff, 0xff, 
0xff, 0xff, 0xff, 0xff, 0xff, 0xff, 0xff, 0xff, 0xff, 0xff, 0xff, 0xff, 0xff, 0xff, 0xff, 0xff, 
0xff, 0xff, 0xff, 0xff, 0xff, 0xff, 0xff, 0xff, 0xff, 0xff, 0xff, 0xff, 0xff, 0xff, 0xff, 0xff, 
0xff, 0xff, 0xff, 0xff, 0xff, 0xff, 0xff, 0xff, 0xff, 0xff, 0xff, 0xff, 0xff, 0xff, 0xff, 0xff, 
0xff, 0xff, 0xff, 0xff, 0xff, 0xff, 0xff, 0xff, 0xff, 0xff, 0xff, 0xff, 0xff, 0xff, 0xff, 0xff, 
0xff, 0xff, 0xff, 0xff, 0xff, 0xff, 0xff, 0xff, 0xff, 0xff, 0xff, 0xff, 0xff, 0xff, 0xff, 0xff, 
0xff, 0xff, 0xff, 0xff, 0xff, 0xff, 0xff, 0xff, 0xff, 0xff, 0xff, 0xff, 0xff, 0xff, 0xff, 0xff, 
0xff, 0xff, 0xff, 0xff, 0xff, 0xff, 0xff, 0xff, 0xff, 0xff, 0xff, 0xff, 0xff, 0xff, 0xff, 0xff, 
0xff, 0xff, 0xff, 0xff, 0xff, 0xff, 0xff, 0xff, 0xff, 0xff, 0xff, 0xff, 0xff, 0xff, 0xff, 0xff, 
0xff, 0xff, 0xff, 0xff, 0xff, 0xff, 0xff, 0xff, 0xff, 0xff, 0xff, 0xff, 0xff, 0xff, 0xff, 0xff, 
0xff, 0xff, 0xff, 0xff, 0xff, 0xff, 0xff, 0xff, 0x7c, 0xc7, 0xd8, 0x7e, 0x55, 0x46, 0xd2, 0x05, 
0xd2, 0x05, 0xd2, 0x05, 0xd2, 0x05, 0xd2, 0x05, 0xd2, 0x05, 0xd2, 0x05, 0xd2, 0x05, 0xd2, 0x05, 
0xd2, 0x05, 0xd2, 0x05, 0xd2, 0x05, 0x14, 0x26, 0xb8, 0x6e, 0x3a, 0xaf, 0xde, 0xef, 0xff, 0xff, 
0xff, 0xff, 0xff, 0xff, 0xff, 0xff, 0xff, 0xff, 0xff, 0xff, 0xff, 0xff, 0xff, 0xff, 0xff, 0xff, 
0xff, 0xff, 0xff, 0xff, 0xff, 0xff, 0xff, 0xff, 0xff, 0xff, 0xff, 0xff, 0xff, 0xff, 0xff, 0xff, 
0xff, 0xff, 0xff, 0xff, 0xff, 0xff, 0xff, 0xff, 0xff, 0xff, 0xff, 0xff, 0xff, 0xff, 0xff, 0xff, 
0xff, 0xff, 0xff, 0xff, 0xff, 0xff, 0xff, 0xff, 0xff, 0xff, 0xff, 0xff, 0xff, 0xff, 0xff, 0xff, 
0xff, 0xff, 0xff, 0xff, 0xff, 0xff, 0xff, 0xff, 0xff, 0xff, 0xff, 0xff, 0xff, 0xff, 0xff, 0xff, 
0xff, 0xff, 0xff, 0xff, 0xff, 0xff, 0xff, 0xff, 0xff, 0xff, 0xff, 0xff, 0xff, 0xff, 0xff, 0xff, 
0xff, 0xff, 0xff, 0xff, 0xff, 0xff, 0xff, 0xff, 0xff, 0xff, 0xff, 0xff, 0xff, 0xff, 0xff, 0xff, 
0xff, 0xff, 0xff, 0xff, 0xff, 0xff, 0xff, 0xff, 0xff, 0xff, 0xff, 0xff, 0xff, 0xff, 0xff, 0xff, 
0xff, 0xff, 0xff, 0xff, 0xff, 0xff, 0xff, 0xff, 0xff, 0xff, 0xff, 0xff, 0xff, 0xff, 0xff, 0xff, 
0xff, 0xff, 0xff, 0xff, 0xff, 0xff, 0xff, 0xff, 0xff, 0xff, 0xff, 0xff, 0xff, 0xff, 0xff, 0xff, 
0xff, 0xff, 0xff, 0xff, 0xff, 0xff, 0xff, 0xff, 0xff, 0xff, 0xff, 0xff, 0xff, 0xff, 0xff, 0xff, 
0xff, 0xff, 0xff, 0xff, 0xff, 0xff, 0xff, 0xff, 0xff, 0xff, 0xff, 0xff, 0xff, 0xff, 0xff, 0xff, 
0xff, 0xff, 0xff, 0xff, 0xff, 0xff, 0xff, 0xff, 0xff, 0xff, 0xff, 0xff, 0xff, 0xff, 0xff, 0xff, 
0xff, 0xff, 0xff, 0xff, 0xff, 0xff, 0xff, 0xff, 0xff, 0xff, 0xff, 0xff, 0xff, 0xff, 0xff, 0xff, 
0xff, 0xff, 0xff, 0xff, 0xff, 0xff, 0xff, 0xff, 0xff, 0xff, 0xff, 0xff, 0xff, 0xff, 0xff, 0xff, 
0xff, 0xff, 0xff, 0xff, 0xff, 0xff, 0xff, 0xff, 0xff, 0xff, 0xff, 0xff, 0xff, 0xff, 0xff, 0xff, 
0xff, 0xff, 0xff, 0xff, 0xff, 0xff, 0xff, 0xff, 0xff, 0xff, 0xff, 0xff, 0xff, 0xff, 0xff, 0xff, 
0xff, 0xff, 0xff, 0xff, 0xff, 0xff, 0xff, 0xff, 0xff, 0xff, 0xff, 0xff, 0xff, 0xff, 0xff, 0xff, 
0xff, 0xff, 0xff, 0xff, 0xff, 0xff, 0xff, 0xff, 0xff, 0xff, 0xff, 0xff, 0xff, 0xff, 0xff, 0xff, 
0xff, 0xff, 0xff, 0xff, 0xff, 0xff, 0xff, 0xff, 0xff, 0xff, 0xff, 0xff, 0xff, 0xff, 0xff, 0xff, 
0xff, 0xff, 0xff, 0xff, 0xff, 0xff, 0xff, 0xff, 0xff, 0xff, 0xff, 0xff, 0xff, 0xff, 0xff, 0xff, 
0xff, 0xff, 0xff, 0xff, 0xff, 0xff, 0xff, 0xff, 0xff, 0xff, 0xff, 0xff, 0xff, 0xff, 0xff, 0xff, 
0xff, 0xff, 0xff, 0xff, 0xff, 0xff, 0xff, 0xff, 0xff, 0xff, 0xff, 0xff, 0xff, 0xff, 0xff, 0xff, 
0xff, 0xff, 0xff, 0xff, 0xff, 0xff, 0xff, 0xff, 0xff, 0xff, 0xff, 0xff, 0xff, 0xff, 0xff, 0xff, 
0xff, 0xff, 0xff, 0xff, 0xff, 0xff, 0xff, 0xff, 0xff, 0xff, 0xff, 0xff, 0xff, 0xff, 0xff, 0xff, 
0xff, 0xff, 0xff, 0xff, 0xff, 0xff, 0xff, 0xff, 0xff, 0xff, 0xff, 0xff, 0xff, 0xff, 0xff, 0xff, 
0xff, 0xff, 0xff, 0xff, 0xff, 0xff, 0xff, 0xff, 0xff, 0xff, 0xff, 0xff, 0xff, 0xff, 0xff, 0xff, 
0xff, 0xff, 0xff, 0xff, 0xff, 0xff, 0xff, 0xff, 0xff, 0xff, 0xff, 0xff, 0xff, 0xff, 0xff, 0xff, 
0xff, 0xff, 0xff, 0xff, 0xff, 0xff, 0xff, 0xff, 0xff, 0xff, 0xff, 0xff, 0xff, 0xff, 0xff, 0xff, 
0xff, 0xff, 0xff, 0xff, 0xff, 0xff, 0xff, 0xff, 0xff, 0xff, 0xff, 0xff, 0xff, 0xff, 0xff, 0xff, 
};

const lv_img_dsc_t image_standby = {
  .header.cf = LV_IMG_CF_TRUE_COLOR,
  .header.always_zero = 0,
  .header.reserved = 0,
  .header.w = 100,
  .header.h = 100,
  .data_size = sizeof(img_standby_map),
  .data = img_standby_map,
};
